ISO,Country,Data source,Sector,Gas,Unit,2022,2021,2020,2019,2018,2017,2016,2015,2014,2013,2012,2011,2010,2009,2008,2007,2006,2005,2004,2003,2002,2001,2000,1999,1998,1997,1996,1995,1994,1993,1992,1991,1990
AFG,Afghanistan,Climate Watch,Total excluding LUCF,All GHG,MtCO₂e,30.56,30.65,31.92,30.98,30.74,29.59,28.95,29.9,29.83,29.54,30.34,32.1,28.49,24.22,21.49,18.51,17.78,17.32,16.08,16.47,15.69,12.83,14.68,16.6,15.62,14.75,13.73,12.61,12.17,12.02,11.76,12.2,13.65
AFG,Afghanistan,Climate Watch,Total including LUCF,All GHG,MtCO₂e,30.72,30.81,32.08,31.14,30.89,29.75,29.11,29.66,29.58,29.3,30.09,31.86,28.61,24.35,21.61,18.63,17.9,17.45,16.21,16.59,15.81,12.96,12.29,14.21,13.23,12.36,11.34,10.22,9.78,9.64,9.37,9.81,11.26
AFG,Afghanistan,Climate Watch,Energy,All GHG,MtCO₂e,10.18,10.5,11.74,11.1,10.84,9.92,9.2,10.03,9.32,9.51,10.35,12.12,8.72,6.63,4.45,2.92,2.34,2.03,1.36,1.72,1.47,1.16,1.24,1.24,1.44,1.47,1.53,1.57,1.68,1.71,1.71,2.29,4.07
AFG,Afghanistan,Climate Watch,Industrial Processes,All GHG,MtCO₂e,0.35,0.33,0.36,0.32,0.31,0.28,0.29,0.23,0.21,0.21,0.19,0.17,0.16,0.14,0.13,0.11,0.1,0.08,0.08,0.07,0.06,0.05,0.02,0.06,0.06,0.06,0.06,0.07,0.08,0.12,0.12,0.14,0.15
AFG,Afghanistan,Climate Watch,Agriculture,All GHG,MtCO₂e,16.0,15.89,16.0,15.87,15.99,15.9,16.06,16.32,17.08,16.6,16.66,16.8,16.7,14.63,14.17,12.81,12.72,12.7,12.39,12.51,12.14,9.74,11.55,13.45,12.35,11.52,10.5,9.4,8.94,8.86,8.78,8.75,8.41
AFG,Afghanistan,Climate Watch,Waste,All GHG,MtCO₂e,4.03,3.93,3.82,3.7,3.59,3.49,3.4,3.31,3.21,3.23,3.13,3.01,2.91,2.83,2.73,2.67,2.62,2.52,2.26,2.18,2.02,1.89,1.87,1.84,1.77,1.7,1.64,1.57,1.48,1.34,1.15,1.03,1.02
AFG,Afghanistan,Climate Watch,Land-Use Change and Forestry,All GHG,MtCO₂e,0.15,0.15,0.15,0.15,0.15,0.15,0.15,-0.25,-0.25,-0.25,-0.25,-0.25,0.12,0.12,0.12,0.12,0.12,0.12,0.12,0.12,0.12,0.12,-2.39,-2.39,-2.39,-2.39,-2.39,-2.39,-2.39,-2.39,-2.39,-2.39,-2.39
AFG,Afghanistan,Climate Watch,Bunker Fuels,All GHG,MtCO₂e,0.04,0.04,0.04,0.03,0.17,0.19,0.07,0.09,0.18,0.19,0.29,0.98,0.35,0.24,0.16,0.11,0.08,0.07,0.03,0.03,0.02,0.02,0.02,0.02,0.02,0.02,0.02,0.02,0.02,0.02,0.02,0.02,0.02
AFG,Afghanistan,Climate Watch,Electricity/Heat,All GHG,MtCO₂e,0.17,0.17,0.17,0.24,0.24,0.19,0.19,0.17,0.17,0.22,0.15,0.19,0.14,0.12,0.24,0.27,0.27,0.23,0.23,0.26,0.15,0.18,0.16,0.16,0.16,0.16,0.17,0.18,0.19,0.2,0.2,0.3,0.32
AFG,Afghanistan,Climate Watch,Building,All GHG,MtCO₂e,2.08,2.16,2.39,2.39,2.17,2.22,2.6,2.49,1.73,1.34,0.84,0.82,0.5,0.39,0.23,0.23,0.23,0.24,0.2,0.18,0.17,0.17,0.16,0.17,0.17,0.17,0.17,0.16,0.16,0.16,0.15,0.14,0.13
AFG,Afghanistan,Climate Watch,Manufacturing/Construction,All GHG,MtCO₂e,3.14,3.26,3.93,3.59,3.59,3.24,2.78,2.77,3.6,3.34,3.25,4.17,2.39,1.67,1.21,0.74,0.35,0.35,0.24,0.49,0.56,0.23,0.23,0.25,0.28,0.3,0.32,0.34,0.36,0.38,0.39,0.53,0.57
AFG,Afghanistan,Climate Watch,Transportation,All GHG,MtCO₂e,4.5,4.67,5.07,4.55,4.41,3.94,3.31,4.3,3.53,4.33,5.85,6.71,5.54,4.37,2.68,1.6,1.43,1.13,0.6,0.72,0.51,0.51,0.51,0.49,0.67,0.67,0.7,0.73,0.73,0.74,0.74,0.93,0.97
AFG,Afghanistan,Climate Watch,Other Fuel Combustion,All GHG,MtCO₂e,0.05,0.05,0.07,0.16,0.23,0.14,0.14,0.14,0.12,0.11,0.1,0.06,N/A,N/A,N/A,N/A,N/A,N/A,N/A,N/A,N/A,N/A,N/A,N/A,N/A,N/A,N/A,N/A,N/A,N/A,N/A,N/A,N/A
AFG,Afghanistan,Climate Watch,Fugitive Emissions,All GHG,MtCO₂e,0.24,0.18,0.11,0.19,0.2,0.18,0.19,0.17,0.18,0.17,0.17,0.17,0.16,0.08,0.09,0.09,0.07,0.07,0.07,0.08,0.07,0.08,0.17,0.17,0.17,0.17,0.17,0.16,0.23,0.23,0.23,0.39,2.07
AGO,Angola,Climate Watch,Total excluding LUCF,All GHG,MtCO₂e,93.48,92.19,89.33,99.19,95.84,105.43,109.89,111.74,105.21,104.78,101.04,101.22,100.71,96.75,96.74,91.99,84.13,83.48,81.19,78.38,72.83,69.08,68.24,69.19,69.96,65.29,64.04,61.9,57.39,54.35,51.65,50.26,49.59
AGO,Angola,Climate Watch,Total including LUCF,All GHG,MtCO₂e,139.42,141.11,139.08,152.37,143.7,160.74,160.64,164.65,157.99,158.2,156.56,155.93,156.86,151.04,148.47,142.06,134.17,136.59,133.3,128.47,121.73,118.63,92.63,99.08,101.29,91.16,91.81,88.32,83.82,80.78,78.08,76.69,76.01
AGO,Angola,Climate Watch,Energy,All GHG,MtCO₂e,52.98,51.78,49.47,57.88,58.83,64.89,69.28,71.22,66.2,65.06,63.04,61.85,62.8,60.48,60.53,54.12,48.75,45.5,43.38,40.51,39.55,38.17,38.85,40.69,39.28,37.53,35.98,31.2,26.62,23.62,20.85,19.7,19.12
AGO,Angola,Climate Watch,Industrial Processes,All GHG,MtCO₂e,4.05,3.86,3.71,3.53,3.2,2.97,3.26,3.57,3.46,2.99,2.52,2.08,1.84,1.81,1.66,1.38,1.23,1.07,0.75,0.62,0.47,0.35,0.1,0.1,0.16,0.14,0.13,0.1,0.11,0.12,0.14,0.12,0.12
AGO,Angola,Climate Watch,Agriculture,All GHG,MtCO₂e,34.18,34.35,34.03,35.73,31.84,35.65,35.5,35.17,33.82,35.07,33.88,35.76,34.63,33.06,33.21,35.2,32.92,35.73,35.96,36.23,31.87,29.69,28.5,27.65,29.81,26.95,27.31,30.03,30.15,30.16,30.29,30.19,30.1
AGO,Angola,Climate Watch,Waste,All GHG,MtCO₂e,2.27,2.2,2.12,2.05,1.98,1.92,1.85,1.78,1.73,1.67,1.6,1.52,1.46,1.4,1.34,1.29,1.23,1.17,1.1,1.02,0.94,0.86,0.79,0.75,0.71,0.67,0.63,0.58,0.52,0.45,0.37,0.25,0.25
AGO,Angola,Climate Watch,Land-Use Change and Forestry,All GHG,MtCO₂e,45.93,48.92,49.75,53.18,47.86,55.31,50.75,52.91,52.78,53.41,55.52,54.71,56.15,54.29,51.73,50.07,50.04,53.11,52.11,50.09,48.9,49.56,24.39,29.89,31.33,25.87,27.77,26.42,26.43,26.43,26.43,26.43,26.43
AGO,Angola,Climate Watch,Bunker Fuels,All GHG,MtCO₂e,1.52,1.54,1.5,2.0,2.01,2.04,2.04,2.59,2.51,1.93,2.18,1.39,1.56,1.2,1.32,1.23,0.82,0.91,1.31,0.81,1.34,1.56,1.44,1.2,0.68,1.07,1.06,1.22,1.35,0.94,0.84,0.92,1.06
AGO,Angola,Climate Watch,Electricity/Heat,All GHG,MtCO₂e,4.62,4.58,4.79,4.87,4.1,4.99,4.39,6.23,5.86,4.21,2.71,2.45,2.61,2.48,1.46,1.22,0.84,0.81,0.87,1.22,1.05,1.04,0.94,0.85,0.59,0.63,0.41,0.38,0.38,0.31,0.37,0.44,0.48
AGO,Angola,Climate Watch,Building,All GHG,MtCO₂e,11.83,12.11,10.14,11.01,10.26,10.3,10.02,10.27,10.69,10.96,9.72,8.15,7.7,7.43,6.82,6.13,5.69,4.67,4.96,4.88,4.79,4.74,4.58,4.75,4.46,4.33,4.29,4.0,3.92,3.73,3.76,3.76,3.65
AGO,Angola,Climate Watch,Manufacturing/Construction,All GHG,MtCO₂e,1.74,1.34,1.07,1.52,1.94,1.37,2.49,2.22,1.47,1.64,2.23,2.43,2.35,2.2,2.1,2.28,1.97,1.73,2.11,1.84,1.79,1.63,1.58,1.49,1.31,1.75,1.9,1.81,1.64,2.2,1.72,1.64,1.77
AGO,Angola,Climate Watch,Transportation,All GHG,MtCO₂e,8.49,7.25,3.99,8.09,7.09,6.86,8.08,8.15,8.11,7.86,6.89,6.4,5.8,5.88,5.31,3.97,3.36,2.53,3.52,2.79,1.51,1.23,1.1,1.18,0.85,1.08,1.01,1.09,1.57,1.24,1.21,1.28,1.04
AGO,Angola,Climate Watch,Other Fuel Combustion,All GHG,MtCO₂e,0.04,0.04,0.02,0.03,0.03,0.03,0.04,0.05,0.06,0.06,0.05,0.04,0.04,0.04,0.03,0.03,0.02,0.01,0.02,0.01,0.01,0.0,0.0,0.01,0.02,0.0,0.01,0.01,0.01,0.01,0.01,0.02,0.03
AGO,Angola,Climate Watch,Fugitive Emissions,All GHG,MtCO₂e,26.26,26.47,29.45,32.36,35.4,41.35,44.26,44.31,40.0,40.33,41.44,42.39,44.3,42.46,44.8,40.5,36.87,35.76,31.91,29.76,30.4,29.53,30.64,32.41,32.05,29.73,28.37,23.91,19.1,16.13,13.77,12.57,12.15
ALB,Albania,Climate Watch,Total excluding LUCF,All GHG,MtCO₂e,8.85,9.56,9.34,9.88,10.3,10.47,9.68,9.82,10.14,9.67,9.42,9.94,9.54,9.06,8.83,9.14,9.07,9.07,9.28,9.13,8.7,8.07,8.09,7.74,6.49,6.24,6.97,7.22,7.24,6.24,6.12,8.06,10.4
ALB,Albania,Climate Watch,Total including LUCF,All GHG,MtCO₂e,8.61,9.32,9.09,9.63,10.05,10.23,9.43,8.97,9.28,8.82,8.57,9.09,8.41,7.94,7.7,8.03,7.95,7.95,8.16,8.01,7.57,6.94,8.35,7.94,6.69,6.45,7.17,7.42,7.43,6.43,6.31,8.25,10.59
ALB,Albania,Climate Watch,Energy,All GHG,MtCO₂e,3.82,4.04,3.54,4.22,4.55,4.54,3.85,4.0,4.3,3.81,3.65,4.31,4.09,3.92,3.87,3.94,3.96,3.99,4.18,3.96,3.92,3.36,3.22,3.06,1.9,1.57,2.02,2.01,2.2,2.15,2.33,4.04,5.96
ALB,Albania,Climate Watch,Industrial Processes,All GHG,MtCO₂e,1.48,1.87,1.86,1.43,1.39,1.44,1.27,1.3,1.39,1.47,1.37,1.3,1.16,0.88,0.75,0.71,0.49,0.45,0.46,0.44,0.11,0.08,0.15,0.1,0.09,0.09,0.14,0.13,0.08,0.14,0.14,0.37,0.52
ALB,Albania,Climate Watch,Agriculture,All GHG,MtCO₂e,2.25,2.36,2.66,2.96,3.11,3.26,3.35,3.33,3.28,3.24,3.26,3.22,3.2,3.19,3.32,3.56,3.7,3.8,3.82,3.97,3.92,3.87,3.98,3.87,3.85,3.97,4.26,4.58,4.51,3.57,3.34,3.4,3.67
ALB,Albania,Climate Watch,Waste,All GHG,MtCO₂e,1.31,1.29,1.28,1.26,1.25,1.23,1.21,1.19,1.17,1.15,1.13,1.11,1.09,1.06,0.89,0.93,0.92,0.83,0.82,0.76,0.75,0.75,0.75,0.7,0.66,0.61,0.56,0.5,0.44,0.38,0.32,0.25,0.25
ALB,Albania,Climate Watch,Land-Use Change and Forestry,All GHG,MtCO₂e,-0.24,-0.24,-0.25,-0.25,-0.24,-0.24,-0.24,-0.85,-0.85,-0.85,-0.85,-0.85,-1.12,-1.12,-1.12,-1.11,-1.12,-1.12,-1.12,-1.12,-1.12,-1.12,0.26,0.2,0.2,0.22,0.2,0.19,0.19,0.19,0.19,0.19,0.19
ALB,Albania,Climate Watch,Bunker Fuels,All GHG,MtCO₂e,0.21,0.14,0.15,0.16,0.12,0.14,0.13,0.07,0.09,0.13,0.06,0.06,0.05,0.06,0.08,0.06,0.14,0.18,0.15,0.15,0.13,0.13,0.12,0.11,N/A,N/A,N/A,N/A,N/A,N/A,N/A,N/A,N/A
ALB,Albania,Climate Watch,Electricity/Heat,All GHG,MtCO₂e,0.12,0.15,0.13,0.19,0.14,0.23,0.12,0.08,0.12,0.05,0.1,0.12,0.1,0.13,0.28,0.33,0.27,0.3,0.28,0.36,0.39,0.35,0.38,0.29,0.33,0.32,0.33,0.4,0.61,0.53,0.4,0.54,0.73
ALB,Albania,Climate Watch,Building,All GHG,MtCO₂e,0.56,0.56,0.51,0.53,0.53,0.52,0.46,0.46,0.43,0.4,0.33,0.39,0.4,0.44,0.42,0.36,0.49,0.45,0.49,0.51,0.72,0.34,0.32,0.3,0.35,0.45,0.46,0.37,0.29,0.31,0.43,0.51,0.45
ALB,Albania,Climate Watch,Manufacturing/Construction,All GHG,MtCO₂e,1.05,1.21,0.99,0.92,1.29,1.1,0.61,0.68,0.92,0.59,0.65,1.12,1.04,0.78,0.5,0.64,0.68,0.45,0.55,0.51,0.43,0.54,0.48,0.49,0.4,0.24,0.46,0.49,0.46,0.54,0.76,1.42,2.15
ALB,Albania,Climate Watch,Transportation,All GHG,MtCO₂e,1.73,1.8,1.58,2.25,2.27,2.37,2.36,2.5,2.53,2.51,2.3,2.4,2.28,2.35,2.34,2.15,1.97,2.43,2.35,1.97,1.81,1.58,1.51,1.44,0.76,0.51,0.64,0.64,0.65,0.52,0.42,0.55,0.72
ALB,Albania,Climate Watch,Other Fuel Combustion,All GHG,MtCO₂e,0.28,0.29,0.3,0.3,0.3,0.3,0.27,0.26,0.28,0.25,0.25,0.26,0.25,0.2,0.32,0.45,0.54,0.35,0.49,0.6,0.56,0.54,0.53,0.53,0.05,0.04,0.12,0.08,0.17,0.23,0.29,0.98,1.83
ALB,Albania,Climate Watch,Fugitive Emissions,All GHG,MtCO₂e,0.08,0.03,0.02,0.03,0.02,0.02,0.03,0.02,0.02,0.02,0.02,0.02,0.01,0.01,0.01,0.01,0.01,0.01,0.01,0.01,0.01,0.01,0.01,0.01,0.01,0.01,0.01,0.01,0.02,0.02,0.03,0.05,0.07
AND,Andorra,Climate Watch,Total excluding LUCF,All GHG,MtCO₂e,0.57,0.56,0.53,0.63,0.64,0.61,0.6,0.6,0.59,0.61,0.62,0.62,0.65,0.65,0.67,0.68,0.68,0.68,0.65,0.62,0.61,0.59,0.59,0.57,0.55,0.52,0.51,0.48,0.45,0.46,0.45,0.45,0.44
AND,Andorra,Climate Watch,Total including LUCF,All GHG,MtCO₂e,0.57,0.56,0.53,0.63,0.64,0.61,0.6,0.6,0.59,0.61,0.62,0.62,0.65,0.65,0.67,0.68,0.68,0.68,0.65,0.62,0.61,0.59,0.59,0.57,0.55,0.52,0.51,0.48,0.45,0.46,0.45,0.45,0.44
AND,Andorra,Climate Watch,Energy,All GHG,MtCO₂e,0.42,0.41,0.38,0.49,0.5,0.47,0.47,0.47,0.46,0.48,0.49,0.49,0.52,0.52,0.54,0.54,0.55,0.58,0.56,0.53,0.53,0.52,0.52,0.51,0.49,0.47,0.45,0.43,0.41,0.41,0.41,0.41,0.41
AND,Andorra,Climate Watch,Industrial Processes,All GHG,MtCO₂e,0.02,0.02,0.02,0.02,0.02,0.02,0.02,0.02,0.02,0.02,0.02,0.02,0.02,0.02,0.02,0.02,0.02,0.02,0.01,0.01,0.01,0.01,0.01,0.01,0.01,0.01,0.01,0.0,0.0,0.0,0.0,0.0,0.0
AND,Andorra,Climate Watch,Agriculture,All GHG,MtCO₂e,0.0,0.0,0.0,0.0,0.0,0.0,0.0,0.0,0.0,0.0,0.0,0.0,0.0,0.0,0.0,0.0,0.0,0.0,0.0,0.0,0.0,0.0,0.0,0.0,0.0,0.0,0.0,0.0,0.0,0.0,0.0,0.0,0.0
AND,Andorra,Climate Watch,Waste,All GHG,MtCO₂e,0.12,0.12,0.12,0.12,0.12,0.12,0.11,0.11,0.11,0.11,0.11,0.11,0.11,0.11,0.12,0.12,0.12,0.09,0.08,0.07,0.06,0.05,0.05,0.05,0.05,0.05,0.05,0.05,0.04,0.04,0.04,0.04,0.04
AND,Andorra,Climate Watch,Land-Use Change and Forestry,All GHG,MtCO₂e,0.0,0.0,0.0,0.0,0.0,0.0,0.0,0.0,0.0,0.0,0.0,0.0,0.0,0.0,0.0,0.0,0.0,0.0,0.0,0.0,0.0,0.0,0.0,0.0,0.0,0.0,0.0,0.0,0.0,0.0,0.0,0.0,0.0
AND,Andorra,Climate Watch,Fugitive Emissions,All GHG,MtCO₂e,0.0,0.0,0.0,0.0,0.0,0.0,0.0,0.0,0.0,0.0,0.0,0.0,0.0,0.0,0.0,0.0,0.0,0.0,0.0,0.0,0.0,0.0,0.0,0.0,0.0,0.0,0.0,0.0,0.0,0.0,0.0,0.0,0.0
ARE,United Arab Emirates,Climate Watch,Total excluding LUCF,All GHG,MtCO₂e,245.26,244.12,242.06,246.52,234.43,251.33,261.61,255.3,244.46,242.32,230.51,220.49,213.45,206.06,207.91,182.51,172.34,164.79,154.96,146.12,137.2,135.44,121.78,120.7,120.05,118.01,114.56,109.9,105.08,95.59,90.94,91.95,82.98
ARE,United Arab Emirates,Climate Watch,Total including LUCF,All GHG,MtCO₂e,245.26,244.12,242.06,246.52,234.43,251.33,261.61,255.3,244.46,242.32,230.51,220.49,213.45,206.06,207.91,182.51,172.34,164.79,154.96,146.12,137.2,135.44,121.78,120.7,120.05,118.01,114.56,109.9,105.08,95.59,90.94,91.95,82.98
ARE,United Arab Emirates,Climate Watch,Energy,All GHG,MtCO₂e,222.29,221.97,219.86,223.71,211.06,227.73,238.1,230.2,219.23,219.63,208.62,198.59,190.63,183.23,184.31,161.55,153.24,147.55,139.4,132.6,125.0,125.3,112.78,111.38,111.04,109.92,106.58,102.15,97.87,89.58,85.73,87.65,79.06
ARE,United Arab Emirates,Climate Watch,Industrial Processes,All GHG,MtCO₂e,9.19,8.92,8.73,9.1,9.42,9.39,9.07,10.4,10.34,8.29,8.01,8.37,9.66,9.87,11.2,9.02,7.6,6.16,5.85,5.05,5.03,4.29,4.44,4.86,4.67,3.87,3.87,3.76,3.35,2.87,2.81,2.65,2.34
ARE,United Arab Emirates,Climate Watch,Agriculture,All GHG,MtCO₂e,2.29,2.16,2.14,2.1,2.08,2.07,2.03,2.02,1.94,1.83,1.68,1.69,1.69,1.86,1.67,1.58,1.51,1.46,1.32,1.32,1.25,1.15,1.1,1.06,1.0,0.94,0.9,0.84,0.79,0.72,0.67,0.61,0.55
ARE,United Arab Emirates,Climate Watch,Waste,All GHG,MtCO₂e,11.49,11.07,11.34,11.61,11.88,12.14,12.41,12.68,12.95,12.58,12.21,11.84,11.47,11.1,10.73,10.36,9.99,9.62,8.39,7.16,5.93,4.7,3.47,3.4,3.34,3.28,3.21,3.15,3.09,2.41,1.73,1.05,1.03
ARE,United Arab Emirates,Climate Watch,Land-Use Change and Forestry,All GHG,MtCO₂e,0.0,0.0,0.0,0.0,0.0,0.0,0.0,0.0,0.0,0.0,0.0,0.0,0.0,0.0,0.0,0.0,0.0,0.0,0.0,0.0,0.0,0.0,0.0,0.0,0.0,0.0,0.0,0.0,0.0,0.0,0.0,0.0,0.0
ARE,United Arab Emirates,Climate Watch,Bunker Fuels,All GHG,MtCO₂e,79.54,70.37,66.02,75.65,75.53,76.82,79.37,75.67,65.2,60.89,60.04,57.87,54.59,51.39,59.23,56.51,51.58,47.06,45.49,40.22,35.64,37.75,40.01,42.11,43.94,44.14,43.45,44.09,44.19,41.02,40.19,40.33,29.34
ARE,United Arab Emirates,Climate Watch,Electricity/Heat,All GHG,MtCO₂e,67.53,73.25,70.78,72.45,73.3,74.22,72.68,72.42,67.91,64.74,64.45,62.24,60.97,59.42,68.34,57.14,57.07,53.47,50.08,42.01,38.01,34.38,31.02,28.17,25.56,23.24,21.5,20.17,18.85,17.16,14.9,13.9,13.63
ARE,United Arab Emirates,Climate Watch,Building,All GHG,MtCO₂e,0.62,0.58,0.51,0.57,0.81,1.01,1.02,0.97,0.88,0.88,0.55,0.68,0.55,0.49,0.3,0.17,0.13,0.13,0.13,0.12,0.12,0.47,0.32,0.27,0.26,0.26,0.25,0.29,0.29,0.26,0.27,0.29,0.31
ARE,United Arab Emirates,Climate Watch,Manufacturing/Construction,All GHG,MtCO₂e,70.08,71.13,73.57,68.48,53.76,70.43,83.86,81.41,72.72,76.19,72.14,66.38,63.23,60.01,51.93,42.51,34.14,34.99,33.94,35.98,37.86,41.65,33.72,38.7,39.41,39.96,37.76,36.11,34.0,29.63,29.62,33.39,26.68
ARE,United Arab Emirates,Climate Watch,Transportation,All GHG,MtCO₂e,36.56,34.95,31.55,36.77,38.72,38.69,35.57,31.72,36.52,35.58,31.53,30.82,30.79,29.5,26.77,25.15,24.47,23.27,21.56,21.36,19.21,16.67,15.19,13.87,13.48,13.49,13.56,13.39,12.74,12.86,12.05,11.86,11.53
ARE,United Arab Emirates,Climate Watch,Fugitive Emissions,All GHG,MtCO₂e,47.5,42.05,43.44,45.43,44.47,43.38,44.96,43.66,41.19,42.24,39.93,38.47,35.08,33.79,36.97,36.58,37.42,35.68,33.7,33.12,29.79,32.13,32.53,30.37,32.34,32.97,33.51,32.19,31.98,29.66,28.88,28.21,26.92
ARG,Argentina,Climate Watch,Total excluding LUCF,All GHG,MtCO₂e,397.6,378.01,361.06,377.02,380.43,382.15,378.67,376.73,371.38,372.64,366.19,360.79,351.72,347.68,368.66,364.84,353.38,339.51,335.34,318.59,296.09,297.58,303.69,302.89,296.86,292.02,287.62,278.21,275.08,271.44,270.3,265.0,260.59
ARG,Argentina,Climate Watch,Total including LUCF,All GHG,MtCO₂e,431.09,410.31,394.51,409.17,412.59,415.03,410.86,444.85,439.33,441.69,434.46,429.06,449.34,445.64,466.66,462.78,451.1,437.35,433.43,416.43,393.72,395.04,352.61,354.47,346.95,342.39,337.33,325.94,322.8,319.16,318.02,312.72,308.31
ARG,Argentina,Climate Watch,Energy,All GHG,MtCO₂e,207.91,192.67,174.22,192.32,198.56,199.24,203.4,205.95,200.21,203.54,198.81,196.59,188.07,177.92,190.47,185.58,178.89,170.47,167.62,154.32,143.83,150.96,156.69,158.82,156.67,149.67,145.91,134.49,130.95,129.51,127.15,124.1,119.0
ARG,Argentina,Climate Watch,Industrial Processes,All GHG,MtCO₂e,19.04,18.29,16.75,16.43,15.68,15.79,14.95,15.63,15.22,14.93,16.65,16.42,16.45,15.31,14.12,13.29,12.09,10.77,9.87,8.24,7.61,7.14,6.92,7.2,6.9,6.75,6.12,6.08,6.34,5.97,5.48,5.19,4.83
ARG,Argentina,Climate Watch,Agriculture,All GHG,MtCO₂e,139.82,136.32,139.44,137.79,136.12,137.5,131.16,126.48,127.77,126.52,123.63,121.24,121.22,129.24,139.65,142.31,139.52,136.17,136.53,135.48,124.88,120.48,121.86,119.7,117.16,120.53,121.12,123.78,124.53,122.98,124.97,123.29,124.61
ARG,Argentina,Climate Watch,Waste,All GHG,MtCO₂e,30.83,30.73,30.66,30.49,30.07,29.61,29.15,28.67,28.17,27.65,27.11,26.55,25.98,25.2,24.43,23.65,22.88,22.1,21.33,20.55,19.77,19.0,18.22,17.17,16.12,15.07,14.47,13.86,13.25,12.98,12.7,12.43,12.15
ARG,Argentina,Climate Watch,Land-Use Change and Forestry,All GHG,MtCO₂e,33.5,32.31,33.45,32.15,32.16,32.88,32.19,68.12,67.96,69.05,68.27,68.27,97.62,97.96,98.0,97.95,97.72,97.84,98.09,97.84,97.63,97.47,48.92,51.58,50.09,50.37,49.71,47.73,47.72,47.72,47.72,47.72,47.72
ARG,Argentina,Climate Watch,Bunker Fuels,All GHG,MtCO₂e,6.26,4.98,4.69,4.91,5.67,5.68,5.17,5.77,7.81,8.53,8.33,7.19,6.62,5.5,5.59,5.21,4.62,4.6,3.98,4.1,3.88,4.25,3.76,4.13,4.12,4.39,4.28,3.55,2.87,2.66,3.11,2.76,3.62
ARG,Argentina,Climate Watch,Electricity/Heat,All GHG,MtCO₂e,60.74,62.28,54.31,56.81,64.22,68.33,71.28,69.88,67.09,65.09,67.67,64.63,59.52,57.29,59.17,54.47,53.93,50.61,48.76,41.9,37.34,40.16,42.26,42.85,38.02,33.05,33.25,29.28,30.31,30.54,31.28,32.46,29.08
ARG,Argentina,Climate Watch,Building,All GHG,MtCO₂e,29.51,25.95,26.49,27.19,28.36,28.78,30.88,30.45,30.14,31.2,30.03,28.59,28.49,24.97,25.42,26.78,22.92,22.91,22.04,20.63,19.15,20.05,20.99,19.9,18.58,18.25,18.17,18.31,18.4,18.85,16.94,17.5,17.77
ARG,Argentina,Climate Watch,Manufacturing/Construction,All GHG,MtCO₂e,21.65,17.26,20.05,20.61,20.82,19.09,19.57,21.79,21.6,21.2,19.27,20.8,19.13,17.64,20.77,21.18,22.23,20.55,20.13,19.12,17.18,17.76,17.99,18.42,20.38,20.93,17.85,17.34,17.61,15.12,15.81,14.79,14.19
ARG,Argentina,Climate Watch,Transportation,All GHG,MtCO₂e,52.49,47.31,38.5,49.01,49.34,47.97,46.74,47.76,45.46,49.17,46.16,46.98,45.41,43.06,46.97,44.93,41.53,38.64,38.08,35.4,34.64,37.48,40.74,41.9,44.6,41.91,41.96,36.02,34.58,35.1,32.77,30.67,29.01
ARG,Argentina,Climate Watch,Other Fuel Combustion,All GHG,MtCO₂e,12.06,11.16,9.34,10.71,10.57,11.89,11.68,11.94,11.54,12.72,11.4,12.09,11.66,10.67,11.99,12.37,11.27,10.61,10.07,8.45,7.21,7.17,7.6,7.85,7.74,8.12,8.28,7.82,7.36,6.25,5.7,5.11,4.62
ARG,Argentina,Climate Watch,Fugitive Emissions,All GHG,MtCO₂e,31.47,28.7,25.53,27.98,25.25,23.19,23.26,24.13,24.37,24.15,24.26,23.5,23.87,24.29,26.14,25.84,27.01,27.15,28.53,28.82,28.3,28.33,27.1,27.9,27.36,27.4,26.4,25.72,22.68,23.66,24.65,23.57,24.33
ARM,Armenia,Climate Watch,Total excluding LUCF,All GHG,MtCO₂e,11.54,11.21,10.56,9.94,9.83,9.53,9.55,9.22,9.44,9.4,9.49,8.34,7.59,7.77,8.94,8.44,7.77,7.4,6.68,6.29,5.86,6.19,6.08,5.77,6.35,6.43,5.78,6.91,6.37,8.9,15.08,25.4,24.81
ARM,Armenia,Climate Watch,Total including LUCF,All GHG,MtCO₂e,11.57,11.25,10.6,9.98,9.87,9.56,9.58,9.14,9.36,9.33,9.41,8.26,7.72,7.9,9.06,8.56,7.9,7.53,6.8,6.41,5.98,6.31,6.21,5.9,6.48,6.56,5.91,7.04,6.5,9.03,15.21,25.53,24.94
ARM,Armenia,Climate Watch,Energy,All GHG,MtCO₂e,8.64,8.37,7.75,7.25,6.77,6.47,6.15,6.25,6.58,6.52,6.74,5.78,5.02,5.21,6.19,5.67,4.97,4.92,4.23,4.01,3.62,4.14,4.08,3.73,4.24,4.28,3.68,4.81,4.28,6.72,12.67,22.95,22.3
ARM,Armenia,Climate Watch,Industrial Processes,All GHG,MtCO₂e,0.77,0.61,0.59,0.51,0.47,0.35,0.29,0.37,0.37,0.38,0.4,0.4,0.43,0.37,0.54,0.54,0.47,0.45,0.4,0.32,0.3,0.22,0.2,0.25,0.3,0.27,0.19,0.19,0.15,0.16,0.2,0.1,0.09
ARM,Armenia,Climate Watch,Agriculture,All GHG,MtCO₂e,1.27,1.36,1.34,1.32,1.72,1.84,2.26,1.76,1.66,1.68,1.54,1.36,1.34,1.4,1.42,1.43,1.55,1.25,1.27,1.19,1.18,1.07,1.05,1.03,1.04,1.11,1.12,1.11,1.13,1.19,1.37,1.5,1.55
ARM,Armenia,Climate Watch,Waste,All GHG,MtCO₂e,0.86,0.87,0.87,0.86,0.86,0.86,0.85,0.84,0.84,0.83,0.82,0.81,0.79,0.79,0.79,0.79,0.79,0.78,0.77,0.77,0.76,0.76,0.75,0.76,0.77,0.78,0.79,0.8,0.81,0.82,0.84,0.85,0.86
ARM,Armenia,Climate Watch,Land-Use Change and Forestry,All GHG,MtCO₂e,0.04,0.04,0.04,0.04,0.04,0.04,0.04,-0.08,-0.08,-0.08,-0.08,-0.08,0.13,0.12,0.12,0.12,0.13,0.12,0.12,0.12,0.12,0.12,0.13,0.13,0.13,0.13,0.13,0.13,0.13,0.13,0.13,0.13,0.13
ARM,Armenia,Climate Watch,Bunker Fuels,All GHG,MtCO₂e,0.31,0.17,0.12,0.22,0.2,0.17,0.14,0.1,0.13,0.14,0.15,0.14,0.13,0.09,0.17,0.17,0.12,0.14,0.12,0.08,0.16,0.18,0.19,0.07,0.07,0.06,0.06,0.11,0.15,0.2,0.46,0.68,0.6
ARM,Armenia,Climate Watch,Electricity/Heat,All GHG,MtCO₂e,1.68,1.64,1.44,1.36,1.5,1.26,1.19,1.29,1.15,1.32,1.43,0.95,0.63,0.65,1.04,1.08,0.9,0.95,0.77,0.88,0.92,1.54,1.6,1.46,1.79,1.8,1.54,1.39,0.82,0.81,4.88,7.82,6.12
ARM,Armenia,Climate Watch,Building,All GHG,MtCO₂e,1.86,1.77,1.63,1.49,1.23,1.38,1.3,1.19,1.09,1.24,1.26,1.13,0.98,1.12,1.2,1.07,0.75,0.73,0.65,0.48,0.39,0.34,0.31,0.28,0.34,0.33,0.25,1.17,0.79,0.59,1.91,4.45,6.49
ARM,Armenia,Climate Watch,Manufacturing/Construction,All GHG,MtCO₂e,0.63,0.52,0.45,0.44,0.47,0.45,0.4,0.41,0.57,0.66,0.67,0.6,0.52,0.96,1.35,1.17,1.44,1.36,1.1,0.99,0.8,0.8,0.72,1.03,0.97,0.85,0.45,0.51,0.64,2.01,1.38,4.0,3.81
ARM,Armenia,Climate Watch,Transportation,All GHG,MtCO₂e,2.42,2.46,2.35,2.15,1.88,1.75,1.65,1.73,1.78,1.34,1.37,1.36,1.32,1.2,1.32,1.11,0.69,0.7,0.63,0.6,0.56,0.59,0.59,0.07,0.07,0.07,0.06,0.12,0.16,1.23,1.89,2.99,3.06
ARM,Armenia,Climate Watch,Other Fuel Combustion,All GHG,MtCO₂e,0.61,0.62,0.63,0.57,0.46,0.47,0.51,0.61,0.74,0.75,0.79,0.72,0.67,0.4,0.44,0.42,0.4,0.43,0.35,0.35,0.26,0.21,0.22,0.1,0.12,0.12,0.11,0.2,0.28,0.33,0.71,1.62,0.61
ARM,Armenia,Climate Watch,Fugitive Emissions,All GHG,MtCO₂e,1.43,1.35,1.26,1.24,1.23,1.17,1.1,1.02,1.24,1.2,1.22,1.03,0.9,0.87,0.84,0.81,0.79,0.76,0.73,0.71,0.68,0.66,0.63,0.79,0.95,1.11,1.27,1.43,1.59,1.75,1.91,2.07,2.23
ATG,Antigua and Barbuda,Climate Watch,Total excluding LUCF,All GHG,MtCO₂e,4.32,3.94,3.58,3.57,3.52,3.48,3.44,3.39,3.33,3.26,3.21,3.14,3.09,2.87,2.59,2.33,2.06,1.76,1.61,1.46,1.31,1.17,1.18,1.07,0.94,0.83,0.7,0.58,0.55,0.51,0.47,0.44,0.41
ATG,Antigua and Barbuda,Climate Watch,Total including LUCF,All GHG,MtCO₂e,4.32,3.94,3.58,3.57,3.52,3.48,3.44,3.39,3.33,3.26,3.21,3.14,3.09,2.87,2.59,2.33,2.06,1.76,1.61,1.46,1.31,1.17,1.18,1.07,0.94,0.83,0.7,0.58,0.55,0.51,0.47,0.44,0.41
ATG,Antigua and Barbuda,Climate Watch,Energy,All GHG,MtCO₂e,0.67,0.64,0.62,0.64,0.62,0.6,0.6,0.58,0.57,0.56,0.56,0.55,0.55,0.56,0.54,0.54,0.52,0.49,0.45,0.44,0.41,0.39,0.37,0.36,0.34,0.32,0.3,0.29,0.28,0.27,0.26,0.26,0.25
ATG,Antigua and Barbuda,Climate Watch,Industrial Processes,All GHG,MtCO₂e,3.62,3.28,2.93,2.9,2.87,2.84,2.81,2.77,2.72,2.67,2.61,2.56,2.51,2.25,1.99,1.73,1.48,1.22,1.1,0.97,0.85,0.73,0.6,0.51,0.41,0.31,0.21,0.11,0.09,0.07,0.05,0.02,0.0
ATG,Antigua and Barbuda,Climate Watch,Agriculture,All GHG,MtCO₂e,0.02,0.02,0.02,0.02,0.02,0.02,0.02,0.02,0.02,0.02,0.02,0.02,0.02,0.05,0.05,0.05,0.05,0.05,0.05,0.05,0.05,0.05,0.04,0.04,0.04,0.04,0.04,0.05,0.05,0.04,0.04,0.04,0.04
ATG,Antigua and Barbuda,Climate Watch,Waste,All GHG,MtCO₂e,0.01,0.01,0.01,0.01,0.01,0.01,0.01,0.01,0.01,0.01,0.01,0.01,0.01,0.01,0.01,0.01,0.01,0.01,0.01,0.01,0.01,0.01,0.17,0.16,0.15,0.15,0.14,0.14,0.13,0.13,0.12,0.11,0.11
ATG,Antigua and Barbuda,Climate Watch,Land-Use Change and Forestry,All GHG,MtCO₂e,0.0,0.0,0.0,0.0,0.0,0.0,0.0,0.0,0.0,0.0,0.0,0.0,0.0,0.0,0.0,0.0,0.0,0.0,0.0,0.0,0.0,0.0,0.0,0.0,0.0,0.0,0.0,0.0,0.0,0.0,0.0,0.0,0.0
ATG,Antigua and Barbuda,Climate Watch,Bunker Fuels,All GHG,MtCO₂e,0.47,0.37,0.36,0.37,0.36,0.35,0.34,0.33,0.32,0.31,0.31,0.3,0.31,0.32,0.34,0.34,0.31,0.29,0.28,0.27,0.25,0.25,0.25,0.25,0.24,0.24,0.23,0.22,0.22,0.21,0.19,0.19,0.19
ATG,Antigua and Barbuda,Climate Watch,Electricity/Heat,All GHG,MtCO₂e,0.3,0.28,0.28,0.29,0.29,0.28,0.28,0.28,0.28,0.27,0.27,0.27,0.27,0.27,0.24,0.24,0.21,0.2,0.18,0.17,0.16,0.14,0.13,0.12,0.11,0.1,0.09,0.08,0.08,0.08,0.08,0.08,0.08
ATG,Antigua and Barbuda,Climate Watch,Building,All GHG,MtCO₂e,0.11,0.11,0.1,0.11,0.11,0.1,0.1,0.09,0.09,0.09,0.09,0.08,0.08,0.09,0.1,0.1,0.09,0.08,0.07,0.07,0.07,0.07,0.07,0.07,0.07,0.07,0.06,0.06,0.06,0.06,0.06,0.06,0.06
ATG,Antigua and Barbuda,Climate Watch,Transportation,All GHG,MtCO₂e,0.26,0.25,0.23,0.24,0.22,0.22,0.22,0.21,0.21,0.2,0.2,0.19,0.2,0.2,0.2,0.2,0.22,0.21,0.2,0.19,0.18,0.18,0.17,0.17,0.16,0.16,0.15,0.14,0.13,0.13,0.12,0.12,0.12
ATG,Antigua and Barbuda,Climate Watch,Fugitive Emissions,All GHG,MtCO₂e,0.0,0.0,0.0,0.0,0.0,0.0,0.0,0.0,0.0,0.0,0.0,0.0,0.0,0.0,0.0,0.0,0.0,0.0,0.0,0.0,0.0,0.0,0.0,0.0,0.0,0.0,0.0,0.0,0.0,0.0,0.0,0.0,0.0
AUS,Australia,Climate Watch,Total excluding LUCF,All GHG,MtCO₂e,582.11,584.88,577.45,616.21,646.58,648.58,601.54,626.81,628.6,610.44,694.07,691.81,593.18,609.61,594.23,623.01,618.23,576.82,613.41,556.42,635.57,641.06,613.16,586.87,549.01,521.1,512.45,514.04,507.31,501.08,498.07,498.31,496.89
AUS,Australia,Climate Watch,Total including LUCF,All GHG,MtCO₂e,585.05,587.82,590.9,638.61,651.07,652.25,605.86,599.09,601.7,584.34,666.93,663.98,623.43,642.72,624.37,654.9,653.75,607.26,643.93,593.28,669.81,673.81,667.4,647.7,607.2,581.41,569.56,568.79,562.01,555.79,552.77,553.01,551.6
AUS,Australia,Climate Watch,Energy,All GHG,MtCO₂e,418.71,426.28,438.94,455.44,453.9,453.47,450.24,444.09,437.27,441.69,444.71,441.8,445.72,438.15,431.16,427.57,414.69,408.93,404.23,390.29,390.84,382.62,373.88,365.39,359.05,337.68,328.21,317.47,305.56,299.08,293.44,288.77,285.73
AUS,Australia,Climate Watch,Industrial Processes,All GHG,MtCO₂e,17.78,17.2,16.46,16.48,15.48,15.52,15.22,14.91,14.28,13.66,13.7,13.36,12.58,12.33,11.56,11.17,10.52,10.99,10.24,9.62,9.01,8.77,7.91,7.3,7.48,6.52,6.74,7.64,8.46,10.71,10.9,11.35,11.61
AUS,Australia,Climate Watch,Agriculture,All GHG,MtCO₂e,132.21,128.1,108.85,130.75,163.52,165.76,122.6,154.68,163.47,141.56,221.32,220.98,118.76,143.4,135.77,169.05,178.06,141.66,183.55,140.68,218.88,233.08,214.88,197.49,165.97,159.64,160.14,170.03,174.54,171.92,174.34,178.65,180.04
AUS,Australia,Climate Watch,Waste,All GHG,MtCO₂e,13.42,13.3,13.2,13.53,13.69,13.83,13.47,13.14,13.57,13.53,14.34,15.67,16.11,15.73,15.74,15.21,14.97,15.24,15.39,15.83,16.84,16.59,16.5,16.68,16.51,17.26,17.36,18.91,18.74,19.37,19.39,19.53,19.51
AUS,Australia,Climate Watch,Land-Use Change and Forestry,All GHG,MtCO₂e,2.94,2.93,13.46,22.4,4.48,3.66,4.32,-27.72,-26.9,-26.11,-27.14,-27.83,30.25,33.11,30.13,31.89,35.52,30.43,30.52,36.86,34.25,32.75,54.25,60.83,58.19,60.31,57.11,54.74,54.7,54.7,54.7,54.7,54.7
AUS,Australia,Climate Watch,Bunker Fuels,All GHG,MtCO₂e,7.3,5.14,13.9,17.72,16.16,15.33,14.32,13.52,14.16,12.99,12.96,11.98,12.48,11.3,12.29,11.99,11.62,11.01,10.07,8.86,8.85,10.72,10.3,9.92,9.58,9.2,9.2,8.69,7.87,7.48,6.9,6.52,6.55
AUS,Australia,Climate Watch,Electricity/Heat,All GHG,MtCO₂e,205.63,212.53,221.1,228.86,229.46,235.14,234.78,228.43,221.3,231.6,240.35,242.25,249.35,245.84,236.03,236.13,229.03,224.26,220.82,211.13,219.6,205.09,197.69,194.92,190.07,170.82,165.99,158.7,152.48,149.73,148.29,145.86,143.23
AUS,Australia,Climate Watch,Building,All GHG,MtCO₂e,14.0,14.17,14.14,13.8,13.98,14.13,13.87,14.96,14.71,14.23,13.95,13.69,13.25,13.13,12.53,12.45,12.17,11.97,11.92,12.07,11.98,11.63,11.35,11.08,11.18,10.95,10.87,10.52,9.96,10.28,9.79,9.44,9.36
AUS,Australia,Climate Watch,Manufacturing/Construction,All GHG,MtCO₂e,40.29,40.51,39.29,39.67,39.79,38.09,38.57,38.04,41.35,41.36,41.33,39.85,37.3,41.46,45.06,43.55,42.91,44.06,45.53,44.51,38.23,47.58,48.31,47.79,47.92,47.81,46.31,46.48,45.67,43.96,43.03,43.34,43.09
AUS,Australia,Climate Watch,Transportation,All GHG,MtCO₂e,91.4,89.86,92.78,99.5,99.74,97.31,95.7,94.34,94.44,94.25,92.82,92.14,89.94,87.21,87.58,85.8,83.44,81.5,81.37,78.49,78.18,76.44,77.08,74.78,73.34,73.32,71.94,69.41,66.65,64.97,63.84,62.32,63.82
AUS,Australia,Climate Watch,Other Fuel Combustion,All GHG,MtCO₂e,7.29,7.77,5.66,6.37,7.7,7.62,7.09,6.63,6.26,6.31,6.21,6.1,6.17,6.01,6.04,5.97,6.06,6.53,6.19,6.18,5.07,4.24,4.23,4.16,4.06,3.98,3.83,3.82,3.69,3.6,3.48,3.44,3.41
AUS,Australia,Climate Watch,Fugitive Emissions,All GHG,MtCO₂e,60.1,61.44,65.97,67.24,63.23,61.18,60.22,61.69,59.21,53.93,50.05,47.78,49.71,44.49,43.93,43.68,41.08,40.62,38.4,37.91,37.78,37.64,35.23,32.67,32.47,30.8,29.27,28.53,27.11,26.53,25.0,24.37,22.8
AUT,Austria,Climate Watch,Total excluding LUCF,All GHG,MtCO₂e,71.09,74.92,71.74,77.32,76.24,79.27,77.2,76.9,75.58,79.37,78.74,82.2,83.9,78.18,85.24,85.52,88.51,90.73,90.71,89.82,84.95,83.44,79.16,78.96,80.82,80.89,81.91,78.21,75.64,75.47,75.86,81.62,77.34
AUT,Austria,Climate Watch,Total including LUCF,All GHG,MtCO₂e,64.16,67.99,64.81,70.39,69.31,72.35,70.28,70.03,68.7,72.5,71.86,75.32,77.93,72.21,79.26,79.55,82.54,84.75,84.73,83.84,78.97,77.46,65.86,65.67,67.51,67.59,68.61,64.91,62.34,62.17,62.56,68.32,64.04
AUT,Austria,Climate Watch,Energy,All GHG,MtCO₂e,58.62,62.37,59.23,64.72,63.26,66.24,64.0,63.58,62.39,66.18,65.5,68.62,70.43,64.56,70.52,71.04,74.04,76.26,75.81,74.55,69.43,68.01,63.56,63.22,64.82,64.21,65.12,61.35,57.93,57.73,57.58,62.49,58.33
AUT,Austria,Climate Watch,Industrial Processes,All GHG,MtCO₂e,4.0,4.0,3.86,3.96,4.13,3.98,3.99,3.99,3.83,3.74,3.67,3.61,3.52,3.61,4.17,4.08,3.88,3.66,3.86,4.25,4.07,3.92,3.89,3.76,3.8,4.13,3.99,3.84,4.06,3.85,3.99,4.54,4.45
AUT,Austria,Climate Watch,Agriculture,All GHG,MtCO₂e,7.45,7.5,7.53,7.47,7.62,7.75,7.82,7.83,7.76,7.71,7.69,7.96,7.8,7.69,8.05,7.77,7.82,7.9,7.96,7.99,8.41,8.45,8.52,8.67,8.74,8.96,9.03,9.05,9.48,9.6,9.96,10.2,10.26
AUT,Austria,Climate Watch,Waste,All GHG,MtCO₂e,1.01,1.05,1.11,1.16,1.23,1.31,1.4,1.5,1.61,1.74,1.87,2.01,2.15,2.31,2.5,2.63,2.77,2.91,3.08,3.04,3.05,3.06,3.18,3.32,3.46,3.59,3.76,3.98,4.17,4.3,4.34,4.38,4.3
AUT,Austria,Climate Watch,Land-Use Change and Forestry,All GHG,MtCO₂e,-6.93,-6.93,-6.93,-6.93,-6.93,-6.93,-6.93,-6.88,-6.87,-6.87,-6.88,-6.88,-5.97,-5.97,-5.98,-5.98,-5.98,-5.97,-5.98,-5.98,-5.98,-5.98,-13.29,-13.3,-13.31,-13.3,-13.3,-13.3,-13.3,-13.3,-13.3,-13.3,-13.3
AUT,Austria,Climate Watch,Bunker Fuels,All GHG,MtCO₂e,1.9,1.27,1.0,2.92,2.53,2.26,2.34,2.14,2.0,2.0,2.1,2.15,2.06,1.92,2.21,2.21,2.08,2.0,1.77,1.5,1.59,1.69,1.73,1.58,1.63,1.56,1.5,1.36,1.22,1.16,1.1,1.02,0.92
AUT,Austria,Climate Watch,Electricity/Heat,All GHG,MtCO₂e,17.58,18.18,17.07,19.06,17.97,20.19,18.65,19.59,19.48,21.38,22.05,24.55,24.33,20.09,23.68,23.76,24.7,25.7,24.94,24.14,22.15,21.64,19.79,20.18,21.05,21.93,21.44,20.87,19.31,17.78,17.64,20.89,20.04
AUT,Austria,Climate Watch,Building,All GHG,MtCO₂e,7.71,9.31,8.44,8.42,8.17,9.01,8.81,8.58,8.1,9.21,8.96,9.32,10.62,10.33,11.18,10.83,12.77,13.05,13.33,13.82,13.09,13.81,12.59,13.74,13.23,13.22,14.82,13.37,12.2,13.23,13.48,14.23,12.75
AUT,Austria,Climate Watch,Manufacturing/Construction,All GHG,MtCO₂e,10.72,10.86,10.52,10.78,10.67,10.77,10.85,10.55,10.44,10.78,11.17,11.35,11.24,10.73,11.36,11.1,11.4,11.17,11.82,11.15,10.38,10.64,10.77,9.61,10.38,11.05,9.9,9.78,9.33,9.47,9.22,10.15,9.59
AUT,Austria,Climate Watch,Transportation,All GHG,MtCO₂e,21.61,22.96,22.17,25.4,25.37,25.12,24.57,23.75,23.23,23.67,22.19,22.26,23.09,22.27,23.09,24.13,23.93,25.07,24.34,24.01,22.4,20.47,18.96,18.21,18.71,16.57,17.53,15.89,15.67,15.61,15.47,15.45,13.99
AUT,Austria,Climate Watch,Other Fuel Combustion,All GHG,MtCO₂e,0.79,0.81,0.79,0.8,0.81,0.83,0.83,0.82,0.82,0.83,0.81,0.82,0.84,0.83,0.89,0.89,0.92,0.96,1.04,1.05,1.03,1.07,1.07,1.11,1.09,1.09,1.09,1.07,1.04,1.11,1.21,1.26,1.29
AUT,Austria,Climate Watch,Fugitive Emissions,All GHG,MtCO₂e,0.22,0.25,0.25,0.26,0.27,0.32,0.29,0.29,0.3,0.31,0.33,0.32,0.32,0.31,0.3,0.32,0.32,0.31,0.34,0.37,0.37,0.37,0.37,0.37,0.36,0.35,0.36,0.38,0.38,0.53,0.55,0.51,0.67
AZE,Azerbaijan,Climate Watch,Total excluding LUCF,All GHG,MtCO₂e,56.74,54.36,51.98,54.08,52.23,50.95,51.81,51.49,51.84,50.89,50.17,47.49,45.64,47.09,51.28,46.83,47.32,44.64,41.37,41.25,38.54,38.5,39.13,37.34,36.94,36.26,36.68,42.13,43.1,65.15,88.12,79.22,82.34
AZE,Azerbaijan,Climate Watch,Total including LUCF,All GHG,MtCO₂e,54.83,52.45,50.07,52.16,50.32,49.04,49.89,48.65,48.99,48.04,47.32,44.64,43.83,45.28,49.47,45.02,45.5,42.82,39.55,39.43,36.73,36.68,37.58,35.76,35.37,34.69,35.1,40.56,41.52,63.57,86.55,77.64,80.75
AZE,Azerbaijan,Climate Watch,Energy,All GHG,MtCO₂e,47.2,44.67,42.1,44.16,42.1,41.21,42.2,41.73,42.41,41.79,40.79,38.29,36.16,37.45,41.42,37.04,37.53,35.01,31.73,32.17,29.8,30.19,31.39,29.79,29.58,29.03,29.8,35.3,36.17,57.78,80.29,71.24,74.02
AZE,Azerbaijan,Climate Watch,Industrial Processes,All GHG,MtCO₂e,1.75,1.69,1.61,1.65,1.62,1.43,1.2,1.29,1.36,1.14,1.06,0.84,1.01,1.05,1.23,1.25,1.17,1.13,1.11,0.87,0.79,0.62,0.42,0.39,0.38,0.42,0.33,0.31,0.46,0.64,0.78,0.21,0.22
AZE,Azerbaijan,Climate Watch,Agriculture,All GHG,MtCO₂e,6.69,6.91,7.2,7.21,7.49,7.31,7.43,7.52,7.14,7.05,6.99,6.87,6.81,6.77,6.65,6.39,6.3,6.02,5.88,5.66,5.45,5.24,4.91,4.8,4.62,4.46,4.21,4.2,4.18,4.46,4.8,5.53,5.72
AZE,Azerbaijan,Climate Watch,Waste,All GHG,MtCO₂e,1.1,1.09,1.07,1.05,1.02,1.0,0.98,0.96,0.93,0.91,1.33,1.49,1.65,1.82,1.98,2.15,2.31,2.47,2.64,2.55,2.5,2.45,2.41,2.37,2.36,2.35,2.34,2.32,2.29,2.27,2.25,2.24,2.37
AZE,Azerbaijan,Climate Watch,Land-Use Change and Forestry,All GHG,MtCO₂e,-1.91,-1.91,-1.9,-1.91,-1.91,-1.91,-1.92,-2.85,-2.85,-2.85,-2.85,-2.85,-1.81,-1.81,-1.81,-1.81,-1.81,-1.81,-1.81,-1.81,-1.81,-1.81,-1.55,-1.58,-1.56,-1.58,-1.58,-1.58,-1.58,-1.58,-1.58,-1.59,-1.59
AZE,Azerbaijan,Climate Watch,Bunker Fuels,All GHG,MtCO₂e,1.37,1.39,1.15,1.07,0.48,0.63,0.7,0.98,1.32,1.43,1.42,1.57,1.45,1.16,1.52,1.36,1.25,1.12,0.56,0.59,0.29,0.55,0.3,0.44,0.49,0.58,0.59,0.31,0.48,0.59,0.51,0.85,1.05
AZE,Azerbaijan,Climate Watch,Electricity/Heat,All GHG,MtCO₂e,14.35,14.55,13.67,14.21,14.08,14.21,14.26,14.36,14.14,13.67,13.89,11.57,9.9,11.46,13.9,14.49,16.99,16.51,15.72,16.32,14.01,15.18,16.36,15.96,15.93,14.33,14.86,15.47,16.94,22.42,23.06,22.52,21.85
AZE,Azerbaijan,Climate Watch,Building,All GHG,MtCO₂e,9.04,8.36,7.99,7.25,6.36,6.18,6.78,6.04,5.66,5.11,5.27,6.24,6.16,6.01,6.7,5.52,5.82,5.81,5.66,5.76,5.24,4.68,4.31,4.77,4.47,4.1,4.1,3.87,4.73,2.38,3.62,4.66,4.97
AZE,Azerbaijan,Climate Watch,Manufacturing/Construction,All GHG,MtCO₂e,2.65,2.11,2.21,2.16,1.36,1.75,2.8,2.33,2.3,2.2,2.18,1.73,1.44,1.75,2.65,2.28,1.62,1.69,1.9,2.39,3.01,2.2,2.68,2.6,2.13,3.93,4.44,8.58,6.91,7.18,9.15,17.04,16.3
AZE,Azerbaijan,Climate Watch,Transportation,All GHG,MtCO₂e,9.36,7.88,7.02,8.62,8.71,7.91,6.57,6.97,7.74,7.47,6.57,5.95,5.08,4.37,4.9,3.88,4.96,4.31,3.87,3.22,2.99,2.67,2.42,1.62,3.08,3.3,2.78,3.44,3.33,3.8,4.12,4.91,6.39
AZE,Azerbaijan,Climate Watch,Other Fuel Combustion,All GHG,MtCO₂e,1.28,1.32,1.3,1.21,1.15,1.05,1.02,1.1,1.13,1.17,1.13,1.1,1.06,1.02,0.8,0.65,0.18,0.86,0.39,0.28,0.38,1.23,1.69,0.94,0.8,0.75,1.04,1.18,1.54,1.78,2.7,3.18,4.28
AZE,Azerbaijan,Climate Watch,Fugitive Emissions,All GHG,MtCO₂e,10.53,10.44,9.9,10.71,10.44,10.11,10.76,10.94,11.44,12.17,11.75,11.7,12.52,12.84,12.48,10.22,7.96,5.83,4.19,4.2,4.17,4.22,3.94,3.9,3.17,2.61,2.58,2.76,2.71,20.22,37.63,18.93,20.24
BDI,Burundi,Climate Watch,Total excluding LUCF,All GHG,MtCO₂e,4.15,3.98,3.54,3.64,3.99,3.8,3.2,2.81,2.83,2.87,2.48,2.42,2.22,1.97,1.82,1.71,1.66,1.54,1.46,1.41,1.42,1.44,1.46,1.41,1.38,1.47,1.43,1.44,1.39,1.5,1.52,1.53,1.48
BDI,Burundi,Climate Watch,Total including LUCF,All GHG,MtCO₂e,7.18,7.01,6.57,6.68,7.07,6.89,6.3,0.99,1.01,1.06,0.66,0.61,5.36,5.09,4.95,4.83,4.79,4.66,4.58,4.53,4.55,4.57,6.68,6.64,6.55,6.63,6.57,6.54,6.38,6.48,6.51,6.52,6.47
BDI,Burundi,Climate Watch,Energy,All GHG,MtCO₂e,0.81,0.78,0.76,0.71,0.66,0.53,0.44,0.37,0.36,0.38,0.35,0.34,0.3,0.22,0.21,0.19,0.19,0.16,0.16,0.17,0.22,0.22,0.26,0.23,0.23,0.23,0.22,0.22,0.21,0.21,0.2,0.23,0.19
BDI,Burundi,Climate Watch,Industrial Processes,All GHG,MtCO₂e,0.04,0.04,0.04,0.03,0.03,0.03,0.03,0.02,0.02,0.02,0.02,0.02,0.02,0.02,0.01,0.01,0.01,0.01,0.01,0.01,0.0,0.0,0.0,0.0,0.0,0.0,0.0,0.0,0.0,0.0,0.0,0.0,0.0
BDI,Burundi,Climate Watch,Agriculture,All GHG,MtCO₂e,3.01,2.88,2.48,2.64,3.05,3.01,2.51,2.2,2.24,2.28,1.94,1.91,1.76,1.58,1.45,1.35,1.3,1.2,1.14,1.08,1.06,1.09,1.07,1.06,1.04,1.13,1.1,1.11,1.08,1.19,1.22,1.2,1.2
BDI,Burundi,Climate Watch,Waste,All GHG,MtCO₂e,0.28,0.27,0.26,0.25,0.24,0.24,0.23,0.22,0.2,0.19,0.17,0.16,0.14,0.15,0.15,0.16,0.16,0.16,0.15,0.15,0.14,0.13,0.12,0.12,0.11,0.11,0.11,0.11,0.1,0.1,0.1,0.1,0.09
BDI,Burundi,Climate Watch,Land-Use Change and Forestry,All GHG,MtCO₂e,3.03,3.03,3.03,3.04,3.08,3.09,3.1,-1.82,-1.82,-1.81,-1.82,-1.82,3.14,3.12,3.13,3.12,3.13,3.12,3.12,3.12,3.13,3.13,5.22,5.23,5.17,5.16,5.14,5.1,4.99,4.99,4.99,4.99,4.99
BDI,Burundi,Climate Watch,Bunker Fuels,All GHG,MtCO₂e,0.01,0.01,0.01,0.02,0.02,0.01,0.0,0.01,0.01,0.01,0.01,0.01,0.01,0.02,0.02,0.02,0.02,0.02,0.02,0.01,0.01,0.02,0.02,0.02,0.02,0.02,0.02,0.02,0.02,0.02,0.02,0.02,0.02
BDI,Burundi,Climate Watch,Electricity/Heat,All GHG,MtCO₂e,0.09,0.09,0.06,0.09,0.09,0.07,0.02,0.03,0.03,0.02,0.0,0.01,0.02,0.0,0.0,0.0,0.0,0.0,0.0,0.0,0.0,0.0,0.0,0.0,0.0,0.0,0.0,0.0,0.0,0.0,0.0,0.0,0.0
BDI,Burundi,Climate Watch,Building,All GHG,MtCO₂e,0.02,0.02,0.02,0.02,0.02,0.02,0.02,0.01,0.02,0.04,0.04,0.03,0.03,0.03,0.02,0.02,0.02,0.02,0.01,0.02,0.02,0.03,0.02,0.02,0.03,0.03,0.03,0.03,0.03,0.03,0.03,0.03,0.02
BDI,Burundi,Climate Watch,Manufacturing/Construction,All GHG,MtCO₂e,0.02,0.03,0.01,0.03,0.0,0.01,0.03,0.0,0.0,0.01,0.01,0.01,0.01,0.0,0.01,0.0,0.01,0.0,0.02,0.02,0.02,0.04,0.05,0.04,0.04,0.04,0.04,0.04,0.04,0.04,0.04,0.04,0.03
BDI,Burundi,Climate Watch,Transportation,All GHG,MtCO₂e,0.69,0.65,0.66,0.56,0.56,0.43,0.37,0.33,0.31,0.32,0.3,0.29,0.23,0.19,0.17,0.16,0.16,0.14,0.12,0.13,0.17,0.15,0.19,0.17,0.16,0.16,0.16,0.15,0.14,0.14,0.13,0.16,0.13
BDI,Burundi,Climate Watch,Fugitive Emissions,All GHG,MtCO₂e,0.0,0.0,0.0,0.0,0.0,0.0,0.0,0.0,0.0,0.0,0.0,0.0,0.0,0.0,0.0,0.0,0.0,0.0,0.0,0.0,0.0,0.0,0.0,0.0,0.0,0.0,0.0,0.0,0.0,0.0,0.0,0.0,0.0
BEL,Belgium,Climate Watch,Total excluding LUCF,All GHG,MtCO₂e,96.75,104.24,100.47,108.62,109.78,108.92,110.76,112.17,107.2,113.58,113.49,114.73,125.64,119.22,124.77,121.89,126.42,130.27,133.02,134.92,131.35,137.54,135.99,135.32,139.67,138.34,145.09,140.79,139.9,134.58,136.4,138.43,134.71
BEL,Belgium,Climate Watch,Total including LUCF,All GHG,MtCO₂e,96.95,104.44,100.68,108.82,109.97,109.12,110.96,109.84,104.88,111.26,111.16,112.41,122.66,116.25,121.8,118.92,123.44,127.3,130.05,131.95,128.38,134.57,132.02,131.44,135.78,134.46,141.21,136.91,136.02,130.7,132.53,134.56,130.83
BEL,Belgium,Climate Watch,Energy,All GHG,MtCO₂e,80.47,86.88,83.08,90.28,91.08,90.39,91.75,93.24,87.9,94.63,94.09,95.02,105.3,98.93,104.06,101.23,105.35,108.5,110.88,112.86,108.09,114.27,111.56,109.66,113.65,111.41,115.22,110.83,110.96,107.14,108.6,110.99,107.46
BEL,Belgium,Climate Watch,Industrial Processes,All GHG,MtCO₂e,6.76,6.84,6.71,7.53,7.79,7.65,7.74,7.41,7.77,7.5,7.65,7.75,8.2,7.99,8.47,8.13,8.33,8.8,8.77,8.49,8.89,9.13,9.69,9.45,9.98,10.66,13.37,13.37,12.5,11.18,11.11,10.65,10.68
BEL,Belgium,Climate Watch,Agriculture,All GHG,MtCO₂e,8.63,9.59,9.67,9.73,9.75,9.65,9.99,10.16,10.05,9.87,10.0,10.15,10.24,10.21,10.07,10.2,10.2,10.35,10.53,10.7,11.14,10.7,10.85,12.13,11.67,11.78,12.02,12.01,11.84,11.88,11.94,12.15,12.08
BEL,Belgium,Climate Watch,Waste,All GHG,MtCO₂e,0.89,0.93,1.01,1.09,1.15,1.24,1.28,1.35,1.48,1.58,1.75,1.82,1.89,2.09,2.17,2.34,2.54,2.62,2.85,2.86,3.24,3.44,3.89,4.08,4.37,4.5,4.47,4.58,4.59,4.39,4.75,4.64,4.49
BEL,Belgium,Climate Watch,Land-Use Change and Forestry,All GHG,MtCO₂e,0.2,0.2,0.2,0.2,0.2,0.2,0.2,-2.32,-2.32,-2.32,-2.32,-2.32,-2.97,-2.97,-2.97,-2.97,-2.97,-2.97,-2.97,-2.97,-2.97,-2.96,-3.97,-3.88,-3.88,-3.88,-3.88,-3.88,-3.88,-3.88,-3.88,-3.88,-3.88
BEL,Belgium,Climate Watch,Bunker Fuels,All GHG,MtCO₂e,29.71,28.77,23.99,31.78,35.26,29.13,25.94,23.19,21.53,23.91,23.76,26.43,28.93,26.7,35.39,34.1,30.58,28.38,28.82,28.0,25.61,21.12,21.91,19.51,21.55,19.91,17.74,15.39,15.66,16.38,16.13,16.36,16.19
BEL,Belgium,Climate Watch,Electricity/Heat,All GHG,MtCO₂e,20.52,20.59,21.39,23.48,22.61,22.24,22.14,23.38,22.49,23.43,25.43,26.66,30.15,27.04,28.75,30.14,30.27,30.65,30.48,30.7,29.57,29.36,31.37,30.0,33.09,31.44,33.0,33.26,33.59,31.37,31.47,32.29,31.8
BEL,Belgium,Climate Watch,Building,All GHG,MtCO₂e,19.21,23.14,21.77,22.0,22.75,23.02,23.25,23.52,20.64,26.07,23.83,22.62,27.65,25.19,27.11,23.05,25.96,27.89,28.1,28.56,26.59,27.86,26.77,27.74,29.29,29.58,31.94,27.51,26.28,27.01,27.79,27.93,25.03
BEL,Belgium,Climate Watch,Manufacturing/Construction,All GHG,MtCO₂e,14.55,17.02,16.0,16.44,17.29,16.76,17.45,17.31,17.39,17.69,17.01,17.15,18.18,16.61,17.29,17.21,18.71,19.57,20.89,23.73,23.25,27.93,25.03,23.44,22.8,22.26,21.88,22.5,24.01,22.78,24.16,26.78,26.85
BEL,Belgium,Climate Watch,Transportation,All GHG,MtCO₂e,23.74,23.53,21.32,25.55,25.87,25.77,26.37,26.63,24.98,24.73,25.23,26.01,26.42,27.21,28.01,27.95,27.11,26.69,27.49,26.4,25.75,25.82,24.99,24.7,24.48,23.75,23.41,22.97,22.82,22.23,21.7,20.87,20.68
BEL,Belgium,Climate Watch,Other Fuel Combustion,All GHG,MtCO₂e,2.01,2.05,2.03,2.21,1.95,1.97,1.91,1.76,1.76,2.07,1.94,1.9,2.18,2.2,2.23,2.18,2.6,2.99,3.24,2.78,2.21,2.54,2.65,3.0,3.22,3.58,4.16,3.73,3.4,2.77,2.55,2.03,1.86
BEL,Belgium,Climate Watch,Fugitive Emissions,All GHG,MtCO₂e,0.43,0.56,0.57,0.6,0.6,0.62,0.63,0.65,0.64,0.64,0.65,0.68,0.73,0.67,0.67,0.7,0.7,0.7,0.68,0.69,0.72,0.75,0.76,0.78,0.78,0.8,0.84,0.86,0.86,0.99,0.93,1.09,1.25
BEN,Benin,Climate Watch,Total excluding LUCF,All GHG,MtCO₂e,15.64,14.95,16.63,16.41,15.99,14.71,14.53,12.83,12.44,11.94,11.26,11.3,11.24,11.01,10.35,10.57,9.81,9.42,8.33,8.14,8.1,7.0,7.6,7.1,6.96,6.71,6.25,4.65,4.85,4.56,4.48,4.35,4.25
BEN,Benin,Climate Watch,Total including LUCF,All GHG,MtCO₂e,26.35,25.67,27.37,27.16,26.71,25.45,25.27,23.57,23.16,22.68,22.0,22.07,21.97,21.77,21.09,21.37,20.61,20.28,19.08,18.93,18.87,17.8,23.41,23.29,23.37,22.27,21.92,20.22,20.42,20.13,20.05,19.92,19.81
BEN,Benin,Climate Watch,Energy,All GHG,MtCO₂e,7.7,7.35,9.53,8.95,9.0,8.37,8.2,6.87,6.5,5.95,5.54,5.72,5.85,5.73,5.33,5.24,4.65,3.94,3.66,3.47,3.18,2.85,2.5,2.45,2.11,2.02,1.72,0.94,0.93,0.92,0.91,0.88,0.92
BEN,Benin,Climate Watch,Industrial Processes,All GHG,MtCO₂e,1.39,1.33,1.24,1.16,1.08,0.83,0.76,0.7,0.68,0.66,0.67,0.65,0.64,0.58,0.49,0.48,0.44,0.4,0.35,0.27,0.23,0.04,0.01,0.01,0.01,0.08,0.07,0.08,0.07,0.08,0.08,0.08,0.08
BEN,Benin,Climate Watch,Agriculture,All GHG,MtCO₂e,6.24,5.98,5.57,6.02,5.64,5.25,5.32,5.02,5.02,5.1,4.82,4.72,4.55,4.5,4.34,4.67,4.53,4.91,4.16,4.25,4.54,3.97,4.95,4.47,4.63,4.36,4.16,3.29,3.55,3.29,3.27,3.22,3.08
BEN,Benin,Climate Watch,Waste,All GHG,MtCO₂e,0.3,0.29,0.28,0.27,0.26,0.26,0.25,0.24,0.24,0.23,0.22,0.21,0.21,0.2,0.19,0.18,0.18,0.17,0.16,0.16,0.15,0.15,0.14,0.18,0.22,0.25,0.29,0.33,0.3,0.27,0.22,0.17,0.17
BEN,Benin,Climate Watch,Land-Use Change and Forestry,All GHG,MtCO₂e,10.71,10.72,10.74,10.75,10.73,10.75,10.73,10.74,10.72,10.75,10.74,10.77,10.73,10.76,10.75,10.8,10.81,10.86,10.75,10.78,10.78,10.8,15.81,16.18,16.4,15.56,15.67,15.57,15.57,15.57,15.57,15.57,15.57
BEN,Benin,Climate Watch,Bunker Fuels,All GHG,MtCO₂e,0.11,0.06,0.05,0.07,0.1,0.1,0.11,0.12,0.13,0.13,0.16,0.14,0.47,0.28,0.13,0.08,0.07,0.03,0.08,0.11,0.06,0.06,0.07,0.1,0.1,0.05,0.07,0.07,0.06,0.06,0.04,0.05,0.05
BEN,Benin,Climate Watch,Electricity/Heat,All GHG,MtCO₂e,0.51,0.52,0.51,0.27,0.17,0.2,0.19,0.22,0.24,0.09,0.04,0.09,0.09,0.09,0.16,0.15,0.11,0.08,0.06,0.06,0.07,0.06,0.05,0.05,0.05,0.05,0.03,0.03,0.03,0.03,0.03,0.03,0.03
BEN,Benin,Climate Watch,Building,All GHG,MtCO₂e,1.98,1.91,2.1,2.05,1.73,1.64,1.62,1.56,1.62,1.66,1.84,2.09,2.36,2.6,2.53,2.46,2.39,2.14,2.01,1.85,1.74,1.62,1.35,1.3,1.02,0.95,0.88,0.62,0.61,0.59,0.58,0.56,0.55
BEN,Benin,Climate Watch,Manufacturing/Construction,All GHG,MtCO₂e,0.62,0.53,0.53,0.5,0.12,0.33,0.4,0.4,0.47,0.25,0.16,0.17,0.15,0.15,0.12,0.14,0.13,0.14,0.15,0.14,0.15,0.15,0.16,0.16,0.14,0.18,0.15,0.03,0.02,0.03,0.03,0.02,0.03
BEN,Benin,Climate Watch,Transportation,All GHG,MtCO₂e,4.56,4.36,6.33,6.06,6.92,6.15,5.96,4.69,4.17,3.94,3.5,3.37,3.25,2.89,2.52,2.5,2.02,1.59,1.44,1.41,1.21,1.02,0.94,0.87,0.77,0.7,0.51,0.12,0.12,0.12,0.12,0.13,0.17
BEN,Benin,Climate Watch,Other Fuel Combustion,All GHG,MtCO₂e,0.04,0.03,0.06,0.06,0.05,0.04,0.03,N/A,N/A,N/A,N/A,N/A,N/A,N/A,N/A,N/A,N/A,N/A,0.0,0.0,N/A,N/A,N/A,N/A,N/A,N/A,N/A,N/A,N/A,N/A,N/A,N/A,N/A
BEN,Benin,Climate Watch,Fugitive Emissions,All GHG,MtCO₂e,0.01,0.01,0.01,0.01,0.01,0.0,0.0,0.0,0.0,0.0,0.0,0.0,0.0,0.0,0.0,0.0,0.0,0.0,0.0,0.0,0.0,0.0,0.0,0.0,0.01,0.01,0.01,0.01,0.02,0.03,0.03,0.03,0.03
BFA,Burkina Faso,Climate Watch,Total excluding LUCF,All GHG,MtCO₂e,36.32,36.24,30.37,34.35,33.39,32.44,31.44,29.83,28.53,28.0,27.26,26.59,26.05,24.37,23.64,22.67,21.93,21.88,21.14,20.38,16.8,15.99,16.67,15.48,15.12,14.84,14.14,13.35,12.87,12.53,12.24,11.88,11.45
BFA,Burkina Faso,Climate Watch,Total including LUCF,All GHG,MtCO₂e,60.42,60.34,54.48,58.46,57.49,56.54,55.55,35.7,34.39,33.87,33.13,32.46,42.5,40.82,40.09,39.12,38.38,38.33,37.59,36.83,33.25,32.44,30.56,29.13,29.22,28.27,27.65,26.41,25.93,25.59,25.29,24.94,24.51
BFA,Burkina Faso,Climate Watch,Energy,All GHG,MtCO₂e,7.02,6.78,6.05,6.14,5.98,5.5,4.85,4.58,3.99,3.86,3.79,3.3,3.07,2.4,2.35,2.15,1.92,1.67,1.6,1.52,1.38,1.31,1.17,1.08,1.18,1.11,1.05,1.03,1.0,0.99,0.96,0.95,0.92
BFA,Burkina Faso,Climate Watch,Industrial Processes,All GHG,MtCO₂e,1.59,1.53,1.44,1.39,1.13,0.96,0.88,0.73,0.36,0.42,0.44,0.4,0.39,0.37,0.31,0.12,0.1,0.09,0.07,0.06,0.04,0.04,0.04,0.08,0.02,0.02,0.02,0.02,0.0,0.0,0.0,0.0,0.0
BFA,Burkina Faso,Climate Watch,Agriculture,All GHG,MtCO₂e,25.0,25.29,20.33,24.34,23.87,23.64,23.43,22.27,22.04,21.69,21.04,20.97,20.74,19.82,19.26,18.77,18.37,18.69,18.12,17.55,14.22,13.59,14.49,13.45,13.15,13.03,12.49,11.82,11.47,11.18,10.97,10.71,10.31
BFA,Burkina Faso,Climate Watch,Waste,All GHG,MtCO₂e,2.71,2.64,2.56,2.49,2.41,2.33,2.29,2.25,2.14,2.03,1.99,1.92,1.85,1.79,1.72,1.62,1.53,1.44,1.34,1.25,1.15,1.06,0.96,0.87,0.77,0.68,0.58,0.49,0.4,0.35,0.3,0.22,0.22
BFA,Burkina Faso,Climate Watch,Land-Use Change and Forestry,All GHG,MtCO₂e,24.1,24.1,24.1,24.1,24.1,24.1,24.1,5.87,5.87,5.87,5.87,5.87,16.45,16.45,16.45,16.45,16.45,16.45,16.45,16.45,16.45,16.45,13.89,13.65,14.1,13.43,13.5,13.06,13.06,13.06,13.06,13.06,13.06
BFA,Burkina Faso,Climate Watch,Bunker Fuels,All GHG,MtCO₂e,0.1,0.08,0.05,0.19,0.1,0.09,0.07,0.1,0.11,0.14,0.1,0.1,0.08,0.09,0.07,0.07,0.09,0.06,0.05,0.07,0.06,0.07,0.04,0.05,0.05,0.06,0.04,0.04,0.04,0.04,0.04,0.04,0.03
BFA,Burkina Faso,Climate Watch,Electricity/Heat,All GHG,MtCO₂e,0.87,0.82,0.76,0.89,1.01,1.05,1.0,1.21,0.75,0.68,0.81,0.74,0.59,0.41,0.36,0.36,0.34,0.3,0.27,0.25,0.22,0.22,0.21,0.17,0.19,0.18,0.14,0.11,0.1,0.12,0.13,0.13,0.13
BFA,Burkina Faso,Climate Watch,Building,All GHG,MtCO₂e,2.09,1.98,1.67,1.77,1.69,1.59,1.51,1.42,1.34,1.27,1.23,1.12,1.05,1.01,0.95,0.87,0.79,0.71,0.66,0.62,0.54,0.47,0.37,0.36,0.53,0.52,0.51,0.55,0.52,0.52,0.5,0.48,0.47
BFA,Burkina Faso,Climate Watch,Manufacturing/Construction,All GHG,MtCO₂e,0.72,0.71,0.65,0.63,0.11,0.06,0.14,0.07,0.05,0.13,0.1,0.14,0.2,N/A,N/A,N/A,N/A,N/A,0.07,0.06,0.05,0.05,0.05,0.04,0.05,0.04,0.04,0.03,0.1,0.07,0.05,0.05,0.05
BFA,Burkina Faso,Climate Watch,Transportation,All GHG,MtCO₂e,3.31,3.25,2.95,2.85,3.18,2.79,2.2,1.88,1.86,1.79,1.64,1.3,1.23,0.98,1.04,0.92,0.79,0.67,0.6,0.59,0.57,0.56,0.53,0.51,0.42,0.36,0.36,0.35,0.28,0.29,0.28,0.28,0.27
BFA,Burkina Faso,Climate Watch,Other Fuel Combustion,All GHG,MtCO₂e,0.02,0.02,0.02,0.01,N/A,N/A,N/A,N/A,N/A,N/A,N/A,N/A,N/A,N/A,N/A,N/A,N/A,N/A,N/A,N/A,N/A,N/A,N/A,N/A,N/A,N/A,N/A,N/A,N/A,N/A,N/A,N/A,N/A
BFA,Burkina Faso,Climate Watch,Fugitive Emissions,All GHG,MtCO₂e,0.0,0.0,0.0,0.0,0.0,0.0,0.0,0.0,0.0,0.0,0.0,0.0,0.0,0.0,0.0,0.0,0.0,0.0,0.0,0.0,0.0,0.0,0.0,0.0,0.0,0.0,0.0,0.0,0.0,0.0,0.0,0.0,0.0
BGD,Bangladesh,Climate Watch,Total excluding LUCF,All GHG,MtCO₂e,244.79,240.38,224.93,228.66,224.38,220.59,211.25,203.81,195.91,191.27,187.0,182.49,176.13,168.79,164.35,156.13,152.73,147.25,142.39,140.55,138.16,134.34,128.56,126.58,121.82,120.97,118.1,116.66,111.12,107.67,105.92,103.27,103.08
BGD,Bangladesh,Climate Watch,Total including LUCF,All GHG,MtCO₂e,262.09,258.14,242.74,246.24,241.92,238.08,228.74,221.46,213.81,209.28,204.79,200.25,194.33,187.19,182.7,174.35,171.32,165.45,160.51,158.81,156.36,152.75,146.41,144.57,139.9,139.16,136.3,134.88,129.31,125.86,124.11,121.46,121.26
BGD,Bangladesh,Climate Watch,Energy,All GHG,MtCO₂e,117.81,114.05,101.44,106.2,102.85,100.36,94.28,85.71,79.2,76.01,72.47,67.76,63.2,57.33,53.3,49.65,47.04,43.37,40.85,38.73,37.02,35.09,29.97,29.38,28.39,27.92,25.6,25.59,22.43,21.27,20.35,19.13,19.77
BGD,Bangladesh,Climate Watch,Industrial Processes,All GHG,MtCO₂e,5.7,5.6,5.28,5.13,4.78,4.34,4.0,3.69,3.24,3.21,3.07,3.1,2.88,3.08,3.08,2.94,2.85,2.85,2.96,2.9,2.7,2.71,2.35,1.95,1.75,1.52,1.53,1.5,1.49,1.62,1.53,1.36,1.21
BGD,Bangladesh,Climate Watch,Agriculture,All GHG,MtCO₂e,97.87,97.56,95.3,94.7,94.4,93.82,91.17,92.9,92.23,91.09,90.78,91.22,89.88,88.48,88.27,84.04,83.58,82.0,80.14,81.07,81.19,79.88,79.71,78.82,75.34,75.28,74.78,73.44,71.15,69.4,69.34,68.76,68.34
BGD,Bangladesh,Climate Watch,Waste,All GHG,MtCO₂e,23.41,23.17,22.92,22.63,22.36,22.08,21.79,21.51,21.24,20.96,20.69,20.42,20.17,19.92,19.7,19.5,19.27,19.03,18.44,17.84,17.25,16.66,16.54,16.44,16.34,16.25,16.19,16.13,16.06,15.39,14.7,14.01,13.75
BGD,Bangladesh,Climate Watch,Land-Use Change and Forestry,All GHG,MtCO₂e,17.3,17.76,17.81,17.57,17.53,17.49,17.49,17.65,17.9,18.01,17.78,17.76,18.2,18.4,18.35,18.23,18.58,18.2,18.12,18.26,18.2,18.41,17.84,17.99,18.08,18.19,18.2,18.22,18.19,18.19,18.19,18.19,18.19
BGD,Bangladesh,Climate Watch,Bunker Fuels,All GHG,MtCO₂e,1.98,1.46,1.06,1.76,1.66,1.51,1.38,1.35,1.3,1.27,1.23,1.29,1.13,1.01,1.07,0.9,0.92,0.96,0.87,0.86,0.78,0.75,0.51,0.58,0.56,0.46,0.42,0.4,0.36,0.32,0.27,0.31,0.34
BGD,Bangladesh,Climate Watch,Electricity/Heat,All GHG,MtCO₂e,60.67,55.46,46.07,47.89,46.7,44.42,42.59,38.14,35.6,33.35,29.94,26.46,24.33,21.81,19.64,18.25,16.93,14.67,13.53,11.6,11.53,10.74,9.02,8.81,7.82,7.18,6.73,6.73,6.1,5.8,5.21,4.6,4.46
BGD,Bangladesh,Climate Watch,Building,All GHG,MtCO₂e,16.01,16.51,16.54,18.21,18.33,18.44,17.97,16.95,16.24,15.7,15.81,15.83,15.46,14.76,14.63,14.38,14.07,13.84,14.01,13.52,12.8,12.23,11.71,11.39,11.33,10.97,10.23,10.36,10.0,9.66,9.46,9.35,9.63
BGD,Bangladesh,Climate Watch,Manufacturing/Construction,All GHG,MtCO₂e,18.0,19.52,18.08,18.64,17.15,18.23,15.45,13.49,10.59,10.82,10.25,9.26,9.21,8.19,7.04,6.01,5.32,4.72,4.13,5.51,4.81,4.44,3.05,2.85,2.87,3.64,2.97,3.33,1.9,1.47,1.5,1.52,2.32
BGD,Bangladesh,Climate Watch,Transportation,All GHG,MtCO₂e,13.91,13.1,11.87,12.66,12.03,11.46,10.29,9.7,9.25,8.56,9.01,8.93,7.66,6.62,6.27,5.59,5.47,5.24,4.71,4.08,3.99,3.93,3.13,3.21,3.52,3.44,3.04,2.76,2.29,2.24,2.18,1.9,1.71
BGD,Bangladesh,Climate Watch,Other Fuel Combustion,All GHG,MtCO₂e,4.22,4.15,3.72,3.87,3.59,2.97,3.1,2.91,3.24,3.22,3.51,3.51,2.79,2.5,2.53,2.49,2.5,2.46,2.19,1.89,1.93,1.87,1.39,1.56,1.44,1.39,1.3,1.18,1.0,1.0,1.0,0.87,0.78
BGD,Bangladesh,Climate Watch,Fugitive Emissions,All GHG,MtCO₂e,5.0,5.32,5.15,4.93,5.05,4.83,4.89,4.52,4.28,4.35,3.96,3.78,3.75,3.46,3.19,2.92,2.76,2.45,2.28,2.12,1.96,1.88,1.67,1.55,1.41,1.31,1.33,1.22,1.14,1.1,1.0,0.9,0.87
BGR,Bulgaria,Climate Watch,Total excluding LUCF,All GHG,MtCO₂e,53.07,50.94,45.12,50.26,52.13,55.44,53.29,56.22,53.78,51.12,56.25,61.86,56.06,54.29,61.71,64.1,59.93,59.82,59.76,60.94,55.76,58.07,55.73,56.26,62.95,66.47,69.52,68.82,67.43,71.37,72.84,78.54,95.53
BGR,Bulgaria,Climate Watch,Total including LUCF,All GHG,MtCO₂e,19.19,17.06,11.24,16.38,18.24,21.56,19.41,44.03,41.59,38.94,44.06,49.68,32.43,30.66,38.09,40.51,36.31,36.2,36.14,37.32,32.14,34.45,33.93,34.43,41.13,44.65,47.7,46.99,45.6,49.54,51.01,56.71,73.7
BGR,Bulgaria,Climate Watch,Energy,All GHG,MtCO₂e,44.96,40.69,34.89,40.0,41.73,44.84,42.45,45.61,43.13,40.74,46.25,51.21,45.98,43.85,50.13,52.59,49.25,48.33,47.77,49.09,44.59,46.79,44.2,45.12,51.64,53.91,56.06,55.61,54.94,57.65,57.11,60.13,74.55
BGR,Bulgaria,Climate Watch,Industrial Processes,All GHG,MtCO₂e,2.02,2.0,1.98,2.07,2.09,2.09,2.06,1.97,1.97,1.79,1.66,1.53,1.52,1.69,2.9,2.9,2.33,2.68,2.39,2.09,1.97,2.1,2.07,1.71,1.83,2.66,3.35,3.34,2.38,2.01,2.04,2.37,3.73
BGR,Bulgaria,Climate Watch,Agriculture,All GHG,MtCO₂e,3.28,5.42,5.38,5.24,5.22,5.31,5.35,5.16,5.08,4.91,4.71,5.42,4.84,5.05,4.91,4.82,4.55,4.99,5.48,5.66,5.45,5.29,5.33,5.24,5.18,5.35,5.54,5.45,6.31,7.13,8.89,11.17,12.01
BGR,Bulgaria,Climate Watch,Waste,All GHG,MtCO₂e,2.82,2.82,2.87,2.95,3.09,3.19,3.43,3.49,3.6,3.68,3.63,3.71,3.72,3.7,3.77,3.8,3.8,3.82,4.12,4.11,3.74,3.88,4.13,4.19,4.3,4.56,4.58,4.42,3.79,4.58,4.8,4.86,5.24
BGR,Bulgaria,Climate Watch,Land-Use Change and Forestry,All GHG,MtCO₂e,-33.88,-33.88,-33.88,-33.88,-33.88,-33.88,-33.87,-12.19,-12.19,-12.19,-12.18,-12.18,-23.62,-23.63,-23.63,-23.6,-23.62,-23.62,-23.62,-23.62,-23.62,-23.62,-21.8,-21.83,-21.82,-21.83,-21.82,-21.83,-21.83,-21.83,-21.83,-21.83,-21.83
BGR,Bulgaria,Climate Watch,Bunker Fuels,All GHG,MtCO₂e,0.88,0.76,0.68,0.96,1.03,0.97,0.89,0.81,0.77,0.77,0.69,0.75,0.81,1.11,1.02,0.71,0.88,0.92,0.83,0.92,0.71,0.62,0.45,0.24,0.61,0.47,1.43,1.86,1.84,2.06,1.8,1.65,0.9
BGR,Bulgaria,Climate Watch,Electricity/Heat,All GHG,MtCO₂e,27.47,22.49,18.39,22.65,24.12,27.56,26.14,29.42,28.37,26.66,30.75,35.46,30.84,28.97,32.02,32.34,29.03,28.76,28.87,29.71,26.74,29.54,26.67,26.92,29.15,29.7,36.03,35.7,35.16,38.28,37.86,39.79,45.44
BGR,Bulgaria,Climate Watch,Building,All GHG,MtCO₂e,1.09,1.61,1.37,1.33,1.39,1.59,1.53,1.44,1.29,1.58,1.84,1.87,1.65,1.43,1.69,1.65,1.88,1.61,1.69,2.12,1.96,1.52,1.65,2.31,3.05,2.86,3.98,3.47,4.66,5.41,4.72,4.37,6.32
BGR,Bulgaria,Climate Watch,Manufacturing/Construction,All GHG,MtCO₂e,4.66,5.05,4.45,4.62,4.85,4.4,3.74,3.69,3.37,3.31,3.3,3.64,3.73,3.51,6.13,8.44,7.96,7.85,8.02,8.12,7.51,7.89,8.0,7.87,11.4,14.15,8.75,9.07,7.93,6.41,7.4,8.91,12.12
BGR,Bulgaria,Climate Watch,Transportation,All GHG,MtCO₂e,9.87,9.85,9.16,9.74,9.62,9.41,9.27,9.15,8.33,7.44,8.4,8.11,7.93,8.15,8.48,8.09,8.37,7.93,7.1,6.57,5.97,5.73,5.56,5.79,5.56,4.39,4.27,4.33,4.07,4.46,3.94,3.58,6.64
BGR,Bulgaria,Climate Watch,Other Fuel Combustion,All GHG,MtCO₂e,0.52,0.5,0.45,0.48,0.47,0.44,0.44,0.48,0.47,0.46,0.5,0.51,0.46,0.48,0.48,0.75,0.84,0.86,0.79,0.81,0.81,0.8,0.88,0.87,0.84,0.88,0.89,0.87,1.04,0.87,0.99,1.47,1.68
BGR,Bulgaria,Climate Watch,Fugitive Emissions,All GHG,MtCO₂e,1.36,1.19,1.06,1.18,1.27,1.44,1.33,1.44,1.3,1.28,1.46,1.62,1.36,1.3,1.32,1.31,1.16,1.32,1.3,1.77,1.6,1.31,1.45,1.35,1.65,1.93,2.13,2.18,2.09,2.21,2.2,2.01,2.34
BHR,Bahrain,Climate Watch,Total excluding LUCF,All GHG,MtCO₂e,60.28,58.18,57.34,57.33,53.96,53.26,52.36,51.7,50.83,48.63,45.71,44.14,44.29,42.4,41.88,40.07,38.37,35.54,31.65,30.82,30.69,28.79,28.4,27.5,27.17,25.47,24.38,23.14,22.45,22.12,19.97,17.23,17.51
BHR,Bahrain,Climate Watch,Total including LUCF,All GHG,MtCO₂e,60.27,58.17,57.33,57.33,53.96,53.25,52.35,51.7,50.82,48.63,45.71,44.14,44.29,42.4,41.88,40.07,38.37,35.54,31.65,30.81,30.69,28.79,28.4,27.5,27.17,25.47,24.37,23.14,22.45,22.12,19.97,17.23,17.51
BHR,Bahrain,Climate Watch,Energy,All GHG,MtCO₂e,39.02,37.51,37.13,37.54,34.61,34.41,34.18,34.34,34.08,32.62,30.32,29.35,29.23,28.07,28.21,26.37,25.78,23.93,20.99,21.1,20.33,19.43,18.91,18.4,18.43,17.31,16.92,16.27,16.06,15.82,14.96,12.88,13.29
BHR,Bahrain,Climate Watch,Industrial Processes,All GHG,MtCO₂e,2.73,2.58,2.44,2.35,2.38,2.47,2.41,2.19,2.2,2.13,2.08,1.94,2.7,2.6,2.66,3.41,2.98,2.66,2.33,1.92,2.98,2.37,2.89,3.08,3.29,3.29,3.16,3.15,3.24,3.37,2.29,1.85,1.79
BHR,Bahrain,Climate Watch,Agriculture,All GHG,MtCO₂e,0.04,0.04,0.04,0.05,0.04,0.04,0.04,0.05,0.05,0.05,0.05,0.05,0.05,0.04,0.04,0.04,0.05,0.04,0.05,0.05,0.05,0.03,0.03,0.04,0.04,0.03,0.03,0.03,0.03,0.04,0.04,0.04,0.04
BHR,Bahrain,Climate Watch,Waste,All GHG,MtCO₂e,18.49,18.04,17.73,17.39,16.93,16.34,15.72,15.12,14.49,13.84,13.27,12.8,12.31,11.69,10.97,10.25,9.56,8.91,8.29,7.75,7.33,6.95,6.56,5.99,5.41,4.84,4.27,3.69,3.11,2.9,2.69,2.47,2.39
BHR,Bahrain,Climate Watch,Land-Use Change and Forestry,All GHG,MtCO₂e,0.0,0.0,0.0,0.0,0.0,0.0,0.0,0.0,0.0,0.0,0.0,0.0,0.0,0.0,0.0,0.0,0.0,0.0,0.0,0.0,0.0,0.0,0.0,0.0,0.0,0.0,0.0,0.0,0.0,0.0,0.0,0.0,0.0
BHR,Bahrain,Climate Watch,Bunker Fuels,All GHG,MtCO₂e,1.73,1.1,0.99,1.68,1.6,1.52,1.46,1.47,1.34,1.35,1.84,1.94,2.05,2.13,2.14,1.88,1.88,1.75,1.64,1.48,1.32,1.21,1.13,1.06,1.11,0.77,1.08,1.16,1.11,0.97,0.97,1.06,1.45
BHR,Bahrain,Climate Watch,Electricity/Heat,All GHG,MtCO₂e,28.14,26.82,26.49,26.44,23.92,23.89,23.66,24.19,23.92,23.0,22.27,21.62,21.48,20.92,21.07,19.64,19.38,17.68,15.32,15.65,15.1,14.46,14.07,13.72,13.64,12.73,12.6,12.04,11.93,11.65,10.9,9.12,9.54
BHR,Bahrain,Climate Watch,Building,All GHG,MtCO₂e,0.26,0.24,0.25,0.25,0.26,0.22,0.26,0.28,0.26,0.26,0.24,0.23,0.23,0.23,0.23,0.2,0.19,0.24,0.22,0.21,0.2,0.19,0.18,0.17,0.32,0.25,0.18,0.16,0.16,0.15,0.15,0.14,0.13
BHR,Bahrain,Climate Watch,Manufacturing/Construction,All GHG,MtCO₂e,2.24,2.28,2.12,2.19,2.17,1.96,2.12,2.09,2.23,1.74,1.05,0.79,0.72,0.3,0.24,0.21,0.19,0.17,0.14,0.12,0.13,0.13,0.08,0.08,0.07,0.07,0.05,0.04,0.03,0.03,0.03,0.03,0.03
BHR,Bahrain,Climate Watch,Transportation,All GHG,MtCO₂e,3.9,3.6,3.38,3.84,3.93,3.81,3.7,3.62,3.47,3.36,3.25,3.02,3.21,3.12,3.17,2.9,2.66,2.55,2.18,1.99,1.83,1.63,1.57,1.48,1.43,1.35,1.29,1.26,1.21,1.19,1.15,1.03,1.02
BHR,Bahrain,Climate Watch,Fugitive Emissions,All GHG,MtCO₂e,4.47,4.57,4.89,4.81,4.33,4.53,4.45,4.17,4.21,4.25,3.51,3.69,3.59,3.51,3.51,3.42,3.35,3.3,3.13,3.13,3.07,3.02,3.02,2.95,2.98,2.91,2.79,2.77,2.73,2.8,2.74,2.56,2.57
BHS,Bahamas,Climate Watch,Total excluding LUCF,All GHG,MtCO₂e,2.8,2.69,2.22,2.71,2.62,2.67,2.42,2.41,2.24,2.18,2.21,2.28,2.4,2.32,2.08,2.01,1.98,2.02,2.17,2.17,2.12,2.08,2.16,2.18,2.13,1.74,1.94,1.97,1.88,1.86,1.99,2.12,2.05
BHS,Bahamas,Climate Watch,Total including LUCF,All GHG,MtCO₂e,2.81,2.71,2.25,2.73,2.63,2.76,2.47,2.43,2.25,2.26,2.22,2.35,2.42,2.35,2.13,2.01,2.0,2.06,2.23,2.17,2.15,2.1,2.3,2.28,2.24,1.83,2.04,2.01,1.93,1.91,2.03,2.17,2.1
BHS,Bahamas,Climate Watch,Energy,All GHG,MtCO₂e,2.69,2.57,2.1,2.6,2.52,2.55,2.32,2.31,2.15,2.08,2.13,2.18,2.32,2.24,1.99,1.94,1.92,1.97,2.1,2.13,2.08,2.04,2.12,2.14,2.09,1.7,1.9,1.93,1.86,1.83,1.96,2.09,2.02
BHS,Bahamas,Climate Watch,Industrial Processes,All GHG,MtCO₂e,0.08,0.08,0.07,0.07,0.07,0.06,0.06,0.06,0.05,0.05,0.05,0.05,0.05,0.04,0.04,0.03,0.03,0.02,0.02,0.01,0.01,0.0,0.0,0.0,0.0,0.0,0.0,0.0,0.0,0.0,0.0,0.0,0.0
BHS,Bahamas,Climate Watch,Agriculture,All GHG,MtCO₂e,0.02,0.03,0.03,0.03,0.03,0.04,0.04,0.03,0.03,0.04,0.03,0.04,0.02,0.03,0.04,0.03,0.03,0.03,0.04,0.02,0.03,0.03,0.03,0.03,0.04,0.03,0.03,0.03,0.02,0.02,0.03,0.02,0.03
BHS,Bahamas,Climate Watch,Waste,All GHG,MtCO₂e,0.01,0.01,0.01,0.01,0.01,0.01,0.01,0.01,0.01,0.01,0.01,0.01,0.01,0.01,0.01,0.01,0.01,0.01,0.01,0.01,0.01,0.01,0.01,0.01,0.01,0.01,0.01,0.01,0.01,0.01,0.01,0.01,0.01
BHS,Bahamas,Climate Watch,Land-Use Change and Forestry,All GHG,MtCO₂e,0.0,0.02,0.03,0.02,0.01,0.1,0.05,0.02,0.02,0.08,0.01,0.07,0.02,0.03,0.05,0.0,0.02,0.04,0.06,0.01,0.03,0.01,0.14,0.11,0.11,0.1,0.1,0.04,0.04,0.04,0.04,0.04,0.04
BHS,Bahamas,Climate Watch,Bunker Fuels,All GHG,MtCO₂e,2.67,1.88,1.28,1.35,1.28,1.19,1.06,1.04,1.31,1.47,1.73,1.28,1.15,1.16,0.96,0.73,0.67,0.64,0.66,0.71,0.66,0.67,0.66,0.64,0.62,0.61,0.61,0.6,0.59,0.6,0.59,0.61,0.61
BHS,Bahamas,Climate Watch,Electricity/Heat,All GHG,MtCO₂e,1.13,1.08,1.04,1.09,1.09,1.1,1.14,1.16,1.11,1.09,1.16,1.27,1.26,1.39,1.47,1.4,1.35,1.31,1.32,1.32,1.23,1.17,1.16,1.16,1.1,1.02,0.91,0.91,0.91,0.9,0.93,0.89,0.86
BHS,Bahamas,Climate Watch,Building,All GHG,MtCO₂e,0.42,0.4,0.27,0.4,0.38,0.33,0.31,0.3,0.28,0.26,0.25,0.19,0.31,0.22,0.16,0.15,0.16,0.16,0.16,0.18,0.19,0.19,0.2,0.21,0.22,0.22,0.23,0.25,0.22,0.22,0.26,0.31,0.23
BHS,Bahamas,Climate Watch,Manufacturing/Construction,All GHG,MtCO₂e,0.3,0.29,0.22,0.26,0.22,0.29,0.18,0.17,0.13,0.13,0.2,0.2,0.16,0.15,0.11,0.15,0.16,0.28,0.42,0.43,0.46,0.49,0.58,0.58,0.58,0.27,0.57,0.58,0.56,0.55,0.59,0.65,0.66
BHS,Bahamas,Climate Watch,Transportation,All GHG,MtCO₂e,0.81,0.77,0.54,0.8,0.78,0.79,0.66,0.65,0.59,0.56,0.48,0.5,0.55,0.45,0.23,0.22,0.22,0.2,0.18,0.19,0.18,0.18,0.18,0.18,0.18,0.18,0.17,0.18,0.15,0.15,0.17,0.22,0.25
BHS,Bahamas,Climate Watch,Other Fuel Combustion,All GHG,MtCO₂e,0.04,0.04,0.04,0.05,0.04,0.04,0.04,0.04,0.03,0.03,0.04,0.03,0.04,0.02,0.02,0.02,0.02,0.02,0.02,0.02,0.01,0.01,0.01,0.01,0.01,0.01,0.01,0.01,0.01,0.01,0.01,0.02,0.02
BHS,Bahamas,Climate Watch,Fugitive Emissions,All GHG,MtCO₂e,0.0,0.0,0.0,0.0,0.0,0.0,0.0,0.0,0.0,0.0,0.0,0.0,0.0,0.0,0.0,0.0,0.0,0.0,0.0,0.0,0.0,0.0,0.0,0.0,0.0,0.0,0.0,0.0,0.0,0.0,0.0,0.0,0.0
BIH,Bosnia and Herzegovina,Climate Watch,Total excluding LUCF,All GHG,MtCO₂e,27.42,26.89,27.19,27.18,28.9,28.75,28.29,25.58,25.35,27.89,28.26,29.96,27.06,27.01,27.06,25.07,23.97,22.17,21.45,20.29,19.99,19.86,20.25,16.56,16.37,13.72,9.02,8.22,8.36,18.82,22.12,27.92,30.65
BIH,Bosnia and Herzegovina,Climate Watch,Total including LUCF,All GHG,MtCO₂e,25.75,25.22,25.52,25.5,27.23,27.09,26.62,21.93,21.7,24.24,24.64,26.34,27.47,27.43,27.48,25.49,24.39,22.58,21.87,20.74,20.41,20.27,23.72,19.91,19.76,17.05,12.35,11.55,11.7,22.16,25.46,31.26,33.99
BIH,Bosnia and Herzegovina,Climate Watch,Energy,All GHG,MtCO₂e,22.68,22.24,22.04,22.27,23.81,23.62,23.22,20.46,20.29,22.72,22.94,24.76,21.87,21.63,21.73,19.95,19.05,17.49,16.85,16.22,15.93,15.26,15.52,12.23,12.52,10.33,6.06,5.26,5.1,15.53,18.16,23.8,26.39
BIH,Bosnia and Herzegovina,Climate Watch,Industrial Processes,All GHG,MtCO₂e,1.25,1.28,1.28,1.17,1.15,1.06,0.97,0.9,0.92,0.93,0.92,0.95,1.07,1.04,1.23,1.25,1.12,1.04,1.08,0.88,1.05,0.8,0.85,0.62,0.37,0.24,0.18,0.2,0.22,0.23,0.36,0.07,0.08
BIH,Bosnia and Herzegovina,Climate Watch,Agriculture,All GHG,MtCO₂e,2.16,2.05,2.54,2.43,2.63,2.77,2.8,2.94,2.88,2.81,2.88,2.85,2.78,2.82,2.7,2.63,2.79,2.64,2.58,2.34,2.24,2.34,2.46,2.38,2.27,2.07,1.7,2.01,2.39,2.52,2.67,2.72,2.87
BIH,Bosnia and Herzegovina,Climate Watch,Waste,All GHG,MtCO₂e,1.33,1.33,1.32,1.31,1.31,1.3,1.29,1.28,1.27,1.43,1.52,1.4,1.33,1.53,1.4,1.24,1.01,1.0,0.94,0.86,0.78,1.46,1.42,1.33,1.2,1.08,1.08,0.74,0.66,0.54,0.93,1.34,1.32
BIH,Bosnia and Herzegovina,Climate Watch,Land-Use Change and Forestry,All GHG,MtCO₂e,-1.67,-1.68,-1.66,-1.68,-1.67,-1.66,-1.67,-3.65,-3.65,-3.65,-3.62,-3.62,0.42,0.41,0.43,0.42,0.42,0.41,0.42,0.45,0.42,0.42,3.47,3.35,3.39,3.33,3.33,3.34,3.34,3.34,3.34,3.34,3.34
BIH,Bosnia and Herzegovina,Climate Watch,Bunker Fuels,All GHG,MtCO₂e,0.09,0.04,0.01,0.03,0.02,0.03,0.03,0.02,0.01,0.01,0.02,0.02,0.02,0.02,0.02,0.02,0.02,0.02,0.02,0.02,0.02,0.02,0.03,0.12,0.12,0.12,0.12,0.11,0.11,0.09,0.05,0.06,0.08
BIH,Bosnia and Herzegovina,Climate Watch,Electricity/Heat,All GHG,MtCO₂e,14.25,14.07,14.72,13.73,15.23,15.37,15.06,12.91,13.06,15.32,15.22,16.65,13.95,14.13,13.62,12.53,11.97,10.62,10.33,10.41,9.61,8.82,8.97,7.84,7.96,5.86,2.11,0.79,0.69,6.0,6.91,8.73,10.77
BIH,Bosnia and Herzegovina,Climate Watch,Building,All GHG,MtCO₂e,1.18,1.21,1.19,1.15,1.29,1.22,1.55,1.3,1.19,0.66,0.61,0.68,0.69,0.52,0.19,0.2,0.2,0.2,0.17,0.17,0.15,0.16,0.16,0.19,0.18,0.17,0.23,0.12,0.13,0.12,0.23,0.35,0.36
BIH,Bosnia and Herzegovina,Climate Watch,Manufacturing/Construction,All GHG,MtCO₂e,1.61,1.66,1.41,2.3,2.4,2.19,2.05,2.12,2.02,2.23,1.81,1.79,1.61,1.37,1.28,1.22,1.14,1.07,0.81,0.39,1.5,1.34,1.51,0.43,0.46,0.56,0.35,0.67,0.66,2.74,3.68,5.8,5.93
BIH,Bosnia and Herzegovina,Climate Watch,Transportation,All GHG,MtCO₂e,4.09,4.26,3.7,4.09,3.82,3.85,3.69,3.17,3.04,2.87,3.25,3.47,3.47,3.56,3.45,3.11,2.95,2.35,2.44,2.1,2.09,2.18,2.14,1.37,1.43,1.08,1.05,1.02,0.99,0.87,1.08,1.91,2.24
BIH,Bosnia and Herzegovina,Climate Watch,Other Fuel Combustion,All GHG,MtCO₂e,0.15,0.14,0.13,0.1,0.11,0.05,0.04,0.17,0.17,0.66,1.0,1.08,1.02,0.87,1.93,1.59,1.43,1.81,1.62,1.66,1.04,1.18,1.11,0.71,0.75,0.88,0.49,0.78,0.7,3.82,4.23,4.94,4.96
BIH,Bosnia and Herzegovina,Climate Watch,Fugitive Emissions,All GHG,MtCO₂e,1.42,0.9,0.88,0.89,0.97,0.94,0.83,0.81,0.81,0.98,1.05,1.09,1.14,1.19,1.25,1.31,1.37,1.43,1.47,1.48,1.53,1.58,1.63,1.68,1.73,1.78,1.83,1.88,1.93,1.98,2.03,2.08,2.13
BLR,Belarus,Climate Watch,Total excluding LUCF,All GHG,MtCO₂e,90.68,93.33,93.23,95.71,97.16,93.98,92.13,92.8,97.58,98.26,97.88,96.11,98.64,93.92,96.9,93.4,94.89,91.81,90.41,86.95,86.0,86.47,88.06,90.56,92.91,94.86,94.38,94.11,102.22,115.46,128.36,142.5,147.73
BLR,Belarus,Climate Watch,Total including LUCF,All GHG,MtCO₂e,89.1,91.73,91.67,94.12,95.78,92.61,90.93,96.72,101.54,102.18,101.81,99.99,93.85,89.13,92.19,88.89,90.47,87.42,86.05,82.78,81.99,82.41,76.08,78.53,80.42,82.23,81.64,81.28,89.06,102.31,115.21,129.39,134.63
BLR,Belarus,Climate Watch,Energy,All GHG,MtCO₂e,54.19,56.99,56.38,59.25,60.92,57.79,56.61,56.26,60.59,61.32,61.46,60.23,63.45,59.09,62.47,59.69,61.3,58.9,58.35,55.17,54.56,54.66,55.92,57.72,59.93,61.89,61.39,60.48,67.73,79.4,91.03,100.5,104.26
BLR,Belarus,Climate Watch,Industrial Processes,All GHG,MtCO₂e,3.43,3.38,3.52,3.43,3.2,3.21,3.17,3.31,3.65,3.35,3.16,2.93,2.94,2.73,2.67,2.48,2.39,2.24,2.05,1.9,1.69,1.53,1.56,1.54,1.51,1.41,1.21,1.13,1.08,1.36,1.53,0.69,0.72
BLR,Belarus,Climate Watch,Agriculture,All GHG,MtCO₂e,23.38,23.27,23.75,23.42,23.49,23.69,23.23,24.06,24.12,24.51,24.57,24.45,23.87,23.96,23.54,23.12,23.29,22.87,22.54,22.6,22.6,23.23,23.5,24.38,24.67,24.91,25.29,26.05,26.94,28.19,29.16,34.32,35.49
BLR,Belarus,Climate Watch,Waste,All GHG,MtCO₂e,9.68,9.69,9.58,9.62,9.55,9.28,9.12,9.18,9.22,9.08,8.69,8.51,8.38,8.15,8.21,8.11,7.91,7.79,7.47,7.27,7.15,7.05,7.08,6.92,6.79,6.65,6.5,6.45,6.46,6.51,6.63,6.86,6.9
BLR,Belarus,Climate Watch,Land-Use Change and Forestry,All GHG,MtCO₂e,-1.58,-1.59,-1.56,-1.59,-1.38,-1.36,-1.2,3.92,3.96,3.92,3.92,3.88,-4.79,-4.79,-4.71,-4.5,-4.42,-4.38,-4.35,-4.16,-4.0,-4.06,-11.99,-12.03,-12.49,-12.63,-12.74,-12.83,-13.16,-13.15,-13.15,-13.1,-13.1
BLR,Belarus,Climate Watch,Bunker Fuels,All GHG,MtCO₂e,0.36,0.38,0.33,0.58,0.45,0.39,0.37,0.34,0.34,0.31,N/A,N/A,N/A,N/A,N/A,N/A,N/A,N/A,N/A,N/A,N/A,N/A,N/A,N/A,N/A,N/A,N/A,N/A,N/A,N/A,N/A,N/A,N/A
BLR,Belarus,Climate Watch,Electricity/Heat,All GHG,MtCO₂e,28.75,30.82,30.64,32.07,33.27,31.02,30.88,31.29,32.98,32.85,33.23,33.51,37.38,34.6,35.89,34.92,36.83,36.14,36.79,34.09,34.02,34.41,34.39,35.18,36.06,38.03,36.46,36.78,42.38,46.36,54.8,58.89,62.38
BLR,Belarus,Climate Watch,Building,All GHG,MtCO₂e,5.36,5.33,4.65,4.81,5.25,5.21,5.15,4.83,5.17,5.59,5.76,5.47,5.62,5.14,5.17,5.29,5.49,5.41,5.22,5.42,5.54,5.7,6.43,6.31,6.36,7.31,8.79,8.51,8.93,11.02,12.15,13.48,14.36
BLR,Belarus,Climate Watch,Manufacturing/Construction,All GHG,MtCO₂e,4.36,4.61,4.72,4.85,4.78,4.67,4.53,4.48,5.35,5.23,5.13,4.77,4.68,4.25,4.55,4.28,4.0,4.04,3.92,3.61,3.24,3.27,3.22,4.27,4.45,3.88,3.86,3.41,4.18,5.53,5.48,8.17,8.39
BLR,Belarus,Climate Watch,Transportation,All GHG,MtCO₂e,10.26,10.64,10.87,12.09,12.13,11.53,11.06,10.64,11.87,12.48,11.96,11.16,10.51,9.91,10.86,9.56,9.4,8.02,7.2,7.03,6.81,6.33,6.66,7.35,8.33,7.89,7.52,6.93,7.0,9.89,11.74,12.71,11.91
BLR,Belarus,Climate Watch,Other Fuel Combustion,All GHG,MtCO₂e,2.51,2.44,2.3,2.32,2.42,2.3,2.04,2.02,2.14,2.17,2.28,2.27,2.09,2.18,2.8,2.48,2.35,2.18,2.02,1.91,1.88,1.91,2.15,1.71,1.85,1.85,1.93,2.02,2.29,3.5,3.69,4.12,3.93
BLR,Belarus,Climate Watch,Fugitive Emissions,All GHG,MtCO₂e,2.96,3.14,3.19,3.11,3.09,3.07,2.95,3.0,3.08,3.0,3.09,3.04,3.17,3.01,3.2,3.15,3.23,3.13,3.2,3.11,3.07,3.04,3.08,2.91,2.89,2.94,2.83,2.82,2.96,3.09,3.17,3.13,3.29
BLZ,Belize,Climate Watch,Total excluding LUCF,All GHG,MtCO₂e,1.29,1.31,1.31,1.42,1.28,1.28,1.31,1.32,1.11,1.13,1.04,1.18,1.09,1.09,0.96,0.98,0.9,0.83,0.77,0.93,0.84,0.79,0.69,1.84,3.05,4.25,5.35,6.62,7.85,7.7,7.55,7.43,7.2
BLZ,Belize,Climate Watch,Total including LUCF,All GHG,MtCO₂e,6.52,6.56,6.69,6.71,6.51,6.58,6.55,6.82,6.57,6.71,6.49,7.05,4.38,4.33,4.24,4.33,4.14,4.14,3.97,4.43,4.12,4.03,7.29,8.41,9.68,10.8,11.93,13.21,14.44,14.29,14.14,14.02,13.79
BLZ,Belize,Climate Watch,Energy,All GHG,MtCO₂e,0.66,0.63,0.64,0.75,0.64,0.66,0.68,0.7,0.51,0.49,0.51,0.63,0.6,0.6,0.51,0.54,0.5,0.44,0.41,0.47,0.46,0.49,0.43,0.38,0.4,0.42,0.33,0.41,0.4,0.41,0.38,0.44,0.34
BLZ,Belize,Climate Watch,Industrial Processes,All GHG,MtCO₂e,0.06,0.06,0.06,0.05,0.05,0.05,0.05,0.04,0.04,0.04,0.04,0.04,0.04,0.03,0.03,0.03,0.02,0.02,0.02,0.01,0.01,0.01,0.0,0.0,0.0,0.0,0.0,0.0,0.0,0.0,0.0,0.0,0.0
BLZ,Belize,Climate Watch,Agriculture,All GHG,MtCO₂e,0.3,0.36,0.37,0.37,0.35,0.34,0.35,0.35,0.34,0.38,0.28,0.3,0.25,0.26,0.23,0.22,0.19,0.19,0.17,0.29,0.23,0.17,0.16,0.17,0.15,0.14,0.13,0.14,0.17,0.17,0.19,0.17,0.17
BLZ,Belize,Climate Watch,Waste,All GHG,MtCO₂e,0.26,0.25,0.25,0.24,0.24,0.23,0.23,0.22,0.22,0.21,0.21,0.2,0.2,0.19,0.19,0.19,0.19,0.18,0.17,0.16,0.14,0.12,0.1,1.3,2.49,3.69,4.88,6.08,7.27,7.12,6.97,6.82,6.68
BLZ,Belize,Climate Watch,Land-Use Change and Forestry,All GHG,MtCO₂e,5.23,5.25,5.39,5.29,5.22,5.3,5.24,5.5,5.46,5.59,5.45,5.88,3.29,3.24,3.28,3.35,3.23,3.31,3.2,3.49,3.27,3.24,6.6,6.56,6.63,6.55,6.58,6.59,6.59,6.59,6.59,6.59,6.59
BLZ,Belize,Climate Watch,Bunker Fuels,All GHG,MtCO₂e,0.17,0.1,0.08,0.08,0.05,0.05,0.05,0.05,0.04,0.04,0.04,0.04,0.04,0.05,0.05,0.05,0.07,0.07,0.07,0.06,0.06,0.05,0.09,0.07,0.07,0.05,0.04,0.03,0.04,0.03,0.05,0.05,0.04
BLZ,Belize,Climate Watch,Electricity/Heat,All GHG,MtCO₂e,0.05,0.04,0.02,0.07,0.03,0.02,0.02,0.02,0.02,0.02,0.02,0.02,0.02,0.03,0.01,0.03,0.03,0.07,0.06,0.08,0.04,0.04,0.03,0.06,0.09,0.09,0.08,0.09,0.11,0.12,0.11,0.1,0.08
BLZ,Belize,Climate Watch,Building,All GHG,MtCO₂e,0.08,0.08,0.08,0.09,0.09,0.08,0.08,0.07,0.02,0.02,0.04,0.04,0.05,0.05,0.05,0.05,0.05,0.05,0.05,0.04,0.04,0.05,0.05,0.04,0.03,0.04,0.04,0.04,0.04,0.03,0.03,0.14,0.1
BLZ,Belize,Climate Watch,Manufacturing/Construction,All GHG,MtCO₂e,0.06,0.05,0.06,0.05,0.05,0.05,0.06,0.06,0.05,0.05,0.06,0.05,0.12,0.11,0.09,0.12,0.13,0.08,0.06,0.1,0.15,0.14,0.08,0.03,0.02,0.04,0.03,0.04,0.03,0.03,0.03,0.05,0.04
BLZ,Belize,Climate Watch,Transportation,All GHG,MtCO₂e,0.48,0.45,0.45,0.54,0.47,0.48,0.5,0.53,0.4,0.37,0.34,0.46,0.33,0.35,0.31,0.29,0.26,0.25,0.24,0.24,0.23,0.25,0.27,0.24,0.26,0.26,0.19,0.24,0.23,0.23,0.22,0.15,0.11
BLZ,Belize,Climate Watch,Fugitive Emissions,All GHG,MtCO₂e,0.0,0.0,0.03,0.02,0.01,0.02,0.03,0.03,0.03,0.03,0.04,0.06,0.07,0.06,0.06,0.05,0.04,0.0,0.0,0.02,0.01,0.01,0.0,0.0,0.0,0.0,0.0,0.0,0.0,0.0,0.0,0.0,0.0
BOL,Bolivia,Climate Watch,Total excluding LUCF,All GHG,MtCO₂e,63.39,61.03,57.01,60.0,58.62,58.58,58.56,56.24,54.77,53.94,51.95,50.22,50.04,45.1,44.11,42.93,41.43,40.68,38.57,35.71,35.2,32.29,32.7,33.2,32.77,32.81,30.69,31.07,32.73,33.71,35.07,34.25,33.03
BOL,Bolivia,Climate Watch,Total including LUCF,All GHG,MtCO₂e,137.66,138.8,133.47,141.16,128.44,128.06,129.95,119.14,115.53,115.35,115.71,115.36,130.79,104.22,106.21,112.77,106.58,104.78,110.77,95.21,99.11,92.29,112.17,122.53,116.53,116.62,114.04,114.48,116.14,117.13,118.49,117.66,116.45
BOL,Bolivia,Climate Watch,Energy,All GHG,MtCO₂e,25.67,24.47,21.24,24.65,25.2,25.31,25.15,24.05,23.69,22.12,20.56,19.13,17.67,16.21,15.91,15.08,13.79,12.78,12.03,11.1,10.38,9.67,9.73,10.28,10.93,12.05,10.74,11.07,13.36,14.93,16.79,16.48,15.7
BOL,Bolivia,Climate Watch,Industrial Processes,All GHG,MtCO₂e,2.04,1.91,1.72,1.98,1.9,1.83,1.81,1.74,1.67,1.54,1.42,1.45,1.34,1.28,1.11,0.98,0.91,0.79,0.7,0.62,0.55,0.52,0.54,0.6,0.58,0.52,0.45,0.45,0.39,0.36,0.33,0.3,0.29
BOL,Bolivia,Climate Watch,Agriculture,All GHG,MtCO₂e,32.5,31.52,30.96,30.33,28.53,28.52,28.74,27.64,26.65,27.59,27.35,27.05,28.5,25.13,24.68,24.51,24.41,24.84,23.64,21.83,22.15,20.25,20.83,20.81,19.86,19.01,18.46,18.7,18.31,17.87,17.52,17.15,16.85
BOL,Bolivia,Climate Watch,Waste,All GHG,MtCO₂e,3.18,3.13,3.09,3.03,2.98,2.92,2.86,2.81,2.75,2.68,2.62,2.58,2.54,2.48,2.41,2.37,2.33,2.26,2.2,2.16,2.11,1.85,1.6,1.5,1.41,1.22,1.04,0.85,0.66,0.55,0.43,0.31,0.2
BOL,Bolivia,Climate Watch,Land-Use Change and Forestry,All GHG,MtCO₂e,74.28,77.77,76.46,81.16,69.82,69.48,71.4,62.9,60.76,61.42,63.76,65.14,80.75,59.12,62.1,69.84,65.15,64.11,72.2,59.5,63.91,59.99,79.48,89.34,83.75,83.81,83.35,83.42,83.42,83.42,83.42,83.42,83.42
BOL,Bolivia,Climate Watch,Bunker Fuels,All GHG,MtCO₂e,0.17,0.09,0.08,0.21,0.2,0.2,0.19,0.19,0.18,0.17,0.13,0.19,0.17,0.16,0.16,0.15,0.18,0.18,0.16,0.16,0.15,0.14,0.16,N/A,N/A,N/A,N/A,N/A,N/A,N/A,N/A,N/A,N/A
BOL,Bolivia,Climate Watch,Electricity/Heat,All GHG,MtCO₂e,4.25,4.23,4.1,4.53,4.95,5.29,5.59,4.76,4.65,4.25,4.27,4.06,3.77,3.27,3.05,2.74,2.49,2.39,2.13,2.12,1.79,1.56,1.8,1.68,2.14,2.07,2.0,2.27,1.95,1.68,1.72,1.52,1.55
BOL,Bolivia,Climate Watch,Building,All GHG,MtCO₂e,2.1,2.02,1.88,1.9,1.89,1.83,1.8,1.73,1.69,1.58,1.52,1.5,1.45,1.4,1.36,1.37,1.34,1.28,1.25,1.17,1.15,1.11,1.07,1.48,1.51,1.52,1.41,1.34,1.31,1.28,1.22,1.18,1.2
BOL,Bolivia,Climate Watch,Manufacturing/Construction,All GHG,MtCO₂e,2.18,2.13,1.9,2.37,2.31,2.36,2.41,2.45,2.47,2.41,2.19,2.05,1.85,1.8,1.77,1.87,1.45,1.32,1.32,1.17,1.28,1.11,0.92,1.02,1.01,0.91,0.83,0.96,0.87,0.77,0.74,0.73,0.78
BOL,Bolivia,Climate Watch,Transportation,All GHG,MtCO₂e,12.68,11.5,9.0,11.16,11.02,10.6,9.93,9.43,9.06,8.35,7.53,6.93,6.25,5.69,5.23,4.63,4.09,3.54,3.31,3.0,2.79,2.71,2.7,3.25,3.25,3.15,3.32,3.2,2.88,2.77,2.4,2.43,2.32
BOL,Bolivia,Climate Watch,Other Fuel Combustion,All GHG,MtCO₂e,0.88,0.79,0.58,0.74,0.66,0.54,0.56,0.6,0.65,0.66,0.66,0.67,0.66,0.69,0.73,0.77,0.78,0.74,0.75,0.73,0.71,0.75,0.77,0.03,0.02,0.02,0.03,0.04,0.04,0.04,0.11,0.12,0.06
BOL,Bolivia,Climate Watch,Fugitive Emissions,All GHG,MtCO₂e,3.57,3.81,3.79,3.95,4.37,4.69,4.86,5.08,5.17,4.87,4.39,3.93,3.69,3.37,3.78,3.7,3.64,3.51,3.27,2.92,2.66,2.44,2.46,2.82,3.0,4.38,3.14,3.25,6.31,8.4,10.6,10.5,9.79
BRA,Brazil,Climate Watch,Total excluding LUCF,All GHG,MtCO₂e,1200.0,1203.74,1131.8,1135.54,1120.48,1149.66,1129.58,1161.53,1180.96,1144.53,1110.33,1071.14,1051.59,965.05,985.9,968.32,944.39,942.9,929.49,882.7,864.6,832.43,805.72,785.3,767.16,742.34,712.91,709.43,682.54,665.54,655.17,644.91,623.37
BRA,Brazil,Climate Watch,Total including LUCF,All GHG,MtCO₂e,1597.22,1598.81,1537.1,1533.43,1509.63,1550.01,1524.43,1437.66,1450.3,1410.09,1384.67,1339.37,2178.84,2069.71,2095.86,2095.14,2055.61,2066.93,2048.86,1999.09,1982.84,1942.16,1847.49,1845.11,1833.46,1796.6,1764.33,1761.52,1734.63,1717.63,1707.24,1696.97,1675.44
BRA,Brazil,Climate Watch,Energy,All GHG,MtCO₂e,482.99,507.42,453.91,475.45,475.25,497.22,482.23,518.99,540.35,513.97,483.01,448.15,428.87,380.4,404.01,382.06,366.42,362.43,357.29,338.7,342.69,339.84,332.26,317.26,305.2,294.79,275.8,255.45,238.22,230.53,224.36,220.13,213.56
BRA,Brazil,Climate Watch,Industrial Processes,All GHG,MtCO₂e,54.0,53.39,50.66,45.83,43.72,41.66,40.93,41.61,43.07,43.17,41.36,39.18,38.47,34.68,33.69,30.45,32.68,29.31,27.63,24.16,24.44,22.61,23.27,24.91,23.86,21.93,21.48,20.94,19.35,19.63,18.26,20.02,18.1
BRA,Brazil,Climate Watch,Agriculture,All GHG,MtCO₂e,574.18,554.23,538.61,525.94,514.23,524.56,521.25,519.26,516.61,507.58,511.81,510.97,513.39,482.68,482.58,491.23,482.5,491.68,486.33,462.1,443.02,418.06,399.57,394.53,392.26,381.43,373.15,392.04,385.6,377.35,375.77,369.43,357.7
BRA,Brazil,Climate Watch,Waste,All GHG,MtCO₂e,88.84,88.71,88.63,88.33,87.28,86.22,85.17,81.67,80.93,79.81,74.15,72.85,70.87,67.28,65.61,64.58,62.79,59.49,58.24,57.75,54.45,51.92,50.62,48.61,45.85,44.2,42.48,41.0,39.37,38.02,36.77,35.33,34.01
BRA,Brazil,Climate Watch,Land-Use Change and Forestry,All GHG,MtCO₂e,397.21,395.07,405.31,397.9,389.16,400.36,394.86,276.14,269.33,265.57,274.35,268.23,1127.25,1104.66,1109.96,1126.82,1111.22,1124.04,1119.37,1116.39,1118.24,1109.73,1041.77,1059.81,1066.3,1054.26,1051.42,1052.09,1052.09,1052.09,1052.06,1052.06,1052.06
BRA,Brazil,Climate Watch,Bunker Fuels,All GHG,MtCO₂e,15.7,13.16,15.11,18.12,16.89,17.54,17.85,20.05,18.74,18.0,19.0,20.27,18.74,16.97,19.27,15.75,14.59,14.5,13.62,13.52,13.76,12.31,11.38,10.78,8.32,8.07,6.67,5.81,5.69,4.81,4.06,3.98,3.19
BRA,Brazil,Climate Watch,Electricity/Heat,All GHG,MtCO₂e,73.31,112.26,86.63,92.44,93.25,102.62,99.38,123.96,129.03,109.98,84.56,65.36,71.91,59.66,71.12,59.37,59.96,59.65,57.4,51.68,51.36,55.96,51.09,46.41,39.84,39.13,34.76,32.27,30.75,30.93,30.61,28.85,28.78
BRA,Brazil,Climate Watch,Building,All GHG,MtCO₂e,28.95,28.97,28.98,28.36,28.6,27.85,27.33,27.44,27.45,26.95,27.46,27.56,28.11,28.19,28.7,28.75,28.57,28.53,28.9,28.26,30.13,29.42,28.87,28.81,27.55,26.98,26.58,26.6,26.47,25.63,26.25,25.69,25.49
BRA,Brazil,Climate Watch,Manufacturing/Construction,All GHG,MtCO₂e,93.26,92.3,82.54,88.38,91.95,95.12,88.98,98.49,102.39,105.39,106.77,110.6,101.91,87.19,97.31,97.22,87.98,87.58,88.9,86.0,86.73,83.75,85.86,78.32,73.5,71.41,67.49,61.86,57.95,55.9,53.57,52.76,49.49
BRA,Brazil,Climate Watch,Transportation,All GHG,MtCO₂e,220.0,207.24,189.17,200.05,198.57,207.03,205.67,207.46,221.61,216.28,208.68,190.91,173.35,153.38,155.96,150.2,144.15,141.15,140.33,131.17,133.6,131.47,128.85,127.66,130.35,123.9,116.75,106.99,96.73,92.46,88.89,88.2,84.27
BRA,Brazil,Climate Watch,Other Fuel Combustion,All GHG,MtCO₂e,23.71,23.13,23.07,22.73,22.26,22.75,20.91,21.52,21.24,20.49,20.23,19.57,21.07,20.15,20.82,18.78,17.72,17.54,17.68,17.57,17.28,17.48,16.09,16.63,16.27,18.14,16.38,15.79,14.77,14.12,13.45,12.93,13.52
BRA,Brazil,Climate Watch,Fugitive Emissions,All GHG,MtCO₂e,43.77,43.51,43.51,43.49,40.62,41.85,39.95,40.11,38.64,34.88,35.31,34.15,32.51,31.83,30.1,27.74,28.03,27.97,24.08,24.02,23.58,21.77,21.5,19.43,17.7,15.22,13.84,11.93,11.55,11.5,11.59,11.71,12.0
BRB,Barbados,Climate Watch,Total excluding LUCF,All GHG,MtCO₂e,3.85,3.78,3.83,4.0,4.03,3.91,3.9,3.84,3.87,4.04,4.04,4.1,4.04,4.15,4.17,3.87,3.85,3.79,3.74,3.69,3.63,3.64,3.64,3.63,3.55,3.74,3.62,3.57,3.52,3.4,3.42,3.46,3.41
BRB,Barbados,Climate Watch,Total including LUCF,All GHG,MtCO₂e,3.85,3.78,3.83,4.0,4.03,3.91,3.9,3.84,3.86,4.04,4.04,4.1,4.04,4.14,4.17,3.87,3.85,3.79,3.74,3.69,3.63,3.63,3.64,3.63,3.55,3.74,3.62,3.57,3.52,3.4,3.42,3.46,3.41
BRB,Barbados,Climate Watch,Energy,All GHG,MtCO₂e,1.15,1.1,1.2,1.36,1.4,1.29,1.34,1.29,1.33,1.51,1.51,1.56,1.51,1.63,1.64,1.37,1.36,1.33,1.28,1.26,1.22,1.27,1.27,1.27,1.18,1.17,1.08,1.05,1.03,0.96,0.96,1.02,1.03
BRB,Barbados,Climate Watch,Industrial Processes,All GHG,MtCO₂e,0.37,0.36,0.32,0.33,0.32,0.31,0.26,0.25,0.25,0.24,0.24,0.26,0.26,0.26,0.27,0.26,0.25,0.23,0.22,0.2,0.19,0.15,0.14,0.14,0.14,0.09,0.06,0.04,0.05,0.04,0.09,0.1,0.1
BRB,Barbados,Climate Watch,Agriculture,All GHG,MtCO₂e,0.06,0.06,0.06,0.06,0.06,0.06,0.06,0.06,0.06,0.06,0.06,0.06,0.05,0.05,0.06,0.05,0.06,0.06,0.07,0.06,0.07,0.08,0.08,0.09,0.09,0.1,0.1,0.1,0.1,0.1,0.1,0.1,0.09
BRB,Barbados,Climate Watch,Waste,All GHG,MtCO₂e,2.27,2.26,2.26,2.26,2.25,2.25,2.24,2.24,2.23,2.23,2.22,2.22,2.21,2.21,2.2,2.19,2.18,2.17,2.17,2.16,2.15,2.15,2.14,2.14,2.14,2.39,2.38,2.37,2.36,2.32,2.27,2.23,2.19
BRB,Barbados,Climate Watch,Land-Use Change and Forestry,All GHG,MtCO₂e,0.0,0.0,0.0,0.0,0.0,0.0,0.0,0.0,0.0,0.0,0.0,0.0,0.0,0.0,0.0,0.0,0.0,0.0,0.0,0.0,0.0,0.0,0.0,0.0,0.0,0.0,0.0,0.0,0.0,0.0,0.0,0.0,0.0
BRB,Barbados,Climate Watch,Bunker Fuels,All GHG,MtCO₂e,0.37,0.22,0.2,0.41,0.41,0.4,0.35,0.33,0.31,0.31,0.28,0.35,0.31,0.33,0.39,0.36,0.34,0.36,0.37,0.37,0.38,0.39,0.5,0.41,0.39,0.44,0.34,0.3,0.28,0.21,0.23,0.27,0.27
BRB,Barbados,Climate Watch,Electricity/Heat,All GHG,MtCO₂e,0.48,0.45,0.47,0.5,0.62,0.52,0.55,0.63,0.63,0.8,0.8,0.81,0.76,0.87,0.85,0.68,0.68,0.64,0.62,0.6,0.58,0.61,0.57,0.6,0.55,0.56,0.55,0.52,0.49,0.48,0.46,0.48,0.48
BRB,Barbados,Climate Watch,Building,All GHG,MtCO₂e,0.08,0.07,0.07,0.1,0.09,0.09,0.08,0.08,0.09,0.09,0.09,0.09,0.11,0.1,0.11,0.08,0.08,0.08,0.08,0.08,0.08,0.07,0.08,0.09,0.08,0.07,0.06,0.06,0.06,0.06,0.06,0.06,0.06
BRB,Barbados,Climate Watch,Manufacturing/Construction,All GHG,MtCO₂e,0.23,0.22,0.28,0.29,0.23,0.22,0.26,0.13,0.18,0.16,0.15,0.17,0.16,0.17,0.19,0.16,0.15,0.16,0.16,0.16,0.15,0.17,0.21,0.18,0.17,0.18,0.16,0.14,0.13,0.1,0.11,0.17,0.18
BRB,Barbados,Climate Watch,Transportation,All GHG,MtCO₂e,0.34,0.33,0.34,0.43,0.42,0.43,0.42,0.41,0.41,0.42,0.44,0.46,0.44,0.44,0.46,0.41,0.41,0.41,0.39,0.38,0.37,0.37,0.37,0.35,0.34,0.3,0.25,0.28,0.28,0.27,0.27,0.27,0.27
BRB,Barbados,Climate Watch,Other Fuel Combustion,All GHG,MtCO₂e,0.0,0.0,0.0,0.0,0.0,0.0,0.0,0.0,0.0,0.0,0.0,0.01,0.01,0.01,0.01,0.0,0.01,0.01,0.01,0.01,0.0,0.01,0.01,0.01,0.01,0.01,0.0,0.01,0.01,0.0,0.0,0.01,0.01
BRB,Barbados,Climate Watch,Fugitive Emissions,All GHG,MtCO₂e,0.02,0.02,0.03,0.04,0.04,0.02,0.03,0.03,0.03,0.03,0.03,0.03,0.03,0.03,0.03,0.03,0.03,0.03,0.03,0.04,0.04,0.04,0.04,0.05,0.04,0.05,0.05,0.05,0.05,0.05,0.05,0.04,0.04
BRN,Brunei,Climate Watch,Total excluding LUCF,All GHG,MtCO₂e,11.68,12.36,12.29,10.03,10.29,10.05,9.59,9.04,9.79,9.94,10.19,10.26,10.04,10.74,11.0,10.09,10.61,7.83,7.99,8.39,7.35,7.29,7.35,6.91,6.77,7.51,7.07,6.85,6.46,6.13,5.62,5.22,4.99
BRN,Brunei,Climate Watch,Total including LUCF,All GHG,MtCO₂e,11.93,12.61,12.63,10.29,10.53,10.29,9.91,9.29,10.12,10.19,10.44,10.52,11.2,11.91,12.16,11.25,11.78,9.03,9.18,9.72,8.55,8.53,8.6,8.14,12.51,9.01,8.37,8.22,7.82,7.49,6.97,6.57,6.34
BRN,Brunei,Climate Watch,Energy,All GHG,MtCO₂e,10.54,11.23,11.19,8.97,9.25,9.04,8.6,8.08,8.85,9.01,9.28,9.38,9.17,9.89,10.18,9.29,9.84,7.09,7.27,7.7,6.7,6.65,6.75,6.33,6.23,6.99,6.59,6.41,6.05,5.77,5.31,4.99,4.77
BRN,Brunei,Climate Watch,Industrial Processes,All GHG,MtCO₂e,0.27,0.26,0.24,0.22,0.2,0.18,0.17,0.15,0.14,0.14,0.13,0.12,0.12,0.11,0.1,0.09,0.08,0.07,0.06,0.06,0.05,0.04,0.03,0.03,0.03,0.03,0.03,0.02,0.02,0.02,0.02,0.02,0.01
BRN,Brunei,Climate Watch,Agriculture,All GHG,MtCO₂e,0.11,0.11,0.1,0.09,0.1,0.1,0.1,0.1,0.1,0.1,0.1,0.09,0.1,0.09,0.09,0.09,0.09,0.08,0.08,0.08,0.07,0.08,0.07,0.06,0.06,0.05,0.04,0.04,0.04,0.04,0.04,0.04,0.04
BRN,Brunei,Climate Watch,Waste,All GHG,MtCO₂e,0.77,0.76,0.75,0.74,0.74,0.73,0.72,0.71,0.71,0.7,0.68,0.67,0.66,0.65,0.63,0.62,0.6,0.59,0.57,0.55,0.54,0.52,0.5,0.48,0.46,0.44,0.41,0.38,0.35,0.3,0.25,0.17,0.17
BRN,Brunei,Climate Watch,Land-Use Change and Forestry,All GHG,MtCO₂e,0.25,0.25,0.34,0.26,0.24,0.24,0.32,0.26,0.33,0.24,0.25,0.27,1.17,1.17,1.16,1.16,1.17,1.2,1.19,1.33,1.2,1.24,1.25,1.23,5.74,1.5,1.31,1.37,1.35,1.35,1.35,1.35,1.35
BRN,Brunei,Climate Watch,Bunker Fuels,All GHG,MtCO₂e,0.12,0.06,0.12,0.35,0.26,0.23,0.24,0.55,0.45,0.52,0.46,0.65,0.62,0.54,0.57,0.55,0.57,0.53,0.52,0.49,0.47,0.45,0.43,0.39,0.44,0.48,0.44,0.43,0.41,0.34,0.31,0.28,0.23
BRN,Brunei,Climate Watch,Electricity/Heat,All GHG,MtCO₂e,7.3,7.58,7.58,4.78,5.21,4.79,4.63,4.09,4.84,4.97,4.99,5.16,5.16,5.13,3.93,3.77,4.21,3.71,3.78,4.14,3.3,3.3,3.42,3.15,3.24,3.88,3.59,3.47,3.17,2.95,2.71,2.61,2.54
BRN,Brunei,Climate Watch,Building,All GHG,MtCO₂e,0.08,0.09,0.09,0.09,0.12,0.09,0.09,0.09,0.09,0.09,0.1,0.1,0.1,0.11,0.11,0.11,0.08,0.05,0.05,0.06,0.06,0.06,0.06,0.06,0.06,0.07,0.06,0.06,0.06,0.06,0.05,0.05,0.05
BRN,Brunei,Climate Watch,Manufacturing/Construction,All GHG,MtCO₂e,0.56,0.54,0.51,0.41,0.37,0.43,0.32,0.42,0.34,0.42,0.54,0.47,0.44,0.97,1.93,1.85,1.9,0.12,0.12,0.13,0.13,0.12,0.14,0.17,0.2,0.27,0.23,0.2,0.19,0.17,0.17,0.14,0.13
BRN,Brunei,Climate Watch,Transportation,All GHG,MtCO₂e,1.24,1.18,1.24,1.36,1.39,1.37,1.37,1.39,1.39,1.36,1.38,1.32,1.21,1.15,1.16,1.16,1.06,0.98,1.0,0.95,0.91,0.87,0.83,0.83,0.84,0.9,0.86,0.8,0.74,0.7,0.67,0.61,0.57
BRN,Brunei,Climate Watch,Other Fuel Combustion,All GHG,MtCO₂e,N/A,N/A,0.05,0.07,0.09,0.08,0.04,0.04,0.09,0.05,N/A,N/A,N/A,0.11,0.12,N/A,N/A,N/A,N/A,N/A,N/A,N/A,N/A,N/A,N/A,0.0,N/A,N/A,N/A,N/A,N/A,N/A,N/A
BRN,Brunei,Climate Watch,Fugitive Emissions,All GHG,MtCO₂e,1.36,1.84,1.72,2.27,2.07,2.29,2.15,2.06,2.11,2.12,2.27,2.32,2.27,2.42,2.92,2.41,2.59,2.24,2.32,2.42,2.31,2.32,2.3,2.12,1.89,1.88,1.85,1.88,1.89,1.88,1.7,1.58,1.49
BTN,Bhutan,Climate Watch,Total excluding LUCF,All GHG,MtCO₂e,2.16,2.27,2.01,2.4,2.53,2.5,2.38,2.24,2.12,2.04,1.9,1.78,1.62,1.39,1.4,1.11,1.09,0.73,0.66,0.71,0.69,0.66,0.61,0.6,0.6,0.61,0.52,0.46,0.41,0.37,0.39,0.37,0.88
BTN,Bhutan,Climate Watch,Total including LUCF,All GHG,MtCO₂e,0.85,0.96,0.7,1.08,1.22,1.19,1.08,0.96,0.84,0.73,0.67,0.48,-4.94,-5.21,-5.2,-5.43,-5.5,-5.87,-5.94,-5.9,-5.92,-5.93,-5.98,-5.95,-5.97,-5.98,-6.07,-6.13,-6.18,-6.22,-6.2,-6.21,-5.7
BTN,Bhutan,Climate Watch,Energy,All GHG,MtCO₂e,1.15,1.2,0.95,1.16,1.25,1.26,1.13,1.09,1.04,1.03,0.94,0.79,0.82,0.61,0.57,0.31,0.32,0.39,0.35,0.41,0.41,0.37,0.31,0.3,0.3,0.3,0.22,0.18,0.15,0.12,0.15,0.13,0.13
BTN,Bhutan,Climate Watch,Industrial Processes,All GHG,MtCO₂e,0.34,0.37,0.35,0.49,0.51,0.47,0.49,0.42,0.37,0.31,0.28,0.29,0.12,0.11,0.11,0.1,0.1,0.09,0.09,0.09,0.09,0.09,0.08,0.08,0.08,0.08,0.08,0.07,0.06,0.05,0.06,0.06,0.06
BTN,Bhutan,Climate Watch,Agriculture,All GHG,MtCO₂e,0.49,0.53,0.54,0.58,0.6,0.6,0.59,0.56,0.56,0.55,0.54,0.56,0.55,0.55,0.61,0.58,0.57,0.15,0.13,0.13,0.12,0.14,0.15,0.16,0.17,0.18,0.18,0.18,0.17,0.17,0.16,0.18,0.68
BTN,Bhutan,Climate Watch,Waste,All GHG,MtCO₂e,0.18,0.18,0.18,0.17,0.17,0.17,0.17,0.17,0.16,0.15,0.15,0.14,0.13,0.12,0.12,0.11,0.1,0.09,0.09,0.08,0.07,0.07,0.06,0.05,0.05,0.05,0.04,0.04,0.03,0.03,0.02,0.01,0.01
BTN,Bhutan,Climate Watch,Land-Use Change and Forestry,All GHG,MtCO₂e,-1.31,-1.31,-1.31,-1.32,-1.31,-1.31,-1.3,-1.28,-1.28,-1.31,-1.23,-1.29,-6.56,-6.6,-6.6,-6.53,-6.59,-6.6,-6.6,-6.61,-6.6,-6.59,-6.59,-6.55,-6.58,-6.59,-6.59,-6.59,-6.59,-6.59,-6.59,-6.59,-6.59
BTN,Bhutan,Climate Watch,Bunker Fuels,All GHG,MtCO₂e,0.0,0.0,0.0,0.01,0.01,0.01,0.01,0.01,0.01,0.01,0.01,0.0,0.0,0.0,0.0,0.0,0.0,0.0,0.0,0.0,0.0,0.0,0.0,0.0,0.0,0.0,0.0,0.0,0.0,0.0,0.0,0.0,0.0
BTN,Bhutan,Climate Watch,Electricity/Heat,All GHG,MtCO₂e,N/A,N/A,N/A,N/A,N/A,0.0,N/A,N/A,N/A,0.0,0.0,0.0,0.0,0.0,0.0,0.0,0.0,0.0,0.0,0.0,0.0,0.0,N/A,N/A,N/A,N/A,N/A,N/A,0.0,0.0,0.0,0.0,0.01
BTN,Bhutan,Climate Watch,Building,All GHG,MtCO₂e,0.03,0.03,0.03,0.04,0.02,0.04,0.04,0.04,0.04,0.04,0.04,0.04,0.04,0.04,0.03,0.05,0.05,0.05,0.04,0.04,0.04,0.04,0.04,0.04,0.04,0.04,0.05,0.03,0.03,0.03,0.02,0.03,0.03
BTN,Bhutan,Climate Watch,Manufacturing/Construction,All GHG,MtCO₂e,0.74,0.77,0.54,0.57,0.68,0.75,0.66,0.64,0.6,0.58,0.49,0.4,0.5,0.35,0.34,0.08,0.09,0.17,0.14,0.21,0.23,0.21,0.16,0.16,0.17,0.18,0.09,0.07,0.06,0.04,0.07,0.04,0.04
BTN,Bhutan,Climate Watch,Transportation,All GHG,MtCO₂e,0.37,0.39,0.38,0.54,0.54,0.47,0.43,0.41,0.39,0.41,0.4,0.35,0.28,0.22,0.2,0.19,0.17,0.17,0.17,0.16,0.14,0.12,0.11,0.1,0.09,0.08,0.08,0.07,0.05,0.05,0.05,0.04,0.04
BTN,Bhutan,Climate Watch,Other Fuel Combustion,All GHG,MtCO₂e,N/A,N/A,N/A,N/A,N/A,N/A,N/A,N/A,N/A,N/A,N/A,N/A,N/A,N/A,N/A,N/A,N/A,N/A,N/A,N/A,N/A,0.0,0.0,0.0,0.0,0.0,0.0,0.0,0.0,0.0,0.0,0.0,0.0
BTN,Bhutan,Climate Watch,Fugitive Emissions,All GHG,MtCO₂e,0.0,0.0,0.0,0.0,0.0,0.0,0.0,0.0,0.0,0.0,0.0,0.0,0.0,0.0,0.0,0.0,0.0,0.0,0.0,0.0,0.0,0.0,0.0,0.0,0.0,0.0,0.0,0.0,0.0,0.0,0.0,0.0,0.0
BWA,Botswana,Climate Watch,Total excluding LUCF,All GHG,MtCO₂e,18.39,21.56,12.8,11.04,13.87,15.36,11.43,12.66,13.17,14.51,14.03,28.8,22.91,10.96,21.01,11.62,13.15,11.21,9.65,9.24,17.35,17.02,14.15,14.37,14.3,14.67,15.08,14.45,13.54,13.24,13.54,13.25,13.84
BWA,Botswana,Climate Watch,Total including LUCF,All GHG,MtCO₂e,59.54,62.7,53.94,52.18,54.98,56.47,52.53,53.75,54.26,55.61,55.13,69.91,64.02,52.06,62.11,52.72,54.25,52.32,50.76,50.32,58.42,58.09,55.28,55.65,55.65,55.94,56.39,55.52,54.61,54.31,54.61,54.31,54.91
BWA,Botswana,Climate Watch,Energy,All GHG,MtCO₂e,7.25,6.96,6.52,7.96,8.83,8.07,7.34,7.66,7.68,6.09,4.06,4.45,3.82,4.57,5.0,4.9,4.6,4.85,4.54,4.55,4.67,4.53,4.66,4.51,4.29,3.68,3.52,3.78,3.68,3.83,3.86,3.26,3.3
BWA,Botswana,Climate Watch,Industrial Processes,All GHG,MtCO₂e,0.18,0.17,0.16,0.15,0.14,0.13,0.12,0.11,0.11,0.1,0.1,0.1,0.19,0.18,0.07,0.07,0.06,0.05,0.05,0.04,0.04,0.03,0.03,0.02,0.02,0.02,0.02,0.02,0.02,0.01,0.01,0.01,0.01
BWA,Botswana,Climate Watch,Agriculture,All GHG,MtCO₂e,10.75,14.24,5.92,2.74,4.72,6.99,3.79,4.72,5.21,8.15,9.69,24.09,18.74,6.03,15.76,6.48,8.32,6.14,4.9,4.48,12.47,12.29,9.29,9.65,9.79,10.76,11.33,10.43,9.61,9.21,9.54,9.9,10.46
BWA,Botswana,Climate Watch,Waste,All GHG,MtCO₂e,0.2,0.2,0.19,0.19,0.18,0.18,0.17,0.17,0.17,0.17,0.17,0.17,0.17,0.17,0.17,0.17,0.17,0.17,0.17,0.17,0.17,0.17,0.17,0.18,0.19,0.2,0.21,0.23,0.24,0.18,0.13,0.07,0.07
BWA,Botswana,Climate Watch,Land-Use Change and Forestry,All GHG,MtCO₂e,41.15,41.14,41.14,41.14,41.11,41.11,41.1,41.09,41.09,41.1,41.1,41.1,41.11,41.11,41.1,41.1,41.1,41.11,41.1,41.08,41.07,41.07,41.14,41.28,41.35,41.27,41.31,41.07,41.07,41.07,41.07,41.07,41.07
BWA,Botswana,Climate Watch,Bunker Fuels,All GHG,MtCO₂e,0.03,0.02,0.01,0.05,0.05,0.04,0.04,0.04,0.03,0.04,0.04,0.04,0.04,0.05,0.05,0.03,0.04,0.03,0.03,0.02,0.02,0.02,0.02,0.03,0.02,0.02,0.02,0.02,0.02,0.01,0.03,0.03,0.04
BWA,Botswana,Climate Watch,Electricity/Heat,All GHG,MtCO₂e,3.45,3.26,2.96,4.09,4.81,4.3,3.64,3.83,3.77,2.33,0.49,1.08,0.57,0.94,1.06,1.08,1.28,1.69,1.62,1.38,1.32,1.25,1.67,1.67,1.32,1.41,1.32,1.76,1.67,1.65,1.66,1.41,1.53
BWA,Botswana,Climate Watch,Building,All GHG,MtCO₂e,0.81,0.79,0.77,0.77,0.76,0.74,0.73,0.73,0.79,0.76,0.75,0.72,0.72,0.7,0.69,0.71,0.68,0.66,0.66,0.82,0.93,0.93,0.84,0.8,0.91,0.69,0.69,0.67,0.7,0.68,0.65,0.6,0.57
BWA,Botswana,Climate Watch,Manufacturing/Construction,All GHG,MtCO₂e,0.62,0.6,0.57,0.65,0.69,0.62,0.61,0.68,0.78,0.75,0.67,0.58,0.55,0.99,1.16,1.22,0.98,0.93,0.65,0.9,1.08,0.94,0.86,0.85,0.96,0.55,0.55,0.4,0.48,0.64,0.69,0.49,0.5
BWA,Botswana,Climate Watch,Transportation,All GHG,MtCO₂e,2.34,2.27,2.19,2.42,2.52,2.36,2.32,2.37,2.29,2.2,2.12,2.03,1.94,1.83,2.04,1.76,1.63,1.54,1.5,1.38,1.28,1.35,1.26,1.16,1.07,1.0,0.93,0.92,0.79,0.82,0.84,0.73,0.67
BWA,Botswana,Climate Watch,Other Fuel Combustion,All GHG,MtCO₂e,0.04,0.04,0.04,0.04,0.04,0.04,0.04,0.04,0.05,0.05,0.04,0.04,0.04,0.11,0.06,0.13,0.04,0.04,0.11,0.07,0.07,0.06,0.04,0.04,0.04,0.04,0.04,0.04,0.04,0.04,0.04,0.03,0.03
BWA,Botswana,Climate Watch,Fugitive Emissions,All GHG,MtCO₂e,0.0,0.0,0.0,0.0,0.0,0.0,0.0,0.0,0.0,0.0,0.0,0.0,0.0,0.0,0.0,0.0,0.0,0.0,0.0,0.0,0.0,0.0,0.0,0.0,0.0,0.0,0.0,0.0,0.0,0.0,0.0,0.0,0.0
CAF,Central African Republic,Climate Watch,Total excluding LUCF,All GHG,MtCO₂e,19.96,19.18,19.12,17.71,19.52,19.06,21.01,19.22,18.72,19.17,18.01,21.06,19.87,17.69,22.17,20.84,20.66,20.29,19.16,21.98,16.75,18.81,22.59,19.61,21.93,19.88,19.69,17.29,17.15,17.01,16.95,16.87,16.54
CAF,Central African Republic,Climate Watch,Total including LUCF,All GHG,MtCO₂e,55.53,54.25,53.52,53.15,55.33,54.42,60.21,50.81,50.01,53.56,55.72,59.63,55.95,46.73,59.26,61.09,57.21,59.98,51.67,62.31,46.91,52.53,42.38,41.25,45.06,39.65,36.16,49.8,49.65,49.51,49.45,49.37,49.05
CAF,Central African Republic,Climate Watch,Energy,All GHG,MtCO₂e,0.26,0.25,0.25,0.23,0.23,0.22,0.21,0.18,0.13,0.12,0.2,0.19,0.18,0.17,0.17,0.24,0.23,0.22,0.23,0.23,0.25,0.25,0.24,0.24,0.23,0.17,0.17,0.16,0.16,0.16,0.15,0.14,0.15
CAF,Central African Republic,Climate Watch,Industrial Processes,All GHG,MtCO₂e,0.05,0.04,0.04,0.04,0.03,0.03,0.03,0.03,0.03,0.02,0.02,0.02,0.02,0.02,0.02,0.02,0.01,0.01,0.01,0.01,0.01,0.01,0.01,0.0,0.0,0.0,0.0,0.0,0.0,0.0,0.0,0.0,0.0
CAF,Central African Republic,Climate Watch,Agriculture,All GHG,MtCO₂e,18.83,18.09,18.06,16.67,18.51,18.07,20.06,18.3,17.86,18.33,17.1,20.17,19.01,16.85,21.35,19.97,19.81,19.47,18.36,21.19,15.96,18.03,21.83,18.88,21.23,19.26,19.09,16.71,16.59,16.49,16.46,16.43,16.11
CAF,Central African Republic,Climate Watch,Waste,All GHG,MtCO₂e,0.82,0.8,0.78,0.77,0.75,0.73,0.72,0.71,0.7,0.7,0.69,0.68,0.67,0.65,0.63,0.61,0.6,0.58,0.57,0.55,0.54,0.52,0.51,0.49,0.47,0.45,0.43,0.41,0.39,0.37,0.33,0.29,0.29
CAF,Central African Republic,Climate Watch,Land-Use Change and Forestry,All GHG,MtCO₂e,35.57,35.07,34.39,35.45,35.81,35.36,39.2,31.6,31.29,34.39,37.71,38.57,36.08,29.05,37.08,40.25,36.55,39.69,32.5,40.32,30.16,33.72,19.79,21.64,23.13,19.77,16.47,32.5,32.5,32.5,32.5,32.5,32.5
CAF,Central African Republic,Climate Watch,Bunker Fuels,All GHG,MtCO₂e,0.06,0.06,0.06,0.05,0.05,0.05,0.05,0.05,0.03,0.03,0.03,0.03,0.03,0.03,0.03,0.04,0.04,0.04,0.05,0.05,0.05,0.05,0.05,0.05,0.05,0.05,0.05,0.05,0.05,0.05,0.05,0.05,0.05
CAF,Central African Republic,Climate Watch,Electricity/Heat,All GHG,MtCO₂e,0.0,0.0,0.0,0.0,0.0,0.0,0.0,0.0,0.0,0.0,0.03,0.03,0.02,0.02,0.02,0.02,0.03,0.02,0.02,0.03,0.03,0.03,0.02,0.02,0.02,0.02,0.02,0.02,0.02,0.02,0.02,0.02,0.02
CAF,Central African Republic,Climate Watch,Building,All GHG,MtCO₂e,0.02,0.01,0.01,0.01,0.01,0.01,0.01,0.01,0.01,0.02,0.02,0.03,0.02,0.03,0.04,0.04,0.04,0.04,0.04,0.04,0.04,0.04,0.04,0.04,0.03,0.03,0.03,0.03,0.03,0.03,0.03,0.03,0.04
CAF,Central African Republic,Climate Watch,Manufacturing/Construction,All GHG,MtCO₂e,0.01,0.01,0.01,0.01,0.01,0.01,0.0,0.01,0.01,0.01,0.01,0.01,0.01,0.01,0.01,0.01,0.01,0.01,0.01,0.01,0.01,0.01,0.01,0.01,0.01,0.01,0.01,0.01,0.01,0.01,0.01,0.01,0.01
CAF,Central African Republic,Climate Watch,Transportation,All GHG,MtCO₂e,0.24,0.23,0.22,0.21,0.21,0.2,0.19,0.16,0.11,0.09,0.14,0.13,0.12,0.1,0.1,0.12,0.12,0.11,0.12,0.12,0.13,0.13,0.13,0.13,0.12,0.1,0.1,0.1,0.1,0.1,0.09,0.09,0.08
CAF,Central African Republic,Climate Watch,Other Fuel Combustion,All GHG,MtCO₂e,N/A,N/A,N/A,N/A,N/A,N/A,N/A,N/A,N/A,N/A,N/A,N/A,N/A,N/A,N/A,0.04,0.04,0.04,0.04,0.04,0.04,0.04,0.04,0.04,0.04,N/A,N/A,N/A,N/A,N/A,N/A,N/A,N/A
CAF,Central African Republic,Climate Watch,Fugitive Emissions,All GHG,MtCO₂e,0.0,0.0,0.0,0.0,0.0,0.0,0.0,0.0,0.0,0.0,0.0,0.0,0.0,0.0,0.0,0.0,0.0,0.0,0.0,0.0,0.0,0.0,0.0,0.0,0.0,0.0,0.0,0.0,0.0,0.0,0.0,0.0,0.0
CAN,Canada,Climate Watch,Total excluding LUCF,All GHG,MtCO₂e,706.0,689.28,680.38,735.7,742.42,724.73,707.64,709.93,716.1,707.28,693.54,693.37,677.74,659.91,694.92,716.76,684.79,694.77,680.34,690.18,668.73,647.82,655.91,636.05,630.29,621.33,606.75,589.13,573.8,555.91,559.63,545.81,550.1
CAN,Canada,Climate Watch,Total including LUCF,All GHG,MtCO₂e,760.62,746.07,734.2,790.71,799.14,779.21,761.76,866.02,870.02,861.61,847.87,847.36,997.85,979.44,1014.14,1036.27,1004.8,1014.62,1000.65,1010.85,988.61,967.22,741.76,723.86,724.19,706.9,695.07,673.97,658.16,640.28,644.0,630.19,634.47
CAN,Canada,Climate Watch,Energy,All GHG,MtCO₂e,599.42,582.85,574.09,631.01,636.56,621.78,606.17,607.47,613.19,603.4,591.05,594.61,580.78,563.17,591.91,611.9,581.04,586.86,573.71,587.81,566.52,548.36,555.2,534.72,525.8,516.44,500.48,485.31,472.7,457.32,460.14,445.67,449.85
CAN,Canada,Climate Watch,Industrial Processes,All GHG,MtCO₂e,22.67,22.8,21.58,22.22,22.02,20.89,20.33,20.36,20.03,19.86,19.58,18.4,17.83,17.53,20.59,20.79,21.23,22.85,23.3,20.97,20.98,20.13,21.31,21.11,23.95,26.71,27.39,27.0,27.0,24.97,26.56,28.55,29.0
CAN,Canada,Climate Watch,Agriculture,All GHG,MtCO₂e,60.87,61.0,62.09,59.79,60.93,59.16,58.4,59.32,60.21,61.13,60.93,58.82,57.58,57.07,59.3,60.98,58.99,61.71,60.09,58.24,58.18,56.67,56.4,57.67,58.93,57.0,57.72,55.44,52.7,52.53,52.17,50.96,50.63
CAN,Canada,Climate Watch,Waste,All GHG,MtCO₂e,23.04,22.64,22.61,22.68,22.92,22.9,22.73,22.78,22.68,22.89,21.98,21.53,21.54,22.14,23.13,23.08,23.53,23.34,23.24,23.16,23.06,22.66,23.0,22.55,21.62,21.18,21.17,21.39,21.39,21.08,20.77,20.64,20.61
CAN,Canada,Climate Watch,Land-Use Change and Forestry,All GHG,MtCO₂e,54.62,56.79,53.82,55.01,56.72,54.48,54.12,156.08,153.92,154.33,154.33,153.99,320.12,319.53,319.22,319.51,320.01,319.85,320.31,320.66,319.88,319.4,85.85,87.81,93.9,85.56,88.31,84.83,84.37,84.37,84.37,84.37,84.37
CAN,Canada,Climate Watch,Bunker Fuels,All GHG,MtCO₂e,12.07,7.31,7.5,16.03,16.45,14.35,13.06,12.11,12.21,12.53,11.99,11.06,11.33,10.73,12.13,12.92,12.25,12.97,11.08,3.78,5.61,6.95,6.54,6.5,6.72,5.99,6.11,5.86,5.59,5.26,5.81,5.53,5.68
CAN,Canada,Climate Watch,Electricity/Heat,All GHG,MtCO₂e,200.99,198.87,200.5,210.01,210.67,211.48,211.5,214.59,215.98,213.84,211.06,209.82,208.86,202.78,213.19,228.68,211.1,212.21,192.76,204.1,194.48,195.09,189.87,178.0,176.35,161.95,149.28,147.98,142.63,138.06,146.45,139.36,138.67
CAN,Canada,Climate Watch,Building,All GHG,MtCO₂e,73.52,69.72,73.23,77.45,78.98,73.82,69.47,71.93,75.54,71.61,68.65,74.01,68.73,73.01,75.07,75.72,70.74,75.49,77.45,80.4,76.43,69.68,73.03,68.28,65.15,72.21,74.98,69.49,70.5,69.26,66.04,64.21,64.73
CAN,Canada,Climate Watch,Manufacturing/Construction,All GHG,MtCO₂e,67.35,65.98,63.1,70.26,69.34,69.68,68.44,63.42,64.38,64.54,65.97,64.67,60.16,56.23,63.59,65.97,65.24,67.85,84.34,82.16,78.77,77.44,83.5,79.94,79.16,81.72,81.79,78.29,77.11,73.86,73.98,74.91,76.96
CAN,Canada,Climate Watch,Transportation,All GHG,MtCO₂e,168.94,161.44,153.33,182.87,185.72,179.45,175.26,176.16,176.7,178.26,174.41,174.06,174.3,168.33,172.46,172.43,166.8,167.89,164.1,166.62,163.91,151.91,154.08,155.27,151.46,148.78,144.26,140.88,137.22,130.84,128.82,124.48,128.34
CAN,Canada,Climate Watch,Other Fuel Combustion,All GHG,MtCO₂e,19.59,19.64,18.86,20.03,20.81,20.09,19.48,19.18,18.4,17.75,17.23,17.56,16.58,14.4,17.5,17.32,16.78,16.56,8.11,8.12,7.91,8.89,10.02,9.85,9.57,9.94,9.54,8.98,8.47,8.39,8.03,7.43,7.38
CAN,Canada,Climate Watch,Fugitive Emissions,All GHG,MtCO₂e,69.02,67.19,65.08,70.4,71.03,67.27,62.02,62.2,62.18,57.39,53.73,54.51,52.15,48.41,50.1,51.79,50.38,46.86,46.95,46.42,45.02,45.35,44.7,43.38,44.11,41.83,40.63,39.69,36.77,36.92,36.82,35.28,33.77
CHE,Switzerland,Climate Watch,Total excluding LUCF,All GHG,MtCO₂e,43.21,46.6,44.89,47.45,47.67,49.03,49.97,49.55,50.28,54.17,53.14,51.88,56.04,54.4,55.99,54.46,56.42,56.76,56.05,55.56,54.44,56.01,54.45,55.21,55.07,53.62,55.1,54.49,53.58,54.51,56.82,56.96,54.75
CHE,Switzerland,Climate Watch,Total including LUCF,All GHG,MtCO₂e,41.47,44.87,43.15,45.72,45.95,47.32,48.25,47.86,48.59,52.48,51.44,50.18,54.2,52.56,54.15,52.63,54.58,54.92,54.21,53.73,52.63,54.24,53.53,54.28,54.15,52.7,54.17,53.57,52.67,53.61,55.93,56.07,53.86
CHE,Switzerland,Climate Watch,Energy,All GHG,MtCO₂e,32.91,36.07,34.43,36.84,36.93,38.15,39.13,38.6,39.15,43.01,42.01,40.56,44.64,43.14,44.42,42.94,44.93,45.33,44.85,44.52,43.19,44.73,43.33,44.27,44.01,42.51,43.62,42.82,41.84,42.91,44.87,44.67,41.94
CHE,Switzerland,Climate Watch,Industrial Processes,All GHG,MtCO₂e,3.75,3.75,3.63,3.77,3.72,3.81,3.7,3.76,3.84,3.86,3.81,3.89,3.89,3.69,3.86,3.89,3.78,3.71,3.54,3.3,3.36,3.24,3.16,2.86,2.77,2.71,2.79,2.9,2.85,2.63,2.79,2.97,3.31
CHE,Switzerland,Climate Watch,Agriculture,All GHG,MtCO₂e,5.52,5.74,5.75,5.75,5.89,5.92,5.96,5.99,6.05,6.04,6.04,6.12,6.18,6.2,6.29,6.17,6.21,6.18,6.09,6.16,6.27,6.41,6.32,6.41,6.59,6.65,6.89,6.93,7.03,7.02,7.15,7.28,7.37
CHE,Switzerland,Climate Watch,Waste,All GHG,MtCO₂e,1.03,1.04,1.07,1.1,1.13,1.15,1.18,1.2,1.23,1.25,1.28,1.31,1.34,1.37,1.42,1.46,1.5,1.53,1.56,1.57,1.63,1.64,1.64,1.67,1.71,1.75,1.8,1.83,1.86,1.94,2.01,2.03,2.15
CHE,Switzerland,Climate Watch,Land-Use Change and Forestry,All GHG,MtCO₂e,-1.74,-1.73,-1.73,-1.73,-1.72,-1.72,-1.72,-1.69,-1.69,-1.69,-1.69,-1.69,-1.84,-1.84,-1.84,-1.84,-1.84,-1.84,-1.84,-1.83,-1.81,-1.77,-0.92,-0.92,-0.93,-0.93,-0.92,-0.92,-0.91,-0.9,-0.89,-0.89,-0.89
CHE,Switzerland,Climate Watch,Bunker Fuels,All GHG,MtCO₂e,4.16,2.34,2.07,5.62,5.57,5.31,5.14,4.91,4.76,4.67,4.65,4.58,4.26,4.08,4.24,3.97,3.77,3.58,3.5,3.66,4.02,4.53,4.68,4.44,4.25,4.07,3.91,3.74,3.58,3.37,3.19,2.96,3.11
CHE,Switzerland,Climate Watch,Electricity/Heat,All GHG,MtCO₂e,3.04,3.1,3.2,3.24,3.17,3.19,3.2,3.12,3.6,3.73,3.62,3.64,3.82,3.66,3.94,3.84,4.18,4.07,3.97,3.58,3.56,3.48,3.33,3.47,3.69,3.17,2.97,2.88,3.02,2.83,3.17,3.04,2.52
CHE,Switzerland,Climate Watch,Building,All GHG,MtCO₂e,9.79,12.16,10.92,11.74,11.7,12.74,13.36,12.89,12.02,15.34,14.47,13.14,16.44,15.27,15.5,14.58,16.4,17.27,16.74,16.93,16.08,16.85,16.07,17.54,17.41,16.84,17.89,17.13,16.17,17.26,17.83,17.79,16.76
CHE,Switzerland,Climate Watch,Manufacturing/Construction,All GHG,MtCO₂e,4.52,4.92,4.76,4.89,5.01,5.18,5.27,5.17,5.4,5.53,5.47,5.41,5.76,5.52,6.05,6.04,6.16,5.83,5.87,5.88,5.61,6.19,5.89,6.5,6.08,6.05,6.44,6.64,6.33,6.65,6.79,7.13,6.71
CHE,Switzerland,Climate Watch,Transportation,All GHG,MtCO₂e,14.83,15.0,14.82,16.17,16.22,16.15,16.44,16.6,17.33,17.5,17.56,17.4,17.62,17.69,17.9,17.49,17.14,17.02,16.94,16.84,16.72,16.7,17.02,15.41,15.43,15.28,14.8,14.78,15.04,14.69,15.74,15.38,14.93
CHE,Switzerland,Climate Watch,Other Fuel Combustion,All GHG,MtCO₂e,0.5,0.63,0.48,0.55,0.57,0.62,0.57,0.51,0.47,0.58,0.57,0.61,0.63,0.65,0.66,0.63,0.66,0.74,0.92,0.86,0.8,1.08,0.58,0.9,0.93,0.67,1.02,0.87,0.79,0.99,0.85,0.86,0.57
CHE,Switzerland,Climate Watch,Fugitive Emissions,All GHG,MtCO₂e,0.23,0.26,0.26,0.26,0.27,0.27,0.29,0.31,0.32,0.33,0.33,0.35,0.37,0.36,0.36,0.37,0.38,0.4,0.41,0.41,0.42,0.43,0.44,0.46,0.48,0.49,0.5,0.5,0.5,0.5,0.49,0.47,0.45
CHL,Chile,Climate Watch,Total excluding LUCF,All GHG,MtCO₂e,109.93,108.48,107.11,113.9,107.77,107.56,106.06,101.58,95.78,103.25,99.79,97.07,89.92,85.12,87.68,83.93,76.76,75.33,74.38,68.7,67.32,66.58,68.29,72.25,69.5,68.51,61.5,55.05,51.39,47.37,44.72,43.08,44.2
CHL,Chile,Climate Watch,Total including LUCF,All GHG,MtCO₂e,53.01,51.41,50.08,56.81,50.57,51.62,48.9,21.43,15.26,22.56,19.25,16.53,54.54,49.77,52.44,48.63,41.36,40.02,39.02,33.36,31.99,31.13,51.64,55.72,52.94,52.01,44.88,38.56,34.9,30.88,28.23,26.58,27.71
CHL,Chile,Climate Watch,Energy,All GHG,MtCO₂e,89.03,87.34,86.2,93.52,88.28,88.56,87.65,83.37,77.69,84.92,80.19,77.94,71.12,66.7,68.94,65.52,58.2,57.08,56.05,51.29,50.29,49.66,51.63,55.65,52.94,52.38,45.9,39.83,36.5,33.15,31.14,30.12,31.43
CHL,Chile,Climate Watch,Industrial Processes,All GHG,MtCO₂e,4.89,4.77,4.5,4.32,4.07,4.11,4.17,3.95,3.85,3.82,3.86,3.77,3.66,3.47,3.49,3.29,3.01,2.71,2.64,2.33,2.14,1.91,1.74,1.6,1.74,1.53,1.48,1.47,1.57,1.47,1.34,1.13,1.09
CHL,Chile,Climate Watch,Agriculture,All GHG,MtCO₂e,9.8,10.38,10.63,10.5,10.1,10.06,9.91,10.12,10.29,10.74,12.31,12.26,12.37,12.07,12.27,12.03,12.34,12.5,12.83,12.38,12.37,12.65,12.73,12.94,12.9,12.81,12.47,12.23,11.93,11.44,11.02,10.69,10.63
CHL,Chile,Climate Watch,Waste,All GHG,MtCO₂e,6.21,5.99,5.78,5.56,5.33,4.83,4.33,4.14,3.95,3.76,3.43,3.1,2.77,2.88,2.99,3.1,3.21,3.04,2.87,2.7,2.53,2.36,2.19,2.05,1.92,1.79,1.65,1.52,1.39,1.31,1.22,1.13,1.04
CHL,Chile,Climate Watch,Land-Use Change and Forestry,All GHG,MtCO₂e,-56.92,-57.08,-57.02,-57.09,-57.2,-55.94,-57.16,-80.14,-80.52,-80.69,-80.54,-80.54,-35.38,-35.35,-35.24,-35.3,-35.39,-35.32,-35.36,-35.34,-35.34,-35.45,-16.65,-16.53,-16.56,-16.49,-16.62,-16.49,-16.49,-16.49,-16.49,-16.49,-16.49
CHL,Chile,Climate Watch,Bunker Fuels,All GHG,MtCO₂e,2.33,1.61,1.34,2.64,2.47,2.31,2.18,2.13,2.62,2.58,2.69,2.93,2.86,3.99,5.34,5.23,5.21,4.43,4.21,3.91,3.23,3.26,3.05,2.44,2.29,1.79,1.51,1.79,1.7,1.35,1.23,1.19,1.16
CHL,Chile,Climate Watch,Electricity/Heat,All GHG,MtCO₂e,31.67,35.7,37.6,40.52,35.53,37.02,37.62,35.79,32.88,38.93,37.39,32.63,27.59,27.12,28.99,26.49,20.96,20.92,20.95,17.25,15.83,14.73,16.63,21.27,18.71,15.84,13.98,10.13,9.27,7.21,7.12,8.38,10.66
CHL,Chile,Climate Watch,Building,All GHG,MtCO₂e,7.66,7.34,6.8,7.14,7.34,7.18,6.62,5.54,5.57,6.86,6.82,7.2,6.34,5.92,5.75,5.65,5.25,5.21,5.45,5.05,5.27,5.41,5.34,5.18,4.81,5.42,4.88,5.09,4.98,4.72,4.55,4.01,3.77
CHL,Chile,Climate Watch,Manufacturing/Construction,All GHG,MtCO₂e,16.15,14.44,14.15,14.64,14.54,14.59,15.19,15.22,14.18,13.05,11.76,14.14,13.85,11.44,12.25,12.16,12.25,10.73,10.76,10.93,10.55,11.35,10.46,10.32,10.8,12.87,9.67,8.95,7.94,8.11,7.67,6.75,6.46
CHL,Chile,Climate Watch,Transportation,All GHG,MtCO₂e,31.88,28.43,26.01,29.36,28.94,27.98,26.97,25.78,24.11,25.03,22.93,22.34,21.92,21.16,21.02,20.23,18.68,18.95,17.29,16.7,16.95,16.43,17.37,17.13,16.93,16.08,15.18,13.96,12.62,11.67,10.53,9.7,9.3
CHL,Chile,Climate Watch,Other Fuel Combustion,All GHG,MtCO₂e,1.3,1.1,1.28,1.42,1.49,1.41,0.82,0.67,0.6,0.67,0.89,1.16,0.9,0.51,0.45,0.41,0.33,0.39,0.68,0.43,0.59,0.49,0.58,0.5,0.56,0.91,0.83,0.45,0.6,0.59,0.65,0.66,0.42
CHL,Chile,Climate Watch,Fugitive Emissions,All GHG,MtCO₂e,0.37,0.34,0.36,0.45,0.44,0.38,0.42,0.38,0.34,0.37,0.41,0.48,0.53,0.54,0.48,0.58,0.73,0.88,0.91,0.93,1.1,1.24,1.25,1.26,1.14,1.25,1.36,1.25,1.09,0.85,0.63,0.62,0.83
CHN,China,Climate Watch,Total excluding LUCF,All GHG,MtCO₂e,13499.42,13499.53,12910.93,12756.46,12516.05,12024.19,11782.41,11793.36,11944.79,11882.81,11401.08,11116.33,10245.47,9424.48,8861.65,8618.7,8031.28,7367.61,6598.21,5841.12,5178.83,4887.18,4708.23,4541.31,4608.27,4500.04,4509.96,4494.47,4097.71,3927.57,3685.01,3543.39,3396.36
CHN,China,Climate Watch,Total including LUCF,All GHG,MtCO₂e,12851.84,12852.14,12263.69,12109.18,11868.7,11376.55,11135.02,11085.85,11237.61,11175.26,10693.51,10408.9,9916.32,9095.23,8533.37,8289.28,7701.68,7038.18,6269.19,5512.24,4849.11,4557.76,4362.72,4195.59,4262.67,4154.19,4164.03,4148.03,3751.23,3581.08,3338.53,3196.9,3049.87
CHN,China,Climate Watch,Energy,All GHG,MtCO₂e,11378.4,11311.97,10722.17,10631.56,10452.61,9983.98,9778.96,9844.73,9954.68,9946.77,9539.52,9298.31,8525.66,7784.28,7303.33,7107.6,6578.96,5991.38,5289.41,4580.21,3984.37,3716.61,3555.14,3388.36,3492.64,3407.33,3352.04,3381.55,3055.15,2944.17,2727.6,2630.07,2514.52
CHN,China,Climate Watch,Industrial Processes,All GHG,MtCO₂e,1190.55,1259.27,1270.62,1221.07,1143.97,1118.39,1075.23,1027.5,1081.37,1046.23,989.24,961.22,871.5,795.88,718.66,687.44,622.82,551.8,482.48,443.53,356.1,325.42,286.05,265.25,237.48,228.93,215.17,203.24,180.34,156.78,135.22,111.93,93.52
CHN,China,Climate Watch,Agriculture,All GHG,MtCO₂e,659.78,664.55,660.99,654.13,677.06,686.39,700.3,700.7,695.82,694.58,694.77,693.69,699.64,699.22,698.13,685.71,695.12,693.62,686.0,667.49,678.9,676.14,688.34,699.22,679.89,655.76,724.96,682.15,624.95,605.37,617.26,613.17,603.07
CHN,China,Climate Watch,Waste,All GHG,MtCO₂e,270.7,263.74,257.16,249.69,242.4,235.44,227.93,220.42,212.91,195.23,177.55,163.11,148.67,145.1,141.52,137.95,134.38,130.81,140.32,149.89,159.46,169.0,178.7,188.48,198.25,208.02,217.78,227.53,237.27,221.25,204.94,188.22,185.25
CHN,China,Climate Watch,Land-Use Change and Forestry,All GHG,MtCO₂e,-647.58,-647.39,-647.25,-647.28,-647.35,-647.64,-647.39,-707.51,-707.18,-707.55,-707.57,-707.43,-329.15,-329.25,-328.28,-329.41,-329.6,-329.43,-329.02,-328.87,-329.71,-329.42,-345.52,-345.72,-345.6,-345.85,-345.93,-346.44,-346.48,-346.48,-346.48,-346.48,-346.48
CHN,China,Climate Watch,Bunker Fuels,All GHG,MtCO₂e,52.42,57.9,54.99,69.75,69.39,62.06,57.56,53.65,45.0,45.06,47.59,47.38,43.86,36.21,33.59,34.35,30.97,26.61,22.9,17.18,17.54,15.66,13.92,10.95,10.73,10.22,12.53,11.28,10.93,9.9,11.38,7.33,5.69
CHN,China,Climate Watch,Electricity/Heat,All GHG,MtCO₂e,6478.87,6285.47,5711.72,5616.19,5405.59,5058.36,4719.22,4614.35,4710.35,4764.05,4470.54,4343.33,3849.04,3471.07,3222.68,3185.04,2911.32,2563.84,2386.51,2188.24,1848.54,1668.41,1582.09,1439.03,1415.75,1333.93,1336.14,1190.89,1087.51,1001.92,881.51,797.73,728.46
CHN,China,Climate Watch,Building,All GHG,MtCO₂e,499.44,519.84,536.49,549.28,590.31,630.39,624.74,622.91,597.21,589.26,579.64,571.79,557.5,543.95,545.39,576.97,578.62,563.05,557.67,521.19,502.82,500.01,505.74,541.31,536.31,598.34,555.06,614.51,589.63,622.03,610.77,635.53,635.27
CHN,China,Climate Watch,Manufacturing/Construction,All GHG,MtCO₂e,2719.76,2769.01,2814.62,2771.74,2758.84,2672.82,2843.6,2985.43,3075.91,3053.5,3032.25,2993.08,2832.09,2585.42,2392.47,2253.92,2066.52,1918.33,1482.43,1125.04,984.91,944.5,890.15,876.88,1030.28,967.09,974.87,1076.82,909.29,867.17,813.12,783.94,750.1
CHN,China,Climate Watch,Transportation,All GHG,MtCO₂e,909.12,994.91,925.59,969.11,975.15,900.12,866.83,849.35,789.51,759.44,702.98,637.5,583.07,530.28,520.13,480.25,445.84,407.55,380.58,321.14,283.46,260.74,254.77,161.15,143.88,149.75,173.71,130.5,119.23,128.81,113.74,102.94,96.18
CHN,China,Climate Watch,Other Fuel Combustion,All GHG,MtCO₂e,143.63,151.13,164.37,165.04,178.57,200.9,209.56,209.58,204.44,205.79,192.74,184.09,175.66,171.45,166.46,166.76,166.54,161.63,146.86,133.59,115.61,105.08,98.85,158.84,153.53,142.73,92.55,156.52,160.83,150.26,143.88,149.24,144.8
CHN,China,Climate Watch,Fugitive Emissions,All GHG,MtCO₂e,627.59,591.61,569.39,560.2,544.14,521.39,515.01,563.12,577.24,574.73,561.37,568.51,528.3,482.1,456.21,444.65,410.12,376.99,335.36,291.02,249.03,237.88,223.53,211.15,212.9,215.5,219.7,212.3,188.67,173.98,164.58,160.69,159.71
CIV,Côte d'Ivoire,Climate Watch,Total excluding LUCF,All GHG,MtCO₂e,49.77,47.2,41.51,39.64,37.23,36.62,34.69,32.27,32.1,32.04,30.44,28.82,28.83,28.22,29.04,28.76,28.73,28.94,26.95,27.36,29.54,28.27,28.1,27.96,25.83,25.55,24.08,23.08,22.29,19.14,16.17,13.21,10.18
CIV,Côte d'Ivoire,Climate Watch,Total including LUCF,All GHG,MtCO₂e,75.78,73.21,67.55,65.65,63.23,62.63,60.71,58.27,58.11,58.05,56.55,54.82,54.83,54.21,55.03,54.87,54.72,54.94,52.96,53.41,55.56,54.88,88.72,88.74,86.6,85.86,84.14,83.13,82.19,79.04,76.06,73.1,70.08
CIV,Côte d'Ivoire,Climate Watch,Energy,All GHG,MtCO₂e,21.57,20.23,15.57,15.42,14.47,15.36,14.04,14.27,14.72,14.21,13.47,11.42,11.09,10.39,11.02,10.25,10.34,10.15,9.44,8.38,10.14,9.42,9.34,9.63,7.64,7.63,6.6,5.6,5.16,4.97,4.72,4.63,4.49
CIV,Côte d'Ivoire,Climate Watch,Industrial Processes,All GHG,MtCO₂e,18.77,17.78,16.79,15.38,13.96,12.54,11.12,9.7,9.37,9.04,8.71,8.38,8.05,7.15,6.25,5.35,4.44,3.54,2.85,2.15,1.45,0.76,0.06,0.06,0.05,0.05,0.04,0.04,0.04,0.03,0.03,0.03,0.02
CIV,Côte d'Ivoire,Climate Watch,Agriculture,All GHG,MtCO₂e,6.7,6.53,6.55,6.32,6.34,6.32,7.19,6.02,5.79,6.62,6.15,5.97,5.72,5.77,5.93,6.38,6.25,6.61,5.1,6.33,6.51,5.73,5.41,5.23,5.34,5.31,5.12,5.37,5.27,5.08,5.1,5.0,4.87
CIV,Côte d'Ivoire,Climate Watch,Waste,All GHG,MtCO₂e,2.73,2.66,2.59,2.52,2.46,2.39,2.33,2.28,2.22,2.17,2.12,3.05,3.98,4.91,5.84,6.77,7.7,8.64,9.57,10.5,11.43,12.36,13.29,13.05,12.8,12.56,12.31,12.07,11.83,9.07,6.31,3.55,0.8
CIV,Côte d'Ivoire,Climate Watch,Land-Use Change and Forestry,All GHG,MtCO₂e,26.01,26.01,26.04,26.01,26.0,26.01,26.03,26.0,26.0,26.01,26.11,26.0,26.0,26.0,25.99,26.11,25.99,26.0,26.0,26.05,26.02,26.61,60.62,60.77,60.76,60.32,60.07,60.05,59.89,59.89,59.89,59.89,59.89
CIV,Côte d'Ivoire,Climate Watch,Bunker Fuels,All GHG,MtCO₂e,0.77,0.63,0.47,0.82,0.74,0.76,0.78,0.63,0.33,0.23,0.23,0.2,0.23,0.22,0.39,0.5,0.44,0.64,0.57,0.57,0.61,0.62,0.67,0.62,0.59,0.58,0.58,0.53,0.6,0.55,0.59,0.55,0.39
CIV,Côte d'Ivoire,Climate Watch,Electricity/Heat,All GHG,MtCO₂e,4.73,4.43,3.91,3.83,3.58,3.92,3.55,3.96,3.94,3.62,3.65,2.81,2.92,2.52,2.85,2.46,2.34,3.14,2.34,2.19,2.64,2.47,2.37,2.51,2.47,2.13,1.49,1.02,1.05,0.91,0.69,0.63,0.59
CIV,Côte d'Ivoire,Climate Watch,Building,All GHG,MtCO₂e,6.2,5.95,4.98,4.73,4.43,4.75,4.35,4.36,5.55,5.44,5.09,4.85,4.41,3.93,4.24,4.09,4.13,4.01,3.93,2.93,2.94,2.83,2.86,2.8,2.67,2.63,2.54,2.42,2.34,2.29,2.24,2.2,2.12
CIV,Côte d'Ivoire,Climate Watch,Manufacturing/Construction,All GHG,MtCO₂e,1.82,1.81,1.29,1.33,1.26,1.56,0.8,1.44,1.33,1.29,1.0,0.92,0.97,1.06,0.57,0.42,0.53,0.38,0.54,0.52,0.69,0.73,0.75,0.76,0.51,0.62,0.53,0.45,0.43,0.43,0.42,0.42,0.4
CIV,Côte d'Ivoire,Climate Watch,Transportation,All GHG,MtCO₂e,7.59,6.96,4.26,4.34,4.06,3.66,3.93,3.23,2.76,2.61,2.41,1.62,1.51,1.58,1.6,1.32,1.31,1.25,1.17,1.06,1.45,1.29,1.32,1.46,1.24,1.41,1.29,1.26,1.12,1.13,1.17,1.21,1.22
CIV,Côte d'Ivoire,Climate Watch,Other Fuel Combustion,All GHG,MtCO₂e,0.38,0.28,0.23,0.22,0.21,0.36,0.34,0.35,0.3,0.3,0.28,0.2,0.2,0.19,0.68,0.9,0.87,0.5,0.83,0.89,1.07,1.29,1.38,1.46,0.15,0.18,0.15,0.16,0.13,0.14,0.14,0.15,0.14
CIV,Côte d'Ivoire,Climate Watch,Fugitive Emissions,All GHG,MtCO₂e,0.85,0.8,0.89,0.97,0.92,1.11,1.06,0.93,0.85,0.96,1.04,1.03,1.08,1.11,1.08,1.07,1.15,0.87,0.63,0.79,1.36,0.81,0.66,0.65,0.59,0.66,0.61,0.29,0.07,0.07,0.07,0.01,0.02
CMR,Cameroon,Climate Watch,Total excluding LUCF,All GHG,MtCO₂e,41.97,41.63,41.66,40.68,40.25,39.32,39.64,38.96,36.94,35.15,33.36,33.01,33.66,33.67,33.6,33.61,33.65,35.35,33.98,35.45,33.91,33.37,34.81,32.68,32.76,31.1,30.06,28.8,29.24,32.02,34.61,34.73,25.71
CMR,Cameroon,Climate Watch,Total including LUCF,All GHG,MtCO₂e,76.19,75.6,76.55,75.12,74.08,73.32,73.74,72.68,70.62,69.23,67.43,67.2,75.66,75.34,75.67,75.32,75.33,78.55,75.95,78.77,75.58,75.08,89.73,88.23,89.44,85.31,84.32,82.51,82.94,85.73,88.32,88.44,79.42
CMR,Cameroon,Climate Watch,Energy,All GHG,MtCO₂e,18.71,18.95,19.69,19.74,19.62,19.02,19.6,19.31,17.83,16.44,15.28,15.32,15.86,16.56,16.26,15.59,15.69,16.45,16.79,17.12,17.05,16.68,17.1,16.52,16.96,16.43,16.02,15.22,15.64,18.65,21.54,22.12,12.88
CMR,Cameroon,Climate Watch,Industrial Processes,All GHG,MtCO₂e,4.37,4.16,3.61,3.17,3.01,2.71,2.44,2.01,1.81,1.8,1.7,1.61,1.6,1.53,1.44,1.45,1.24,1.15,1.12,0.91,0.94,0.86,0.86,0.91,0.85,0.88,0.7,0.8,0.86,0.93,0.92,0.9,1.05
CMR,Cameroon,Climate Watch,Agriculture,All GHG,MtCO₂e,13.53,13.32,13.31,12.86,12.86,12.96,13.1,13.29,13.09,12.82,12.42,12.23,12.47,11.98,12.44,13.23,13.5,14.65,13.08,14.54,13.15,13.16,14.29,12.77,12.54,11.47,11.08,10.61,10.65,10.6,10.6,10.57,10.66
CMR,Cameroon,Climate Watch,Waste,All GHG,MtCO₂e,5.35,5.2,5.05,4.91,4.77,4.63,4.49,4.35,4.22,4.09,3.97,3.85,3.72,3.59,3.46,3.33,3.22,3.1,2.99,2.88,2.77,2.67,2.56,2.48,2.4,2.32,2.25,2.17,2.09,1.85,1.54,1.14,1.12
CMR,Cameroon,Climate Watch,Land-Use Change and Forestry,All GHG,MtCO₂e,34.23,33.98,34.89,34.44,33.83,34.0,34.1,33.72,33.68,34.08,34.06,34.2,42.0,41.68,42.07,41.72,41.69,43.2,41.98,43.31,41.67,41.71,54.92,55.55,56.68,54.21,54.27,53.71,53.71,53.71,53.71,53.71,53.71
CMR,Cameroon,Climate Watch,Bunker Fuels,All GHG,MtCO₂e,0.05,0.04,0.02,0.05,0.05,0.05,0.07,0.31,0.34,0.33,0.31,0.34,0.35,0.37,0.37,0.36,0.27,0.24,0.25,0.29,0.28,0.26,0.24,0.21,0.19,0.34,0.32,0.26,0.26,0.17,0.21,0.23,0.2
CMR,Cameroon,Climate Watch,Electricity/Heat,All GHG,MtCO₂e,2.06,2.2,2.55,2.35,2.63,2.26,2.13,2.03,1.85,1.5,1.23,1.3,1.65,1.56,1.42,1.33,0.61,0.16,0.12,0.12,0.09,0.06,0.04,0.04,0.05,0.03,0.03,0.03,0.03,0.03,0.03,0.04,0.04
CMR,Cameroon,Climate Watch,Building,All GHG,MtCO₂e,6.62,6.45,6.29,6.12,5.95,5.78,5.59,5.43,5.25,5.16,5.01,4.87,4.7,4.7,4.54,4.47,5.39,6.34,6.24,6.12,5.93,5.33,5.34,5.08,5.03,4.86,4.71,4.63,4.55,4.35,4.22,4.27,4.17
CMR,Cameroon,Climate Watch,Manufacturing/Construction,All GHG,MtCO₂e,0.28,0.27,0.26,0.26,0.25,0.24,0.23,0.22,0.43,0.41,0.39,0.38,0.37,0.39,0.31,0.29,0.23,0.18,0.2,0.2,0.21,0.2,0.2,0.18,0.15,0.16,0.16,0.16,0.14,0.15,0.14,0.15,0.17
CMR,Cameroon,Climate Watch,Transportation,All GHG,MtCO₂e,3.77,3.64,3.5,3.5,3.4,3.26,3.34,3.24,3.5,3.28,3.09,2.9,2.74,2.58,2.24,2.18,1.92,2.16,2.21,2.15,2.11,1.9,1.9,1.68,1.92,1.86,1.77,1.75,1.8,1.73,1.61,1.6,1.79
CMR,Cameroon,Climate Watch,Other Fuel Combustion,All GHG,MtCO₂e,0.13,0.12,0.12,0.12,0.11,0.1,0.09,0.09,0.07,N/A,N/A,N/A,N/A,N/A,N/A,N/A,N/A,N/A,N/A,N/A,N/A,N/A,N/A,N/A,N/A,N/A,N/A,N/A,N/A,N/A,N/A,N/A,N/A
CMR,Cameroon,Climate Watch,Fugitive Emissions,All GHG,MtCO₂e,5.85,6.26,6.97,7.4,7.28,7.38,8.22,8.29,6.73,6.09,5.56,5.87,6.4,7.34,7.76,7.32,7.53,7.6,8.02,8.53,8.71,9.2,9.63,9.55,9.81,9.52,9.36,8.66,9.11,12.39,15.54,16.05,6.71
COD,Democratic Republic of the Congo,Climate Watch,Total excluding LUCF,All GHG,MtCO₂e,82.73,79.07,75.65,71.73,69.73,72.63,68.08,67.37,65.08,62.19,57.56,62.51,62.42,60.11,59.4,56.94,58.85,57.07,56.57,53.96,50.04,44.18,42.05,42.59,44.28,43.07,42.9,47.21,46.95,44.33,41.41,39.22,40.67
COD,Democratic Republic of the Congo,Climate Watch,Total including LUCF,All GHG,MtCO₂e,707.61,708.5,707.0,704.15,698.79,706.52,701.48,700.97,697.16,697.06,693.05,700.89,464.57,460.15,459.77,453.61,461.12,458.84,458.54,454.14,446.04,431.07,435.17,439.04,447.1,444.96,437.71,445.5,445.24,442.62,439.7,437.51,438.96
COD,Democratic Republic of the Congo,Climate Watch,Energy,All GHG,MtCO₂e,28.3,26.64,24.87,21.98,21.44,23.65,20.73,20.79,20.43,17.67,15.48,20.58,19.54,19.35,19.12,18.6,17.77,17.3,16.77,16.62,15.54,15.14,14.66,15.1,15.25,15.16,14.76,13.98,13.83,12.42,10.97,10.99,12.16
COD,Democratic Republic of the Congo,Climate Watch,Industrial Processes,All GHG,MtCO₂e,5.09,4.62,4.21,4.18,4.02,3.85,3.53,3.51,3.19,2.95,2.64,2.37,2.09,1.87,1.64,1.48,1.26,1.06,0.85,0.67,0.49,0.31,0.14,0.13,0.12,0.11,0.16,0.15,0.13,0.12,0.13,0.16,0.25
COD,Democratic Republic of the Congo,Climate Watch,Agriculture,All GHG,MtCO₂e,28.76,27.92,27.35,27.01,26.33,27.83,27.12,26.95,25.91,26.56,24.96,25.59,27.3,25.89,26.09,24.77,28.16,27.49,28.13,26.26,23.96,18.98,17.75,18.13,19.92,19.06,19.49,24.83,24.99,25.05,25.17,25.04,25.25
COD,Democratic Republic of the Congo,Climate Watch,Waste,All GHG,MtCO₂e,20.57,19.89,19.22,18.57,17.93,17.31,16.7,16.12,15.55,15.01,14.48,13.97,13.48,13.01,12.55,12.09,11.66,11.23,10.81,10.4,10.04,9.75,9.5,9.24,8.99,8.74,8.49,8.25,8.0,6.75,5.15,3.03,3.02
COD,Democratic Republic of the Congo,Climate Watch,Land-Use Change and Forestry,All GHG,MtCO₂e,624.88,629.44,631.35,632.42,629.07,633.89,633.4,633.6,632.08,634.88,635.49,638.38,402.15,400.03,400.38,396.67,402.27,401.76,401.98,400.19,396.0,386.89,393.12,396.45,402.82,401.89,394.81,398.29,398.29,398.29,398.29,398.29,398.29
COD,Democratic Republic of the Congo,Climate Watch,Bunker Fuels,All GHG,MtCO₂e,0.25,0.36,0.3,0.39,0.26,0.28,0.28,0.27,0.34,0.37,0.45,0.47,0.47,0.05,0.05,0.54,0.66,0.51,0.41,0.36,0.33,0.25,0.24,0.36,0.37,0.37,0.36,0.36,0.35,0.44,0.43,0.45,0.43
COD,Democratic Republic of the Congo,Climate Watch,Electricity/Heat,All GHG,MtCO₂e,0.01,0.01,0.01,0.01,0.01,0.01,0.02,0.02,0.01,0.01,0.01,0.05,0.05,0.05,0.06,0.05,0.03,0.01,0.01,0.01,0.01,0.01,0.0,0.05,0.05,0.05,0.04,0.04,0.04,0.05,0.05,0.07,0.1
COD,Democratic Republic of the Congo,Climate Watch,Building,All GHG,MtCO₂e,21.64,21.34,19.4,16.84,16.62,19.54,16.48,15.94,15.4,13.13,11.21,15.64,14.88,14.85,14.33,13.88,13.45,13.0,N/A,12.17,11.74,11.33,10.92,10.83,10.52,10.2,9.88,9.57,9.29,9.0,8.73,8.48,8.5
COD,Democratic Republic of the Congo,Climate Watch,Manufacturing/Construction,All GHG,MtCO₂e,N/A,0.04,0.04,0.03,0.07,0.08,0.31,0.29,0.33,0.34,0.35,0.45,0.43,0.43,0.42,0.42,0.41,0.39,0.36,0.34,0.3,0.28,0.26,N/A,N/A,N/A,N/A,N/A,N/A,N/A,N/A,N/A,1.03
COD,Democratic Republic of the Congo,Climate Watch,Transportation,All GHG,MtCO₂e,4.86,3.39,3.52,3.36,3.19,2.31,2.26,2.82,2.94,2.52,2.16,2.17,1.69,1.55,1.55,1.37,1.22,1.14,0.92,0.84,0.71,0.66,0.81,0.45,0.47,0.46,0.47,0.47,0.47,0.46,0.45,0.5,0.58
COD,Democratic Republic of the Congo,Climate Watch,Other Fuel Combustion,All GHG,MtCO₂e,N/A,N/A,N/A,N/A,N/A,N/A,N/A,N/A,N/A,N/A,N/A,N/A,N/A,N/A,N/A,N/A,N/A,N/A,N/A,N/A,N/A,N/A,N/A,0.75,0.75,0.64,0.64,0.63,0.7,0.85,0.88,1.03,1.14
COD,Democratic Republic of the Congo,Climate Watch,Fugitive Emissions,All GHG,MtCO₂e,1.47,1.58,1.64,1.51,1.32,1.49,1.46,1.52,1.56,1.48,1.58,2.1,2.32,2.3,2.6,2.74,2.53,2.64,2.84,3.21,2.71,2.78,2.59,2.8,3.25,3.62,3.54,3.08,3.16,1.88,0.68,0.76,0.81
COG,Congo,Climate Watch,Total excluding LUCF,All GHG,MtCO₂e,21.45,19.45,20.61,21.29,20.13,17.4,16.51,17.01,16.6,17.06,16.28,18.53,18.47,16.46,15.11,14.46,17.05,15.27,13.21,12.38,11.22,13.43,13.85,13.58,13.01,11.47,10.59,10.45,9.65,10.7,11.09,10.65,10.65
COG,Congo,Climate Watch,Total including LUCF,All GHG,MtCO₂e,31.71,29.47,30.69,31.49,30.27,27.26,26.73,26.08,25.48,26.01,25.23,27.47,27.22,25.03,23.67,23.04,25.78,23.89,21.82,21.1,19.6,21.88,22.58,22.47,21.82,20.37,19.54,19.28,18.49,19.54,19.93,19.49,19.49
COG,Congo,Climate Watch,Energy,All GHG,MtCO₂e,16.84,15.46,16.64,16.95,15.79,13.04,12.18,12.83,12.94,13.06,12.51,14.68,14.76,13.17,11.71,11.11,13.5,11.8,10.24,9.57,9.27,11.99,12.52,12.09,11.53,10.03,9.2,7.84,7.04,8.11,8.55,8.17,8.18
COG,Congo,Climate Watch,Industrial Processes,All GHG,MtCO₂e,0.57,0.5,0.44,0.47,0.44,0.56,0.51,0.39,0.3,0.21,0.16,0.13,0.13,0.13,0.12,0.1,0.09,0.08,0.04,0.03,0.02,0.01,0.01,0.0,0.0,0.01,0.02,0.04,0.04,0.05,0.05,0.05,0.04
COG,Congo,Climate Watch,Agriculture,All GHG,MtCO₂e,3.15,2.62,2.7,3.05,3.1,3.02,3.08,3.05,2.66,3.1,2.93,3.07,2.96,2.57,2.7,2.68,2.93,2.87,2.44,2.31,1.47,0.98,0.89,1.06,1.05,1.01,0.95,2.15,2.15,2.15,2.14,2.14,2.14
COG,Congo,Climate Watch,Waste,All GHG,MtCO₂e,0.88,0.86,0.84,0.82,0.79,0.77,0.75,0.73,0.71,0.69,0.67,0.65,0.62,0.6,0.58,0.55,0.53,0.51,0.49,0.48,0.46,0.45,0.43,0.42,0.42,0.42,0.42,0.42,0.42,0.39,0.34,0.29,0.28
COG,Congo,Climate Watch,Land-Use Change and Forestry,All GHG,MtCO₂e,10.26,10.02,10.08,10.2,10.14,9.86,10.21,9.07,8.87,8.95,8.95,8.95,8.75,8.57,8.56,8.58,8.73,8.62,8.6,8.72,8.38,8.46,8.73,8.89,8.82,8.9,8.95,8.83,8.84,8.84,8.84,8.84,8.84
COG,Congo,Climate Watch,Bunker Fuels,All GHG,MtCO₂e,0.1,0.09,0.09,0.1,0.1,0.1,0.13,0.16,0.13,0.14,0.15,0.16,0.14,0.16,0.28,0.24,0.11,0.11,0.09,0.1,0.09,0.12,0.08,0.05,0.06,0.05,0.08,0.05,0.06,0.06,0.08,0.06,0.08
COG,Congo,Climate Watch,Electricity/Heat,All GHG,MtCO₂e,2.96,2.38,2.23,2.13,1.52,1.34,1.35,1.27,0.44,0.42,0.42,0.3,0.21,0.13,0.05,0.04,0.05,0.05,0.04,0.04,N/A,N/A,N/A,0.02,0.0,0.0,0.01,0.01,0.0,0.01,0.01,0.0,0.01
COG,Congo,Climate Watch,Building,All GHG,MtCO₂e,1.26,1.24,1.22,1.22,1.2,1.18,1.16,1.12,1.24,1.22,1.19,1.15,0.69,0.63,0.57,0.52,0.73,0.43,0.36,0.39,0.35,0.32,0.29,0.38,0.37,0.42,0.44,0.43,0.43,0.46,0.45,0.44,0.43
COG,Congo,Climate Watch,Manufacturing/Construction,All GHG,MtCO₂e,0.11,0.11,0.11,0.12,0.11,0.12,0.09,0.12,0.07,0.1,0.12,0.04,0.03,0.06,0.07,0.03,0.03,0.02,0.02,0.04,0.01,0.01,0.0,N/A,N/A,0.02,0.03,0.03,0.03,0.04,0.05,0.06,0.04
COG,Congo,Climate Watch,Transportation,All GHG,MtCO₂e,1.29,1.26,1.25,1.34,1.32,1.35,1.5,1.77,2.08,1.97,1.66,1.68,1.51,1.31,1.2,0.98,0.9,0.74,0.72,0.61,0.43,0.56,0.43,0.31,0.32,0.25,0.32,0.43,0.3,0.48,0.48,0.55,0.52
COG,Congo,Climate Watch,Fugitive Emissions,All GHG,MtCO₂e,11.22,10.47,11.83,12.15,11.64,9.05,8.07,8.57,9.09,9.35,9.12,11.51,12.32,11.04,9.83,9.55,11.78,10.57,9.11,8.49,8.48,11.09,11.79,11.37,10.83,9.33,8.4,6.94,6.28,7.13,7.56,7.11,7.18
COK,Cook Islands,Climate Watch,Total excluding LUCF,All GHG,MtCO₂e,0.08,0.09,0.08,0.1,0.1,0.1,0.09,0.1,0.1,0.1,0.1,0.1,0.09,0.08,0.09,0.08,0.08,0.08,0.07,0.07,0.06,0.07,0.07,0.07,0.08,0.08,0.07,0.06,0.1,0.06,0.05,0.05,0.05
COK,Cook Islands,Climate Watch,Total including LUCF,All GHG,MtCO₂e,0.08,0.08,0.08,0.09,0.09,0.09,0.09,0.09,0.1,0.09,0.1,0.09,0.09,0.08,0.08,0.08,0.08,0.07,0.07,0.06,0.06,0.07,0.05,0.05,0.06,0.05,0.05,0.04,0.07,0.04,0.03,0.03,0.03
COK,Cook Islands,Climate Watch,Energy,All GHG,MtCO₂e,0.07,0.07,0.07,0.08,0.08,0.08,0.08,0.08,0.08,0.08,0.08,0.08,0.07,0.07,0.07,0.07,0.07,0.06,0.05,0.05,0.05,0.06,0.05,0.05,0.05,0.05,0.05,0.05,0.05,0.05,0.04,0.04,0.04
COK,Cook Islands,Climate Watch,Industrial Processes,All GHG,MtCO₂e,0.0,0.0,0.0,0.0,0.0,0.0,0.0,0.0,0.0,0.0,0.0,0.0,0.0,0.0,0.0,0.0,0.0,0.0,0.0,0.0,0.0,0.0,0.0,0.0,0.0,0.0,0.0,0.0,0.0,0.0,0.0,0.0,0.0
COK,Cook Islands,Climate Watch,Agriculture,All GHG,MtCO₂e,0.01,0.01,0.01,0.01,0.02,0.02,0.02,0.02,0.02,0.02,0.02,0.02,0.02,0.02,0.02,0.02,0.02,0.02,0.02,0.02,0.02,0.02,0.02,0.02,0.02,0.02,0.02,0.02,0.02,0.01,0.01,0.01,0.01
COK,Cook Islands,Climate Watch,Waste,All GHG,MtCO₂e,N/A,N/A,N/A,N/A,N/A,N/A,N/A,N/A,N/A,N/A,N/A,N/A,N/A,N/A,N/A,N/A,N/A,N/A,N/A,N/A,N/A,N/A,N/A,N/A,N/A,N/A,N/A,N/A,0.03,N/A,N/A,N/A,N/A
COK,Cook Islands,Climate Watch,Land-Use Change and Forestry,All GHG,MtCO₂e,0.0,0.0,0.0,0.0,0.0,0.0,0.0,0.0,0.0,0.0,0.0,0.0,0.0,0.0,0.0,0.0,0.0,0.0,0.0,0.0,0.0,0.0,-0.02,-0.02,-0.02,-0.02,-0.02,-0.02,-0.02,-0.02,-0.02,-0.02,-0.02
COK,Cook Islands,Climate Watch,Bunker Fuels,All GHG,MtCO₂e,0.01,0.01,0.01,0.03,0.03,0.03,0.03,0.03,0.03,0.03,0.03,0.03,0.02,0.02,0.02,0.02,0.03,0.02,0.01,0.0,0.01,0.01,0.01,0.01,0.01,0.01,0.01,0.02,0.02,0.02,0.02,0.02,0.02
COK,Cook Islands,Climate Watch,Electricity/Heat,All GHG,MtCO₂e,0.02,0.02,0.02,0.02,0.02,0.02,0.02,0.02,0.02,0.02,0.02,0.03,0.03,0.02,0.03,0.03,0.02,0.02,0.02,0.02,0.02,0.02,0.02,0.02,0.02,0.02,0.02,0.01,0.01,0.01,0.01,0.01,0.01
COK,Cook Islands,Climate Watch,Transportation,All GHG,MtCO₂e,0.05,0.05,0.05,0.06,0.06,0.06,0.06,0.06,0.06,0.06,0.06,0.05,0.05,0.04,0.04,0.04,0.04,0.04,0.03,0.03,0.02,0.03,0.04,0.04,0.04,0.04,0.04,0.03,0.03,0.03,0.03,0.03,0.03
COK,Cook Islands,Climate Watch,Fugitive Emissions,All GHG,MtCO₂e,0.0,0.0,0.0,0.0,0.0,0.0,0.0,0.0,0.0,0.0,0.0,0.0,0.0,0.0,0.0,0.0,0.0,0.0,0.0,0.0,0.0,0.0,0.0,0.0,0.0,0.0,0.0,0.0,0.0,0.0,0.0,0.0,0.0
COL,Colombia,Climate Watch,Total excluding LUCF,All GHG,MtCO₂e,217.4,220.39,209.12,215.14,211.68,203.87,206.54,201.75,203.33,200.35,190.83,191.9,186.11,178.2,172.22,167.48,160.18,158.92,155.61,153.94,151.17,153.8,150.87,147.16,158.77,156.71,150.56,150.03,145.16,142.3,137.22,133.74,132.59
COL,Colombia,Climate Watch,Total including LUCF,All GHG,MtCO₂e,300.94,303.52,292.4,298.23,295.55,286.91,289.72,258.45,260.09,256.89,247.32,248.38,266.6,258.7,252.86,248.76,240.75,239.38,237.05,234.56,231.55,234.25,244.15,240.01,251.86,249.77,243.23,242.83,237.92,235.06,229.98,226.5,225.35
COL,Colombia,Climate Watch,Energy,All GHG,MtCO₂e,94.78,99.42,92.75,102.62,103.07,100.44,108.87,107.3,106.72,104.47,94.21,92.69,84.04,81.83,77.46,75.84,73.34,73.69,71.91,71.79,71.37,74.66,73.36,70.95,79.26,77.9,71.39,71.1,66.34,65.47,62.2,59.84,58.57
COL,Colombia,Climate Watch,Industrial Processes,All GHG,MtCO₂e,9.68,9.16,8.19,8.34,8.13,7.76,7.61,7.91,8.05,7.75,7.65,7.5,6.86,6.45,6.71,6.72,6.02,5.71,4.64,4.27,3.78,3.68,3.64,3.36,4.26,4.35,4.14,4.47,4.5,3.86,3.43,3.28,3.27
COL,Colombia,Climate Watch,Agriculture,All GHG,MtCO₂e,74.51,74.28,71.68,68.86,66.5,62.35,58.95,56.86,59.28,59.32,60.35,64.35,68.54,66.8,67.36,67.44,65.05,65.36,65.73,64.86,63.3,63.05,61.77,60.93,63.52,62.91,63.66,63.27,63.31,62.32,61.33,60.72,61.23
COL,Colombia,Climate Watch,Waste,All GHG,MtCO₂e,38.42,37.53,36.5,35.32,33.97,33.31,31.1,29.68,29.28,28.81,28.63,27.35,26.67,23.13,20.69,17.47,15.76,14.16,13.33,13.02,12.71,12.4,12.09,11.91,11.73,11.55,11.37,11.19,11.01,10.64,10.27,9.89,9.52
COL,Colombia,Climate Watch,Land-Use Change and Forestry,All GHG,MtCO₂e,83.54,83.12,83.28,83.1,83.88,83.04,83.18,56.69,56.76,56.54,56.49,56.49,80.49,80.5,80.64,81.28,80.58,80.46,81.44,80.62,80.37,80.45,93.29,92.85,93.09,93.06,92.67,92.8,92.76,92.76,92.76,92.76,92.76
COL,Colombia,Climate Watch,Bunker Fuels,All GHG,MtCO₂e,5.09,3.12,2.26,4.63,5.07,4.9,5.14,5.02,4.35,4.01,6.79,4.88,4.44,3.65,3.52,3.22,3.54,3.02,3.07,2.77,2.76,3.02,2.68,2.65,2.78,2.92,2.75,2.77,2.57,2.12,2.21,1.96,1.92
COL,Colombia,Climate Watch,Electricity/Heat,All GHG,MtCO₂e,16.8,17.96,22.09,19.27,18.22,16.06,22.88,21.93,19.87,19.05,15.39,13.72,17.67,17.3,11.08,12.6,12.39,12.97,12.37,13.71,13.44,13.97,13.73,12.02,16.3,14.61,11.98,14.1,12.45,14.14,13.64,12.98,12.48
COL,Colombia,Climate Watch,Building,All GHG,MtCO₂e,7.73,6.37,6.15,6.04,6.12,5.64,5.79,5.72,5.94,5.72,5.86,5.87,5.56,5.51,5.88,6.13,6.1,5.15,4.99,5.6,5.51,4.97,5.51,5.54,5.47,5.18,5.68,5.2,5.05,5.44,5.13,5.25,5.12
COL,Colombia,Climate Watch,Manufacturing/Construction,All GHG,MtCO₂e,12.08,15.91,14.06,14.79,16.01,15.63,14.95,14.65,16.55,16.96,12.2,15.57,12.29,12.4,14.11,12.51,12.12,15.09,14.29,14.86,16.36,16.34,16.5,15.09,16.06,17.48,16.71,16.0,16.29,15.34,13.83,13.49,12.96
COL,Colombia,Climate Watch,Transportation,All GHG,MtCO₂e,37.2,35.62,27.78,32.25,30.71,30.11,30.11,28.84,26.66,25.64,27.12,25.73,21.22,20.96,22.73,22.35,21.37,20.37,20.78,18.21,17.75,19.98,19.08,19.64,22.03,22.51,21.47,20.93,17.53,18.82,18.55,17.6,16.84
COL,Colombia,Climate Watch,Other Fuel Combustion,All GHG,MtCO₂e,1.88,3.98,3.45,2.84,4.97,4.9,6.58,6.53,7.44,7.14,3.68,3.43,2.89,2.83,1.94,1.76,1.74,1.67,1.71,1.84,1.77,1.74,1.74,1.69,1.86,1.86,1.89,1.74,4.26,1.82,1.65,1.62,1.85
COL,Colombia,Climate Watch,Fugitive Emissions,All GHG,MtCO₂e,19.1,19.57,19.24,27.43,27.03,28.1,28.56,29.62,30.26,29.95,29.94,28.37,24.4,22.82,21.71,20.49,19.61,18.44,17.76,17.57,16.55,17.67,16.79,16.98,17.54,16.26,13.68,13.13,10.74,9.91,9.4,8.92,9.32
COM,Comoros,Climate Watch,Total excluding LUCF,All GHG,MtCO₂e,0.69,0.65,0.52,0.46,0.43,0.41,0.34,0.31,0.3,0.32,0.28,0.27,0.29,0.27,0.25,0.24,0.3,0.28,0.29,0.27,0.25,0.25,0.24,0.25,0.24,0.22,0.22,0.22,0.21,0.21,0.21,0.21,0.27
COM,Comoros,Climate Watch,Total including LUCF,All GHG,MtCO₂e,0.75,0.71,0.58,0.52,0.49,0.46,0.4,0.37,0.36,0.38,0.34,0.33,0.35,0.33,0.31,0.3,0.36,0.38,0.35,0.33,0.31,0.31,0.3,0.31,0.3,0.29,0.28,0.28,0.28,0.27,0.27,0.27,0.33
COM,Comoros,Climate Watch,Energy,All GHG,MtCO₂e,0.55,0.51,0.38,0.32,0.3,0.27,0.21,0.18,0.17,0.19,0.16,0.15,0.17,0.14,0.11,0.11,0.17,0.15,0.15,0.14,0.11,0.11,0.11,0.1,0.09,0.08,0.08,0.08,0.08,0.07,0.07,0.07,0.07
COM,Comoros,Climate Watch,Industrial Processes,All GHG,MtCO₂e,0.03,0.03,0.02,0.02,0.02,0.02,0.02,0.01,0.01,0.01,0.01,0.01,0.01,0.01,0.01,0.01,0.01,0.01,0.0,0.0,0.0,0.0,0.0,0.0,0.0,0.0,0.0,0.0,0.0,0.0,0.0,0.0,0.0
COM,Comoros,Climate Watch,Agriculture,All GHG,MtCO₂e,0.11,0.11,0.11,0.11,0.11,0.11,0.11,0.11,0.11,0.11,0.11,0.11,0.11,0.12,0.12,0.12,0.12,0.13,0.13,0.13,0.14,0.14,0.14,0.15,0.14,0.14,0.14,0.14,0.14,0.13,0.13,0.14,0.2
COM,Comoros,Climate Watch,Waste,All GHG,MtCO₂e,0.0,0.0,0.0,0.0,0.0,0.0,0.0,0.0,0.0,0.0,0.0,0.0,0.0,0.0,0.0,0.0,0.0,0.0,0.0,0.0,0.0,0.0,0.0,0.0,0.0,0.0,0.0,0.0,0.0,0.0,0.0,0.0,0.0
COM,Comoros,Climate Watch,Land-Use Change and Forestry,All GHG,MtCO₂e,0.06,0.06,0.06,0.06,0.06,0.06,0.06,0.06,0.06,0.06,0.06,0.06,0.06,0.06,0.06,0.06,0.06,0.1,0.06,0.06,0.06,0.06,0.06,0.06,0.06,0.06,0.06,0.06,0.06,0.06,0.06,0.06,0.06
COM,Comoros,Climate Watch,Bunker Fuels,All GHG,MtCO₂e,0.02,0.02,0.02,0.02,0.02,0.02,0.0,0.0,0.0,0.0,0.0,0.0,0.0,0.0,0.0,0.0,0.0,0.0,0.0,0.0,0.0,0.0,0.0,0.0,0.0,0.0,0.0,0.0,0.0,0.0,0.0,0.0,0.0
COM,Comoros,Climate Watch,Electricity/Heat,All GHG,MtCO₂e,0.12,0.12,0.12,0.1,0.09,0.08,0.05,0.05,0.05,0.05,0.05,0.05,0.06,0.04,0.04,0.04,0.05,0.04,0.04,0.03,0.03,0.03,0.03,0.02,0.02,0.02,0.02,0.02,0.02,0.02,0.02,0.01,0.01
COM,Comoros,Climate Watch,Building,All GHG,MtCO₂e,0.02,0.02,0.02,0.02,0.01,0.01,0.01,0.01,0.01,0.01,0.01,0.01,0.0,0.0,0.01,0.01,0.01,0.01,0.01,0.01,0.01,0.01,0.01,0.01,0.01,0.01,0.01,0.01,0.01,0.01,0.01,0.01,0.01
COM,Comoros,Climate Watch,Manufacturing/Construction,All GHG,MtCO₂e,0.02,0.02,0.02,0.02,0.02,0.02,0.02,0.02,0.02,0.02,0.01,0.01,0.01,0.01,0.01,0.01,0.01,0.01,0.01,0.01,0.0,0.0,0.0,0.0,0.0,0.0,0.0,0.0,0.0,0.0,0.0,0.0,0.0
COM,Comoros,Climate Watch,Transportation,All GHG,MtCO₂e,0.35,0.33,0.22,0.18,0.16,0.15,0.13,0.11,0.1,0.12,0.08,0.08,0.09,0.08,0.06,0.05,0.11,0.09,0.1,0.09,0.07,0.07,0.07,0.06,0.06,0.05,0.05,0.05,0.05,0.05,0.05,0.05,0.04
COM,Comoros,Climate Watch,Other Fuel Combustion,All GHG,MtCO₂e,0.03,0.03,0.01,0.01,0.01,0.01,0.0,0.0,0.0,0.0,0.0,N/A,N/A,N/A,N/A,N/A,N/A,N/A,N/A,N/A,N/A,N/A,N/A,N/A,N/A,N/A,N/A,N/A,N/A,N/A,N/A,N/A,N/A
COM,Comoros,Climate Watch,Fugitive Emissions,All GHG,MtCO₂e,0.0,0.0,0.0,0.0,0.0,0.0,0.0,0.0,0.0,0.0,0.0,0.0,0.0,0.0,0.0,0.0,0.0,0.0,0.0,0.0,0.0,0.0,0.0,0.0,0.0,0.0,0.0,0.0,0.0,0.0,0.0,0.0,0.0
CPV,Cabo Verde,Climate Watch,Total excluding LUCF,All GHG,MtCO₂e,0.73,0.69,0.66,0.76,0.7,0.7,0.68,0.64,0.63,0.64,0.66,0.7,0.67,0.64,0.59,0.59,0.65,0.58,0.56,0.54,0.51,0.48,0.46,0.46,0.41,0.38,0.36,0.38,0.29,0.3,0.31,0.27,0.28
CPV,Cabo Verde,Climate Watch,Total including LUCF,All GHG,MtCO₂e,0.67,0.63,0.6,0.7,0.64,0.64,0.62,0.58,0.57,0.57,0.59,0.63,0.61,0.57,0.53,0.53,0.59,0.51,0.5,0.48,0.45,0.42,-0.05,-0.05,-0.1,-0.13,-0.15,-0.13,-0.22,-0.21,-0.2,-0.24,-0.23
CPV,Cabo Verde,Climate Watch,Energy,All GHG,MtCO₂e,0.59,0.55,0.52,0.64,0.58,0.58,0.54,0.5,0.5,0.5,0.52,0.57,0.54,0.51,0.48,0.48,0.53,0.45,0.44,0.42,0.39,0.36,0.31,0.3,0.25,0.23,0.22,0.2,0.18,0.17,0.18,0.17,0.18
CPV,Cabo Verde,Climate Watch,Industrial Processes,All GHG,MtCO₂e,0.02,0.02,0.02,0.02,0.02,0.01,0.01,0.01,0.01,0.01,0.01,0.01,0.01,0.01,0.01,0.01,0.01,0.01,0.0,0.0,0.0,0.0,0.0,0.0,0.0,0.0,0.0,0.0,0.0,0.0,0.0,0.0,0.0
CPV,Cabo Verde,Climate Watch,Agriculture,All GHG,MtCO₂e,0.11,0.11,0.11,0.1,0.1,0.1,0.12,0.12,0.12,0.12,0.12,0.11,0.12,0.11,0.1,0.1,0.11,0.11,0.12,0.11,0.11,0.11,0.12,0.13,0.12,0.11,0.1,0.13,0.11,0.13,0.12,0.1,0.09
CPV,Cabo Verde,Climate Watch,Waste,All GHG,MtCO₂e,0.01,0.01,0.01,0.01,0.01,0.01,0.01,0.01,0.01,0.01,0.0,0.0,0.0,0.0,0.0,0.0,0.0,0.0,0.0,0.0,0.0,0.0,0.03,0.04,0.04,0.04,0.04,0.04,0.0,0.0,0.0,0.0,0.0
CPV,Cabo Verde,Climate Watch,Land-Use Change and Forestry,All GHG,MtCO₂e,-0.06,-0.06,-0.06,-0.06,-0.06,-0.06,-0.06,-0.06,-0.06,-0.06,-0.06,-0.06,-0.06,-0.06,-0.06,-0.06,-0.06,-0.06,-0.06,-0.06,-0.06,-0.06,-0.51,-0.51,-0.51,-0.51,-0.51,-0.51,-0.51,-0.51,-0.51,-0.51,-0.51
CPV,Cabo Verde,Climate Watch,Bunker Fuels,All GHG,MtCO₂e,0.26,0.24,0.24,0.37,0.39,0.38,0.36,0.37,0.38,0.32,0.33,0.34,0.26,0.24,0.33,0.28,0.24,0.23,0.18,0.15,0.17,0.15,0.14,0.12,0.11,0.1,0.1,0.08,0.07,0.07,0.07,0.06,0.06
CPV,Cabo Verde,Climate Watch,Electricity/Heat,All GHG,MtCO₂e,0.24,0.23,0.22,0.23,0.22,0.23,0.22,0.22,0.22,0.21,0.21,0.24,0.24,0.21,0.21,0.15,0.2,0.17,0.16,0.15,0.14,0.11,0.09,0.08,0.07,0.06,0.06,0.06,0.05,0.05,0.05,0.04,0.03
CPV,Cabo Verde,Climate Watch,Building,All GHG,MtCO₂e,0.05,0.04,0.05,0.05,0.05,0.05,0.04,0.04,0.04,0.04,0.04,0.04,0.04,0.04,0.04,0.06,0.06,0.04,0.04,0.04,0.04,0.04,0.04,0.04,0.03,0.03,0.03,0.03,0.02,0.02,0.02,0.02,0.02
CPV,Cabo Verde,Climate Watch,Manufacturing/Construction,All GHG,MtCO₂e,N/A,N/A,N/A,N/A,N/A,N/A,N/A,N/A,N/A,0.0,0.0,0.0,0.0,0.0,0.0,0.0,0.0,0.0,0.03,0.04,0.03,0.03,0.03,0.03,0.02,0.02,0.02,0.01,0.0,0.0,0.0,0.0,0.0
CPV,Cabo Verde,Climate Watch,Transportation,All GHG,MtCO₂e,0.25,0.23,0.22,0.29,0.26,0.24,0.24,0.23,0.24,0.25,0.27,0.29,0.26,0.25,0.23,0.27,0.27,0.23,0.2,0.19,0.18,0.18,0.15,0.15,0.12,0.11,0.11,0.11,0.1,0.1,0.11,0.1,0.13
CPV,Cabo Verde,Climate Watch,Other Fuel Combustion,All GHG,MtCO₂e,0.06,0.04,0.04,0.06,0.05,0.07,0.03,N/A,N/A,N/A,N/A,N/A,N/A,N/A,N/A,N/A,N/A,N/A,N/A,N/A,N/A,N/A,N/A,N/A,N/A,N/A,N/A,N/A,N/A,N/A,N/A,N/A,N/A
CPV,Cabo Verde,Climate Watch,Fugitive Emissions,All GHG,MtCO₂e,0.0,0.0,0.0,0.0,0.0,0.0,0.0,0.0,0.0,0.0,0.0,0.0,0.0,0.0,0.0,0.0,0.0,0.0,0.0,0.0,0.0,0.0,0.0,0.0,0.0,0.0,0.0,0.0,0.0,0.0,0.0,0.0,0.0
CRI,Costa Rica,Climate Watch,Total excluding LUCF,All GHG,MtCO₂e,16.34,16.05,14.74,16.09,16.08,15.83,15.57,14.63,14.72,14.73,14.25,14.31,13.68,13.5,13.89,13.66,12.27,11.88,11.32,11.27,10.9,10.85,10.53,10.73,10.88,10.2,10.2,10.37,10.79,10.42,10.31,9.18,8.86
CRI,Costa Rica,Climate Watch,Total including LUCF,All GHG,MtCO₂e,9.06,8.68,7.42,8.77,8.76,8.5,8.29,7.36,7.4,7.46,6.97,6.98,13.17,12.99,13.37,13.19,11.75,11.36,10.81,10.78,10.4,10.37,12.96,13.16,13.33,12.63,12.61,12.8,13.23,12.85,12.75,11.61,11.29
CRI,Costa Rica,Climate Watch,Energy,All GHG,MtCO₂e,7.78,7.65,6.78,7.71,7.86,7.87,7.76,7.15,7.48,7.45,7.13,7.12,6.85,6.61,6.94,6.95,6.26,5.7,5.54,5.48,5.16,5.04,4.62,4.67,4.66,4.21,4.33,4.6,4.6,3.96,4.0,2.89,2.73
CRI,Costa Rica,Climate Watch,Industrial Processes,All GHG,MtCO₂e,1.35,1.27,1.18,1.23,1.23,1.21,1.12,1.22,1.17,1.14,1.11,1.1,1.04,1.29,1.25,1.28,0.89,1.06,0.83,0.65,0.65,0.61,0.53,0.6,0.56,0.51,0.48,0.47,0.5,0.48,0.4,0.41,0.36
CRI,Costa Rica,Climate Watch,Agriculture,All GHG,MtCO₂e,4.54,4.5,4.18,4.59,4.5,4.27,4.17,3.9,3.79,3.92,3.85,4.0,3.73,3.59,3.75,3.53,3.26,3.32,3.16,3.37,3.35,3.48,3.69,3.89,4.21,4.16,4.19,4.19,4.68,5.07,5.11,5.17,5.16
CRI,Costa Rica,Climate Watch,Waste,All GHG,MtCO₂e,2.67,2.63,2.59,2.56,2.49,2.48,2.52,2.37,2.28,2.22,2.16,2.09,2.05,2.0,1.96,1.91,1.86,1.81,1.79,1.76,1.74,1.72,1.69,1.57,1.45,1.32,1.2,1.1,1.0,0.91,0.81,0.71,0.61
CRI,Costa Rica,Climate Watch,Land-Use Change and Forestry,All GHG,MtCO₂e,-7.28,-7.37,-7.32,-7.32,-7.32,-7.32,-7.28,-7.27,-7.32,-7.27,-7.28,-7.33,-0.51,-0.51,-0.52,-0.47,-0.52,-0.52,-0.51,-0.49,-0.51,-0.48,2.43,2.43,2.46,2.43,2.42,2.43,2.43,2.43,2.43,2.43,2.43
CRI,Costa Rica,Climate Watch,Bunker Fuels,All GHG,MtCO₂e,0.77,0.55,0.31,0.72,0.67,0.61,0.61,0.54,0.5,0.5,0.55,0.6,0.59,0.59,0.79,0.9,0.85,0.94,0.66,0.48,0.89,0.67,0.71,0.76,0.69,0.58,0.7,0.69,0.46,0.51,0.38,0.19,0.26
CRI,Costa Rica,Climate Watch,Electricity/Heat,All GHG,MtCO₂e,0.01,0.01,0.03,0.08,0.11,0.04,0.14,0.11,0.78,0.86,0.6,0.68,0.61,0.44,0.68,0.74,0.57,0.29,0.13,0.23,0.19,0.19,0.06,0.13,0.37,0.29,0.52,0.87,0.91,0.5,0.67,0.26,0.19
CRI,Costa Rica,Climate Watch,Building,All GHG,MtCO₂e,0.46,0.43,0.39,0.39,0.36,0.34,0.33,0.32,0.31,0.31,0.3,0.31,0.35,0.33,0.35,0.36,0.38,0.33,0.35,0.24,0.28,0.24,0.23,0.26,0.23,0.22,0.25,0.21,0.2,0.19,0.19,0.17,0.19
CRI,Costa Rica,Climate Watch,Manufacturing/Construction,All GHG,MtCO₂e,1.27,1.24,1.13,1.0,1.22,1.31,1.23,1.06,1.08,1.09,1.14,1.16,1.06,1.07,1.2,1.25,1.03,1.0,0.95,0.98,0.75,0.92,0.87,0.81,0.77,0.72,0.67,0.68,0.66,0.58,0.56,0.67,0.7
CRI,Costa Rica,Climate Watch,Transportation,All GHG,MtCO₂e,5.85,5.83,5.11,6.12,6.02,6.01,5.89,5.44,5.09,4.99,4.91,4.79,4.67,4.54,4.48,4.37,4.07,3.86,3.95,3.68,3.59,3.25,3.05,3.15,3.03,2.74,2.67,2.65,2.66,2.53,2.45,1.69,1.63
CRI,Costa Rica,Climate Watch,Other Fuel Combustion,All GHG,MtCO₂e,0.2,0.15,0.13,0.13,0.15,0.18,0.17,0.22,0.22,0.2,0.19,0.18,0.15,0.23,0.22,0.22,0.22,0.21,0.16,0.36,0.36,0.44,0.41,0.32,0.25,0.24,0.22,0.18,0.17,0.16,0.12,0.1,0.03
CRI,Costa Rica,Climate Watch,Fugitive Emissions,All GHG,MtCO₂e,0.0,0.0,0.0,0.0,0.0,0.0,0.0,0.0,0.0,0.0,0.0,0.0,0.0,0.0,0.0,0.0,0.0,0.0,0.0,0.0,0.0,0.0,0.0,0.0,0.0,0.0,0.0,0.0,0.0,0.0,0.0,0.0,0.0
CUB,Cuba,Climate Watch,Total excluding LUCF,All GHG,MtCO₂e,31.89,34.38,31.48,36.15,40.82,40.43,41.74,43.75,41.92,44.05,43.8,42.77,42.86,41.69,40.81,41.47,40.61,39.66,39.71,40.46,42.75,43.79,44.71,44.41,44.09,44.69,42.57,40.03,39.06,37.23,40.33,46.07,54.87
CUB,Cuba,Climate Watch,Total including LUCF,All GHG,MtCO₂e,28.86,31.38,28.55,33.11,37.79,37.43,38.71,31.12,29.24,31.39,31.13,30.15,32.64,31.54,30.58,31.26,30.43,29.5,29.5,30.22,32.55,33.56,34.02,33.71,33.37,33.92,31.81,29.27,28.29,26.46,29.57,35.3,44.11
CUB,Cuba,Climate Watch,Energy,All GHG,MtCO₂e,19.99,21.96,18.66,22.44,26.92,26.63,27.45,29.65,27.11,29.02,28.86,27.79,28.29,27.05,26.74,27.59,26.8,26.37,25.73,26.12,26.84,27.94,28.75,28.13,27.1,27.33,25.32,23.21,21.9,20.38,22.05,27.3,35.01
CUB,Cuba,Climate Watch,Industrial Processes,All GHG,MtCO₂e,1.06,1.09,1.14,1.29,1.35,1.26,1.26,1.23,1.26,1.46,1.47,1.44,1.41,1.47,1.49,1.54,1.47,1.38,1.2,1.16,1.2,0.99,1.05,1.12,1.07,1.17,0.93,0.92,0.72,0.76,0.83,1.2,1.89
CUB,Cuba,Climate Watch,Agriculture,All GHG,MtCO₂e,9.42,9.91,10.26,11.0,11.13,11.12,11.61,11.46,12.14,12.16,12.06,12.12,11.76,11.77,11.19,10.96,10.96,10.55,11.43,11.83,11.88,12.09,12.21,12.38,13.06,13.27,13.32,12.83,13.29,12.87,14.15,14.19,14.53
CUB,Cuba,Climate Watch,Waste,All GHG,MtCO₂e,1.41,1.41,1.41,1.42,1.42,1.41,1.42,1.41,1.41,1.41,1.41,1.41,1.4,1.4,1.39,1.38,1.38,1.36,1.36,1.35,2.84,2.77,2.71,2.78,2.85,2.93,3.0,3.07,3.15,3.22,3.29,3.37,3.44
CUB,Cuba,Climate Watch,Land-Use Change and Forestry,All GHG,MtCO₂e,-3.03,-3.0,-2.92,-3.05,-3.04,-2.99,-3.03,-12.63,-12.69,-12.66,-12.67,-12.62,-10.22,-10.16,-10.23,-10.21,-10.18,-10.16,-10.21,-10.24,-10.2,-10.23,-10.68,-10.71,-10.72,-10.77,-10.76,-10.77,-10.77,-10.77,-10.77,-10.77,-10.77
CUB,Cuba,Climate Watch,Bunker Fuels,All GHG,MtCO₂e,1.13,1.15,1.73,1.35,1.45,1.79,1.74,2.31,2.43,2.48,2.67,2.39,2.87,1.97,0.54,0.63,0.65,0.61,0.62,0.52,0.75,0.64,0.71,0.89,1.02,1.01,0.9,0.58,0.56,0.65,0.69,0.93,1.05
CUB,Cuba,Climate Watch,Electricity/Heat,All GHG,MtCO₂e,10.78,10.9,8.43,11.76,15.14,14.9,16.55,16.78,16.24,15.6,15.61,15.01,14.28,14.18,13.84,13.51,13.12,13.11,13.34,13.53,12.94,9.7,10.99,10.4,10.84,10.98,11.64,11.08,10.52,9.3,9.17,11.15,12.95
CUB,Cuba,Climate Watch,Building,All GHG,MtCO₂e,0.65,0.7,0.7,0.71,0.7,0.67,0.65,0.62,0.61,0.66,0.66,0.67,0.64,0.66,0.68,0.65,0.87,1.4,1.72,1.12,0.89,1.04,1.16,0.94,0.84,0.95,1.07,1.07,1.09,1.19,1.66,2.26,2.36
CUB,Cuba,Climate Watch,Manufacturing/Construction,All GHG,MtCO₂e,5.35,6.67,5.5,5.65,6.04,5.77,5.23,6.56,4.66,7.35,7.33,6.84,7.67,6.89,7.19,8.23,7.81,6.4,5.09,5.78,8.0,11.94,11.18,11.41,10.07,9.55,7.51,6.8,6.19,5.91,6.35,7.67,11.15
CUB,Cuba,Climate Watch,Transportation,All GHG,MtCO₂e,1.22,1.23,1.24,1.5,1.66,1.69,1.55,1.55,1.43,1.27,1.09,1.25,1.28,1.45,1.86,1.89,1.88,1.96,2.02,1.94,2.11,2.27,2.22,2.41,2.55,2.82,2.25,2.02,1.94,1.99,2.66,3.81,5.2
CUB,Cuba,Climate Watch,Other Fuel Combustion,All GHG,MtCO₂e,1.36,1.83,2.17,2.08,2.59,2.82,2.59,3.1,3.07,3.13,3.18,3.02,3.4,2.8,2.07,2.21,2.01,2.44,2.4,2.48,1.69,1.95,2.23,2.18,2.17,2.56,2.38,1.87,1.86,1.72,1.99,2.27,3.17
CUB,Cuba,Climate Watch,Fugitive Emissions,All GHG,MtCO₂e,0.62,0.63,0.63,0.73,0.79,0.78,0.89,1.04,1.1,1.01,1.0,1.01,1.02,1.06,1.11,1.1,1.11,1.05,1.16,1.27,1.22,1.03,0.96,0.79,0.63,0.47,0.48,0.36,0.31,0.28,0.22,0.13,0.17
CYP,Cyprus,Climate Watch,Total excluding LUCF,All GHG,MtCO₂e,8.53,8.46,8.3,8.69,8.66,8.8,8.61,8.22,8.14,7.75,8.44,8.98,9.23,9.56,9.74,9.53,9.2,9.08,8.97,9.02,8.35,8.12,8.2,7.93,7.65,7.32,7.24,6.84,6.95,6.69,6.42,5.98,5.44
CYP,Cyprus,Climate Watch,Total including LUCF,All GHG,MtCO₂e,8.28,8.21,8.05,8.45,8.41,8.55,8.36,7.9,7.83,7.43,8.13,8.66,8.96,9.3,9.48,9.27,8.94,8.82,8.7,8.76,8.08,7.86,8.13,7.86,7.59,7.25,7.17,6.77,6.88,6.62,6.35,5.91,5.37
CYP,Cyprus,Climate Watch,Energy,All GHG,MtCO₂e,6.16,6.11,5.97,6.48,6.43,6.52,6.41,6.05,5.9,5.74,6.67,7.17,7.43,7.69,7.75,7.57,7.25,7.18,7.04,7.15,6.46,6.3,6.42,6.18,5.92,5.57,5.45,5.14,5.24,5.03,4.84,4.52,3.96
CYP,Cyprus,Climate Watch,Industrial Processes,All GHG,MtCO₂e,1.29,1.27,1.25,1.15,1.19,1.25,1.19,1.17,1.25,1.02,0.77,0.8,0.79,0.89,1.02,0.99,0.98,0.93,0.93,0.86,0.86,0.83,0.84,0.81,0.8,0.83,0.86,0.79,0.82,0.78,0.72,0.65,0.67
CYP,Cyprus,Climate Watch,Agriculture,All GHG,MtCO₂e,0.42,0.44,0.44,0.42,0.41,0.41,0.39,0.39,0.38,0.38,0.42,0.43,0.43,0.41,0.4,0.41,0.42,0.41,0.45,0.47,0.49,0.45,0.42,0.43,0.43,0.42,0.44,0.43,0.42,0.42,0.42,0.38,0.37
CYP,Cyprus,Climate Watch,Waste,All GHG,MtCO₂e,0.65,0.64,0.64,0.64,0.63,0.62,0.62,0.61,0.61,0.6,0.59,0.58,0.58,0.58,0.57,0.56,0.56,0.56,0.55,0.54,0.54,0.53,0.52,0.51,0.5,0.5,0.49,0.48,0.47,0.46,0.45,0.44,0.44
CYP,Cyprus,Climate Watch,Land-Use Change and Forestry,All GHG,MtCO₂e,-0.25,-0.25,-0.25,-0.25,-0.25,-0.25,-0.25,-0.32,-0.32,-0.32,-0.32,-0.32,-0.26,-0.26,-0.26,-0.26,-0.26,-0.26,-0.26,-0.26,-0.26,-0.26,-0.07,-0.07,-0.07,-0.07,-0.07,-0.07,-0.07,-0.07,-0.07,-0.07,-0.07
CYP,Cyprus,Climate Watch,Bunker Fuels,All GHG,MtCO₂e,1.72,1.29,1.17,1.83,1.84,1.76,1.75,1.52,1.48,1.51,1.47,1.57,1.45,1.54,1.72,1.79,1.9,1.85,1.11,1.42,1.4,1.61,1.47,1.33,1.13,1.09,1.08,1.04,0.95,0.89,1.05,1.07,0.93
CYP,Cyprus,Climate Watch,Electricity/Heat,All GHG,MtCO₂e,3.11,3.07,3.02,3.26,3.31,3.28,3.27,3.01,2.92,2.81,3.53,3.72,3.86,4.02,3.97,3.8,3.61,3.53,3.35,3.56,3.04,2.88,2.99,2.86,2.68,2.44,2.31,2.19,2.4,2.27,2.15,1.85,1.78
CYP,Cyprus,Climate Watch,Building,All GHG,MtCO₂e,0.43,0.4,0.42,0.46,0.38,0.45,0.45,0.45,0.39,0.44,0.52,0.54,0.49,0.55,0.51,0.55,0.58,0.47,0.24,0.27,0.26,0.23,0.23,0.21,0.22,0.22,0.21,0.21,0.2,0.2,0.22,0.18,0.18
CYP,Cyprus,Climate Watch,Manufacturing/Construction,All GHG,MtCO₂e,0.58,0.57,0.59,0.57,0.56,0.63,0.61,0.62,0.69,0.54,0.47,0.57,0.68,0.78,0.9,0.91,0.89,1.01,1.41,1.38,1.34,1.35,1.41,1.37,1.33,1.3,1.38,1.24,1.22,1.2,1.13,1.3,0.8
CYP,Cyprus,Climate Watch,Transportation,All GHG,MtCO₂e,1.93,1.96,1.82,2.09,2.07,2.06,1.98,1.87,1.8,1.85,2.05,2.23,2.3,2.25,2.25,2.2,2.06,2.07,2.03,1.93,1.82,1.84,1.78,1.74,1.69,1.62,1.55,1.5,1.41,1.36,1.34,1.19,1.19
CYP,Cyprus,Climate Watch,Other Fuel Combustion,All GHG,MtCO₂e,0.11,0.11,0.11,0.11,0.11,0.11,0.11,0.11,0.11,0.1,0.1,0.11,0.1,0.1,0.13,0.11,0.11,0.09,0.0,N/A,N/A,N/A,N/A,N/A,N/A,N/A,N/A,N/A,N/A,N/A,N/A,N/A,N/A
CYP,Cyprus,Climate Watch,Fugitive Emissions,All GHG,MtCO₂e,0.0,0.0,0.0,0.0,0.0,0.0,0.0,0.0,0.0,0.0,0.0,0.0,0.0,0.0,0.0,0.0,0.0,0.0,0.0,0.0,0.0,0.0,0.0,0.0,0.0,0.0,0.0,0.0,0.0,0.0,0.0,0.0,0.0
CZE,Czech Republic,Climate Watch,Total excluding LUCF,All GHG,MtCO₂e,112.8,114.28,108.82,118.56,123.99,125.21,125.04,123.45,121.66,124.37,129.7,133.28,135.98,134.73,141.16,146.65,144.98,143.91,145.42,145.16,141.93,147.27,147.79,136.0,144.68,151.73,154.81,150.58,151.85,158.96,165.87,171.01,187.5
CZE,Czech Republic,Climate Watch,Total including LUCF,All GHG,MtCO₂e,107.13,108.61,103.15,112.89,118.32,119.54,119.37,119.96,118.18,120.88,126.21,129.79,129.18,127.93,134.36,139.85,138.18,137.1,138.61,138.36,135.14,140.48,138.49,126.71,135.39,142.44,145.52,141.29,142.56,149.67,156.58,161.72,178.21
CZE,Czech Republic,Climate Watch,Energy,All GHG,MtCO₂e,95.01,96.72,91.74,100.97,106.48,107.69,107.49,106.24,105.23,108.36,113.53,117.5,120.68,119.54,125.33,131.09,130.01,129.17,130.55,130.56,127.55,131.75,132.55,121.05,129.38,136.27,139.1,135.14,135.9,142.49,147.77,154.31,168.95
CZE,Czech Republic,Climate Watch,Industrial Processes,All GHG,MtCO₂e,6.46,6.42,6.15,6.36,6.26,6.09,5.86,5.59,5.28,4.9,5.13,5.16,4.75,4.73,5.27,5.08,4.57,4.28,4.31,3.9,3.7,3.96,4.07,3.82,3.98,3.78,3.61,3.4,3.45,3.24,3.68,1.05,1.39
CZE,Czech Republic,Climate Watch,Agriculture,All GHG,MtCO₂e,6.45,6.34,6.17,6.46,6.53,6.76,7.04,6.96,6.55,6.45,6.42,6.03,5.96,6.03,6.24,6.31,6.17,6.27,6.4,6.48,6.55,7.51,7.24,7.27,7.44,7.92,8.46,8.43,8.86,9.72,11.0,12.22,13.86
CZE,Czech Republic,Climate Watch,Waste,All GHG,MtCO₂e,4.87,4.79,4.76,4.77,4.72,4.67,4.65,4.66,4.6,4.66,4.62,4.59,4.58,4.44,4.33,4.17,4.23,4.19,4.16,4.22,4.13,4.05,3.93,3.87,3.87,3.75,3.64,3.61,3.64,3.5,3.44,3.46,3.3
CZE,Czech Republic,Climate Watch,Land-Use Change and Forestry,All GHG,MtCO₂e,-5.67,-5.67,-5.67,-5.67,-5.67,-5.67,-5.67,-3.49,-3.49,-3.49,-3.49,-3.49,-6.8,-6.8,-6.8,-6.8,-6.8,-6.8,-6.8,-6.8,-6.79,-6.79,-9.29,-9.29,-9.29,-9.29,-9.29,-9.29,-9.29,-9.29,-9.29,-9.29,-9.29
CZE,Czech Republic,Climate Watch,Bunker Fuels,All GHG,MtCO₂e,0.79,0.46,0.34,1.25,1.23,1.06,0.95,0.88,0.88,0.85,0.88,0.93,0.94,1.02,1.07,1.03,1.01,0.95,0.87,0.61,0.5,0.49,0.49,0.41,0.36,0.38,0.41,0.57,0.54,0.44,0.54,0.47,0.66
CZE,Czech Republic,Climate Watch,Electricity/Heat,All GHG,MtCO₂e,49.7,49.16,46.79,53.96,58.05,58.5,59.58,58.84,59.01,60.78,64.15,67.42,68.64,65.18,68.74,73.9,69.8,69.79,70.15,70.3,70.52,72.02,71.48,63.65,68.63,72.21,73.33,68.43,65.71,65.42,67.34,69.42,70.85
CZE,Czech Republic,Climate Watch,Building,All GHG,MtCO₂e,10.45,11.54,11.01,11.21,11.8,12.54,12.29,11.71,11.33,12.95,12.84,12.72,14.0,11.95,12.01,11.57,13.31,12.61,15.0,15.01,13.54,14.53,13.28,13.19,14.14,15.54,16.92,15.91,15.2,15.89,16.57,23.67,24.82
CZE,Czech Republic,Climate Watch,Manufacturing/Construction,All GHG,MtCO₂e,11.66,12.92,11.98,11.82,12.52,12.31,11.54,11.8,11.64,11.86,12.65,12.87,13.39,16.79,17.34,18.21,19.87,20.29,20.85,20.73,20.6,22.5,24.19,20.0,23.3,24.88,25.48,26.62,27.52,33.17,40.25,37.22,46.89
CZE,Czech Republic,Climate Watch,Transportation,All GHG,MtCO₂e,19.72,19.24,18.04,19.37,19.14,19.0,18.46,17.76,16.94,16.42,16.56,16.91,17.03,18.08,18.71,18.84,17.86,17.55,16.24,15.51,13.64,13.08,12.2,12.08,10.98,10.69,10.37,7.45,8.76,8.16,8.12,6.33,7.12
CZE,Czech Republic,Climate Watch,Other Fuel Combustion,All GHG,MtCO₂e,1.16,1.29,1.34,1.33,1.3,1.41,1.34,1.39,1.42,1.45,1.45,1.45,1.45,1.41,1.59,1.52,1.61,1.62,1.54,1.94,2.06,2.14,3.18,2.94,2.17,2.33,2.05,5.82,7.67,8.13,4.14,5.34,5.89
CZE,Czech Republic,Climate Watch,Fugitive Emissions,All GHG,MtCO₂e,2.33,2.57,2.57,3.29,3.67,3.93,4.29,4.74,4.9,4.91,5.87,6.13,6.17,6.12,6.94,7.05,7.55,7.31,6.77,7.07,7.2,7.48,8.22,9.19,10.16,10.63,10.94,10.9,11.04,11.71,11.36,12.34,13.38
DEU,Germany,Climate Watch,Total excluding LUCF,All GHG,MtCO₂e,707.44,716.04,692.64,748.07,799.27,827.92,844.61,841.57,836.64,877.5,862.56,849.52,879.03,848.23,905.47,902.66,931.76,923.46,945.38,963.42,962.56,979.18,961.09,968.77,1006.62,1028.21,1065.22,1040.6,1043.27,1052.47,1059.99,1104.52,1129.6
DEU,Germany,Climate Watch,Total including LUCF,All GHG,MtCO₂e,695.82,704.44,681.07,736.5,787.79,816.43,833.13,830.27,825.35,866.23,851.3,838.27,878.65,847.84,905.09,902.29,931.39,923.08,944.99,963.19,962.48,979.21,928.12,935.88,973.82,995.4,1032.43,1007.87,1010.5,1019.71,1027.23,1071.77,1096.85
DEU,Germany,Climate Watch,Energy,All GHG,MtCO₂e,624.49,630.94,605.37,658.26,707.53,732.06,747.6,742.82,736.19,778.09,762.37,748.35,776.65,737.73,792.45,785.57,817.52,804.97,822.59,839.26,836.28,850.03,830.68,833.68,865.67,873.24,905.32,874.33,874.93,886.59,892.55,934.46,955.77
DEU,Germany,Climate Watch,Industrial Processes,All GHG,MtCO₂e,24.5,25.21,24.55,24.97,25.86,27.09,26.6,26.75,26.71,26.3,27.1,27.5,26.49,33.65,34.75,37.37,34.02,33.97,36.16,33.86,32.79,32.61,31.32,31.89,35.54,45.86,47.42,51.35,51.84,48.37,47.07,42.36,42.25
DEU,Germany,Climate Watch,Agriculture,All GHG,MtCO₂e,55.13,56.37,58.8,60.44,60.95,63.47,64.74,65.78,66.91,65.6,64.8,64.54,65.8,65.51,65.54,65.6,64.55,66.76,67.2,68.29,69.68,70.9,71.39,73.5,73.6,74.65,74.56,75.06,75.2,74.99,77.4,85.17,90.44
DEU,Germany,Climate Watch,Waste,All GHG,MtCO₂e,3.32,3.52,3.92,4.4,4.93,5.29,5.68,6.22,6.83,7.5,8.28,9.14,10.1,11.34,12.73,14.11,15.68,17.76,19.42,22.02,23.81,25.64,27.7,29.7,31.82,34.46,37.92,39.87,41.3,42.54,42.97,42.52,41.14
DEU,Germany,Climate Watch,Land-Use Change and Forestry,All GHG,MtCO₂e,-11.62,-11.6,-11.57,-11.57,-11.49,-11.49,-11.48,-11.3,-11.29,-11.27,-11.26,-11.26,-0.39,-0.39,-0.39,-0.37,-0.38,-0.37,-0.38,-0.23,-0.08,0.03,-32.96,-32.89,-32.81,-32.8,-32.79,-32.73,-32.77,-32.76,-32.75,-32.75,-32.75
DEU,Germany,Climate Watch,Bunker Fuels,All GHG,MtCO₂e,31.78,22.7,17.88,33.87,35.18,36.17,35.1,31.96,31.64,32.63,32.93,31.95,33.0,33.16,34.62,34.55,32.04,30.56,29.41,27.47,26.27,25.79,26.53,25.25,24.04,23.76,22.69,22.4,22.34,21.49,19.29,19.49,21.44
DEU,Germany,Climate Watch,Electricity/Heat,All GHG,MtCO₂e,262.61,256.58,227.35,263.34,312.1,329.54,347.83,348.17,352.2,371.72,367.1,356.1,363.52,344.87,372.87,394.44,381.31,377.5,381.1,385.82,380.29,378.78,365.52,360.52,375.68,375.67,391.6,380.91,386.48,385.94,394.27,410.95,413.4
DEU,Germany,Climate Watch,Building,All GHG,MtCO₂e,117.83,125.94,127.51,126.43,124.46,135.05,136.6,133.25,129.34,150.98,140.23,132.21,153.75,146.26,157.54,132.77,171.64,162.64,166.13,175.9,167.64,179.87,163.68,167.11,179.07,187.38,201.91,180.16,178.91,191.24,183.0,199.27,202.5
DEU,Germany,Climate Watch,Manufacturing/Construction,All GHG,MtCO₂e,88.99,94.23,93.84,93.91,98.82,95.63,93.71,95.59,91.71,94.27,94.71,97.66,98.81,87.27,100.27,96.47,97.05,95.14,97.43,98.92,96.07,96.67,102.99,101.94,106.27,108.49,110.82,116.96,118.27,117.89,125.17,134.07,156.76
DEU,Germany,Climate Watch,Transportation,All GHG,MtCO₂e,144.65,143.56,146.23,164.02,161.6,167.56,165.05,161.57,158.56,156.3,152.44,153.92,152.09,151.0,152.94,152.57,157.74,159.72,168.14,168.19,171.39,173.85,177.88,182.19,177.26,174.22,173.46,172.32,170.38,173.15,168.47,165.88,162.94
DEU,Germany,Climate Watch,Other Fuel Combustion,All GHG,MtCO₂e,7.63,7.49,7.34,7.37,7.37,0.9,1.15,1.15,1.29,1.22,1.27,1.45,1.37,0.57,0.57,0.63,0.87,1.13,1.03,1.09,11.36,11.33,11.21,12.22,17.91,18.58,18.48,15.23,14.33,13.25,16.45,18.37,16.45
DEU,Germany,Climate Watch,Fugitive Emissions,All GHG,MtCO₂e,2.78,3.15,3.1,3.19,3.18,3.38,3.24,3.09,3.09,3.61,6.61,7.0,7.12,7.76,8.25,8.69,8.91,8.83,8.76,9.35,9.52,9.53,9.41,9.7,9.47,8.89,9.05,8.76,6.55,5.11,5.17,5.92,3.7
DJI,Djibouti,Climate Watch,Total excluding LUCF,All GHG,MtCO₂e,1.69,1.61,1.53,1.6,1.54,1.47,1.46,1.54,1.44,1.39,1.3,1.3,1.49,1.41,1.43,1.41,1.37,1.36,1.32,1.33,1.3,1.27,1.25,1.27,1.23,1.15,1.11,1.08,1.02,0.99,0.97,0.95,0.94
DJI,Djibouti,Climate Watch,Total including LUCF,All GHG,MtCO₂e,1.69,1.61,1.53,1.6,1.54,1.47,1.46,1.54,1.44,1.39,1.3,1.3,1.49,1.41,1.43,1.41,1.37,1.36,1.32,1.33,1.3,1.27,1.25,1.27,1.23,1.15,1.11,1.08,1.02,0.99,0.97,0.95,0.94
DJI,Djibouti,Climate Watch,Energy,All GHG,MtCO₂e,0.43,0.4,0.38,0.46,0.4,0.37,0.38,0.46,0.36,0.34,0.31,0.32,0.52,0.45,0.48,0.47,0.44,0.43,0.4,0.42,0.4,0.38,0.37,0.39,0.39,0.34,0.31,0.32,0.3,0.31,0.31,0.3,0.3
DJI,Djibouti,Climate Watch,Industrial Processes,All GHG,MtCO₂e,0.21,0.17,0.12,0.12,0.11,0.08,0.07,0.08,0.09,0.08,0.02,0.01,0.01,0.01,0.01,0.01,0.01,0.01,0.01,0.01,0.0,0.0,0.0,0.0,0.0,0.0,0.0,0.0,0.0,0.0,0.0,0.0,0.0
DJI,Djibouti,Climate Watch,Agriculture,All GHG,MtCO₂e,0.75,0.75,0.75,0.75,0.76,0.75,0.75,0.75,0.74,0.74,0.74,0.74,0.74,0.74,0.73,0.73,0.73,0.74,0.74,0.74,0.73,0.73,0.73,0.73,0.7,0.69,0.68,0.66,0.61,0.59,0.58,0.58,0.57
DJI,Djibouti,Climate Watch,Waste,All GHG,MtCO₂e,0.3,0.29,0.29,0.28,0.27,0.27,0.26,0.25,0.25,0.24,0.23,0.23,0.22,0.21,0.21,0.2,0.19,0.18,0.18,0.17,0.16,0.15,0.14,0.14,0.13,0.12,0.11,0.11,0.1,0.09,0.08,0.07,0.07
DJI,Djibouti,Climate Watch,Land-Use Change and Forestry,All GHG,MtCO₂e,0.0,0.0,0.0,0.0,0.0,0.0,0.0,0.0,0.0,0.0,0.0,0.0,0.0,0.0,0.0,0.0,0.0,0.0,0.0,0.0,0.0,0.0,0.0,0.0,0.0,0.0,0.0,0.0,0.0,0.0,0.0,0.0,0.0
DJI,Djibouti,Climate Watch,Bunker Fuels,All GHG,MtCO₂e,0.32,0.3,0.3,0.32,0.31,0.31,0.32,0.35,0.35,0.34,0.38,0.32,0.33,0.32,0.3,0.32,0.33,0.38,0.44,0.44,0.43,0.46,0.47,0.48,0.47,0.42,0.41,0.43,0.41,0.42,0.41,0.41,0.41
DJI,Djibouti,Climate Watch,Electricity/Heat,All GHG,MtCO₂e,0.1,0.09,0.09,0.07,0.04,0.04,0.07,0.14,0.08,0.06,0.06,0.08,0.29,0.24,0.26,0.24,0.21,0.21,0.17,0.19,0.17,0.14,0.14,0.15,0.15,0.13,0.13,0.13,0.13,0.13,0.13,0.13,0.13
DJI,Djibouti,Climate Watch,Building,All GHG,MtCO₂e,0.07,0.07,0.06,0.08,0.07,0.07,0.07,0.08,0.08,0.08,0.14,0.11,0.11,0.11,0.1,0.11,0.11,0.11,0.12,0.12,0.12,0.12,0.12,0.1,0.1,0.1,0.09,0.09,0.09,0.09,0.09,0.09,0.09
DJI,Djibouti,Climate Watch,Manufacturing/Construction,All GHG,MtCO₂e,0.08,0.08,0.07,0.08,0.03,0.03,0.04,0.1,0.06,0.04,0.06,0.07,0.04,0.04,0.04,0.04,0.04,0.04,0.04,0.04,0.04,0.04,0.04,0.04,0.04,0.04,0.04,0.04,0.04,0.04,0.04,0.04,0.04
DJI,Djibouti,Climate Watch,Transportation,All GHG,MtCO₂e,0.16,0.15,0.13,0.17,0.17,0.15,0.14,0.11,0.12,0.11,0.05,0.07,0.09,0.06,0.08,0.08,0.07,0.07,0.06,0.06,0.06,0.07,0.07,0.11,0.1,0.06,0.05,0.06,0.05,0.05,0.05,0.05,0.04
DJI,Djibouti,Climate Watch,Other Fuel Combustion,All GHG,MtCO₂e,0.02,0.02,0.02,0.06,0.09,0.07,0.05,0.03,0.03,0.05,N/A,N/A,N/A,N/A,N/A,N/A,N/A,N/A,N/A,N/A,N/A,N/A,N/A,N/A,N/A,N/A,N/A,N/A,N/A,N/A,N/A,N/A,N/A
DJI,Djibouti,Climate Watch,Fugitive Emissions,All GHG,MtCO₂e,0.0,0.0,0.0,0.0,0.0,0.0,0.0,0.0,0.0,0.0,0.0,0.0,0.0,0.0,0.0,0.0,0.0,0.0,0.0,0.0,0.0,0.0,0.0,0.0,0.0,0.0,0.0,0.0,0.0,0.0,0.0,0.0,0.0
DMA,Dominica,Climate Watch,Total excluding LUCF,All GHG,MtCO₂e,0.24,0.23,0.23,0.24,0.23,0.24,0.26,0.26,0.25,0.24,0.25,0.23,0.25,0.27,0.25,0.26,0.23,0.22,0.21,0.18,0.17,0.21,0.19,0.18,0.18,0.19,0.18,0.2,0.2,0.13,0.12,0.12,0.12
DMA,Dominica,Climate Watch,Total including LUCF,All GHG,MtCO₂e,0.23,0.22,0.22,0.23,0.22,0.23,0.24,0.26,0.24,0.24,0.24,0.23,0.24,0.26,0.24,0.25,0.22,0.21,0.2,0.17,0.16,0.2,0.25,0.23,0.24,0.24,0.23,0.26,0.26,0.18,0.18,0.18,0.18
DMA,Dominica,Climate Watch,Energy,All GHG,MtCO₂e,0.17,0.16,0.16,0.18,0.17,0.16,0.18,0.18,0.17,0.16,0.17,0.15,0.17,0.19,0.17,0.18,0.16,0.16,0.15,0.12,0.11,0.14,0.13,0.1,0.09,0.09,0.07,0.08,0.07,0.07,0.06,0.06,0.06
DMA,Dominica,Climate Watch,Industrial Processes,All GHG,MtCO₂e,0.0,0.0,0.0,0.0,0.0,0.0,0.0,0.0,0.0,0.0,0.0,0.0,0.0,0.0,0.0,0.0,0.0,0.0,0.0,0.0,0.0,0.0,0.0,0.0,0.0,0.0,0.0,0.0,0.0,0.0,0.0,0.0,0.0
DMA,Dominica,Climate Watch,Agriculture,All GHG,MtCO₂e,0.04,0.04,0.04,0.04,0.04,0.04,0.04,0.04,0.04,0.04,0.04,0.04,0.04,0.04,0.04,0.04,0.04,0.04,0.04,0.04,0.04,0.04,0.04,0.04,0.04,0.04,0.04,0.04,0.05,0.05,0.05,0.05,0.05
DMA,Dominica,Climate Watch,Waste,All GHG,MtCO₂e,0.03,0.03,0.03,0.03,0.03,0.04,0.04,0.04,0.04,0.04,0.04,0.04,0.04,0.04,0.04,0.04,0.04,0.02,0.02,0.02,0.02,0.02,0.02,0.03,0.04,0.05,0.07,0.08,0.09,0.01,0.01,0.01,0.01
DMA,Dominica,Climate Watch,Land-Use Change and Forestry,All GHG,MtCO₂e,-0.01,-0.01,-0.01,-0.01,-0.01,-0.01,-0.01,-0.01,-0.01,-0.01,-0.01,-0.01,-0.01,-0.01,-0.01,-0.01,-0.01,-0.01,-0.01,-0.01,-0.01,-0.01,0.06,0.06,0.06,0.06,0.06,0.06,0.06,0.06,0.06,0.06,0.06
DMA,Dominica,Climate Watch,Bunker Fuels,All GHG,MtCO₂e,0.01,0.0,0.0,0.01,0.01,0.01,0.01,0.0,0.0,0.01,0.01,0.01,0.01,0.0,0.01,0.0,0.0,0.0,0.0,0.0,0.0,0.0,0.0,0.0,0.0,0.0,0.0,0.0,0.0,0.0,0.0,0.0,0.0
DMA,Dominica,Climate Watch,Electricity/Heat,All GHG,MtCO₂e,0.1,0.09,0.09,0.09,0.07,0.08,0.09,0.1,0.09,0.08,0.09,0.08,0.1,0.09,0.09,0.08,0.08,0.07,0.06,0.03,0.03,0.04,0.03,0.03,0.03,0.02,0.02,0.02,0.01,0.01,0.01,0.01,0.01
DMA,Dominica,Climate Watch,Building,All GHG,MtCO₂e,0.01,0.01,0.01,0.01,0.01,0.01,0.01,0.01,0.01,0.01,0.01,0.01,0.01,0.01,0.01,0.01,0.01,0.01,0.01,0.01,0.01,0.01,0.01,0.01,0.01,0.01,0.01,0.01,0.01,0.01,0.01,0.01,0.01
DMA,Dominica,Climate Watch,Manufacturing/Construction,All GHG,MtCO₂e,0.01,0.01,0.01,0.01,0.02,0.01,0.01,0.01,0.01,0.01,0.01,0.01,0.01,0.01,0.01,0.01,0.01,0.01,0.01,0.0,0.0,0.0,0.0,0.0,0.01,0.01,0.01,0.01,0.0,0.0,0.0,0.0,0.0
DMA,Dominica,Climate Watch,Transportation,All GHG,MtCO₂e,0.05,0.04,0.04,0.06,0.07,0.05,0.06,0.06,0.06,0.05,0.05,0.05,0.05,0.08,0.06,0.07,0.06,0.06,0.06,0.07,0.06,0.09,0.08,0.06,0.05,0.05,0.04,0.05,0.05,0.04,0.04,0.04,0.04
DMA,Dominica,Climate Watch,Other Fuel Combustion,All GHG,MtCO₂e,0.0,0.0,0.0,0.0,0.01,0.0,0.0,0.0,0.0,0.0,0.0,0.0,0.0,0.0,0.0,0.0,0.0,0.0,0.0,N/A,N/A,N/A,N/A,N/A,N/A,N/A,N/A,N/A,N/A,N/A,N/A,N/A,N/A
DMA,Dominica,Climate Watch,Fugitive Emissions,All GHG,MtCO₂e,0.0,0.0,0.0,0.0,0.0,0.0,0.0,0.0,0.0,0.0,0.0,0.0,0.0,0.0,0.0,0.0,0.0,0.0,0.0,0.0,0.0,0.0,0.0,0.0,0.0,0.0,0.0,0.0,0.0,0.0,0.0,0.0,0.0
DNK,Denmark,Climate Watch,Total excluding LUCF,All GHG,MtCO₂e,40.84,42.58,41.14,43.36,47.08,47.37,49.71,47.95,50.06,54.23,52.77,57.76,63.1,62.89,65.57,69.06,73.76,66.02,69.7,75.81,70.32,71.09,69.45,73.24,76.22,80.2,90.02,76.62,79.75,76.12,73.6,79.73,68.95
DNK,Denmark,Climate Watch,Total including LUCF,All GHG,MtCO₂e,42.88,44.64,43.2,45.42,49.15,49.45,51.78,47.21,49.32,53.5,52.03,57.02,64.3,64.08,66.77,70.26,74.96,67.22,70.9,77.01,71.52,72.3,71.0,74.79,77.79,81.77,91.59,78.2,81.32,77.69,75.17,81.3,70.53
DNK,Denmark,Climate Watch,Energy,All GHG,MtCO₂e,28.09,29.2,27.38,29.93,33.55,33.67,35.97,34.46,36.6,40.83,39.14,44.14,49.55,49.25,51.21,54.36,59.2,51.37,54.82,60.35,54.78,55.16,53.52,57.49,60.17,64.18,73.86,60.42,63.64,59.72,57.36,63.19,52.44
DNK,Denmark,Climate Watch,Industrial Processes,All GHG,MtCO₂e,1.84,1.96,1.96,1.87,2.05,2.02,2.01,1.78,1.88,1.91,1.97,1.97,1.85,2.1,2.47,2.75,2.72,2.7,2.81,2.94,2.9,2.94,3.05,2.87,2.63,2.46,2.43,2.31,2.07,1.98,1.9,1.86,1.71
DNK,Denmark,Climate Watch,Agriculture,All GHG,MtCO₂e,10.26,10.75,11.1,10.86,10.75,10.95,10.98,10.93,10.77,10.68,10.83,10.79,10.86,10.64,10.9,10.97,10.82,10.96,11.08,11.38,11.47,11.77,11.64,11.64,12.16,12.2,12.28,12.34,12.38,12.67,12.48,12.8,12.88
DNK,Denmark,Climate Watch,Waste,All GHG,MtCO₂e,0.65,0.67,0.7,0.7,0.72,0.73,0.75,0.78,0.81,0.81,0.83,0.86,0.84,0.89,1.0,0.99,1.02,0.99,0.99,1.14,1.16,1.22,1.24,1.24,1.26,1.36,1.46,1.55,1.67,1.75,1.85,1.88,1.92
DNK,Denmark,Climate Watch,Land-Use Change and Forestry,All GHG,MtCO₂e,2.04,2.06,2.06,2.06,2.07,2.07,2.07,-0.74,-0.74,-0.74,-0.74,-0.74,1.2,1.2,1.2,1.2,1.2,1.2,1.2,1.2,1.2,1.21,1.55,1.55,1.57,1.57,1.57,1.57,1.57,1.57,1.57,1.57,1.57
DNK,Denmark,Climate Watch,Bunker Fuels,All GHG,MtCO₂e,3.87,2.77,2.75,5.46,4.93,4.59,4.95,5.06,5.04,4.49,4.15,4.71,4.61,3.95,5.58,6.05,5.83,5.04,4.86,5.1,4.88,5.8,6.46,6.43,6.57,6.39,6.74,6.92,6.64,5.95,4.58,4.39,4.84
DNK,Denmark,Climate Watch,Electricity/Heat,All GHG,MtCO₂e,8.31,8.65,7.47,8.82,11.71,11.78,14.11,13.0,15.76,19.31,17.13,20.36,24.56,24.61,24.69,26.85,31.57,23.8,27.1,33.01,28.07,27.84,26.59,29.67,32.76,36.29,45.38,32.75,36.4,32.23,30.64,35.65,26.7
DNK,Denmark,Climate Watch,Building,All GHG,MtCO₂e,2.6,3.02,2.87,3.03,3.17,3.2,3.23,3.14,2.97,3.58,3.62,3.75,4.42,4.07,4.17,4.3,4.6,4.81,4.89,5.03,4.95,5.17,5.0,5.56,5.75,5.99,6.71,6.2,6.14,6.88,6.07,6.75,6.56
DNK,Denmark,Climate Watch,Manufacturing/Construction,All GHG,MtCO₂e,3.85,4.1,3.77,3.67,3.77,3.78,3.53,3.41,3.47,3.46,3.7,4.01,4.02,3.83,4.67,5.17,5.35,5.18,5.38,5.25,5.21,5.61,5.42,5.73,5.68,5.84,5.93,6.0,5.76,5.72,5.78,5.92,5.49
DNK,Denmark,Climate Watch,Transportation,All GHG,MtCO₂e,11.44,11.55,11.35,12.36,12.63,12.46,12.48,12.32,11.78,11.69,11.9,12.96,13.29,13.45,14.19,14.35,13.79,13.49,13.27,12.97,12.48,12.33,12.24,12.26,12.24,12.21,12.03,11.9,11.69,11.26,11.09,11.03,10.45
DNK,Denmark,Climate Watch,Other Fuel Combustion,All GHG,MtCO₂e,1.48,1.43,1.46,1.47,1.5,1.59,1.65,1.68,1.66,1.81,1.77,1.96,2.01,1.96,1.96,2.0,2.08,2.1,2.06,2.1,2.17,2.21,2.29,2.32,2.32,2.37,2.45,2.31,2.42,2.41,2.5,2.64,2.46
DNK,Denmark,Climate Watch,Fugitive Emissions,All GHG,MtCO₂e,0.41,0.44,0.47,0.6,0.77,0.86,0.96,0.91,0.96,0.98,1.03,1.1,1.25,1.33,1.53,1.69,1.82,1.99,2.13,2.0,1.9,2.0,1.98,1.94,1.43,1.48,1.36,1.25,1.22,1.24,1.27,1.2,0.79
DOM,Dominican Republic,Climate Watch,Total excluding LUCF,All GHG,MtCO₂e,46.49,43.83,40.81,42.21,39.37,36.92,37.69,36.4,34.09,33.85,34.18,33.46,37.35,35.61,35.74,35.21,33.59,31.22,29.6,29.89,31.85,29.04,27.84,27.16,26.6,24.59,23.0,22.15,21.69,19.69,19.14,17.66,16.51
DOM,Dominican Republic,Climate Watch,Total including LUCF,All GHG,MtCO₂e,44.94,42.27,39.26,40.66,37.81,35.37,36.13,35.26,32.92,32.69,33.01,32.28,35.42,33.68,33.81,33.28,31.65,29.36,27.67,27.95,29.91,27.1,20.61,19.92,19.37,17.38,15.76,14.89,14.43,12.44,11.89,10.41,9.25
DOM,Dominican Republic,Climate Watch,Energy,All GHG,MtCO₂e,30.04,27.64,25.32,26.78,24.02,22.25,23.32,22.29,20.19,20.33,20.79,20.06,19.76,18.82,19.61,19.71,19.55,18.25,16.87,18.21,20.33,18.53,18.32,17.51,16.47,14.23,12.52,11.72,11.09,9.46,9.52,8.18,7.9
DOM,Dominican Republic,Climate Watch,Industrial Processes,All GHG,MtCO₂e,4.3,4.18,3.61,3.69,3.54,3.4,3.29,3.21,3.12,2.81,2.75,2.68,2.69,2.49,2.52,2.38,2.16,1.64,1.51,1.52,1.5,1.29,1.11,1.02,0.85,0.82,0.74,0.65,0.58,0.57,0.61,0.56,0.49
DOM,Dominican Republic,Climate Watch,Agriculture,All GHG,MtCO₂e,10.25,10.12,10.02,9.89,9.98,9.47,9.29,9.17,9.09,9.03,8.98,9.08,9.08,8.85,8.53,8.4,7.52,7.32,7.59,6.89,7.12,6.68,6.23,6.49,7.18,7.11,6.97,6.66,6.57,6.61,6.37,6.68,6.29
DOM,Dominican Republic,Climate Watch,Waste,All GHG,MtCO₂e,1.9,1.88,1.86,1.85,1.84,1.82,1.79,1.72,1.69,1.69,1.67,1.64,5.82,5.45,5.09,4.72,4.36,3.99,3.63,3.26,2.9,2.54,2.17,2.13,2.1,2.43,2.77,3.11,3.45,3.05,2.64,2.23,1.83
DOM,Dominican Republic,Climate Watch,Land-Use Change and Forestry,All GHG,MtCO₂e,-1.55,-1.56,-1.56,-1.55,-1.56,-1.56,-1.56,-1.14,-1.16,-1.17,-1.17,-1.17,-1.93,-1.93,-1.93,-1.93,-1.94,-1.86,-1.93,-1.93,-1.94,-1.93,-7.23,-7.23,-7.24,-7.21,-7.24,-7.25,-7.25,-7.25,-7.25,-7.25,-7.25
DOM,Dominican Republic,Climate Watch,Bunker Fuels,All GHG,MtCO₂e,1.61,1.14,0.67,1.63,1.71,1.7,1.56,1.54,1.46,1.34,1.32,1.33,1.31,1.27,1.26,1.32,1.31,1.33,1.32,1.17,0.92,1.08,1.18,1.09,0.94,0.2,0.19,0.18,0.16,0.16,0.15,0.11,0.12
DOM,Dominican Republic,Climate Watch,Electricity/Heat,All GHG,MtCO₂e,13.74,12.44,11.94,12.56,11.18,10.06,10.99,10.84,10.1,9.22,9.55,9.52,8.96,8.45,9.47,9.14,9.0,8.64,7.93,9.13,10.55,9.95,9.6,9.33,8.74,5.84,5.11,4.97,4.92,4.02,4.37,3.63,3.26
DOM,Dominican Republic,Climate Watch,Building,All GHG,MtCO₂e,2.12,2.13,1.96,2.14,2.06,2.03,2.06,1.98,1.85,1.78,1.73,1.73,1.85,1.93,1.95,1.91,1.84,1.65,1.54,1.43,1.6,1.65,1.83,1.6,1.57,2.35,2.18,2.01,1.88,1.89,1.68,1.37,1.38
DOM,Dominican Republic,Climate Watch,Manufacturing/Construction,All GHG,MtCO₂e,5.04,4.62,4.16,4.0,3.21,3.28,3.27,2.99,2.91,3.21,2.6,2.43,2.87,2.48,2.44,2.35,2.48,1.86,1.65,2.1,2.12,1.29,1.31,1.15,1.04,1.28,1.1,1.0,0.93,0.73,0.85,0.77,0.81
DOM,Dominican Republic,Climate Watch,Transportation,All GHG,MtCO₂e,8.91,8.22,7.04,7.84,7.35,6.68,6.81,6.29,5.18,5.94,6.73,6.21,5.89,5.78,5.58,6.11,6.01,5.91,5.59,5.4,5.89,5.49,5.47,5.34,5.02,4.57,3.99,3.61,3.23,2.73,2.52,2.34,2.37
DOM,Dominican Republic,Climate Watch,Other Fuel Combustion,All GHG,MtCO₂e,0.23,0.24,0.21,0.25,0.21,0.2,0.21,0.19,0.14,0.18,0.17,0.16,0.19,0.18,0.17,0.2,0.22,0.19,0.16,0.14,0.17,0.16,0.11,0.09,0.09,0.18,0.15,0.13,0.12,0.09,0.1,0.08,0.08
DOM,Dominican Republic,Climate Watch,Fugitive Emissions,All GHG,MtCO₂e,0.0,0.0,0.0,0.0,0.0,0.0,0.0,0.0,0.0,0.0,0.0,0.0,0.0,0.0,0.0,0.0,0.0,0.0,0.0,0.0,0.0,0.0,0.0,0.0,0.0,0.0,0.0,0.0,0.0,0.0,0.0,0.0,0.0
DZA,Algeria,Climate Watch,Total excluding LUCF,All GHG,MtCO₂e,306.02,291.77,284.83,298.81,291.09,281.82,276.65,277.54,268.06,255.67,250.25,231.75,227.1,222.03,220.47,215.36,211.77,204.71,197.01,192.33,176.55,169.05,171.03,163.66,159.68,157.76,158.7,154.0,147.38,143.78,133.61,131.34,127.71
DZA,Algeria,Climate Watch,Total including LUCF,All GHG,MtCO₂e,306.28,292.21,285.14,299.04,291.29,282.31,276.88,276.92,267.46,255.07,249.85,231.24,224.71,219.66,218.19,213.17,209.42,202.35,194.62,190.0,174.18,166.65,172.02,164.32,160.33,158.41,159.38,154.67,148.05,144.45,134.28,132.01,128.37
DZA,Algeria,Climate Watch,Energy,All GHG,MtCO₂e,247.5,235.31,229.31,243.62,237.92,230.86,227.52,229.73,221.77,211.45,207.5,190.34,186.78,185.38,186.34,182.37,180.18,174.82,167.67,165.22,151.31,144.47,147.7,141.55,138.59,138.57,140.2,136.74,131.02,128.0,119.35,119.07,115.2
DZA,Algeria,Climate Watch,Industrial Processes,All GHG,MtCO₂e,20.49,19.2,18.79,19.25,17.91,16.41,15.04,14.17,13.38,12.51,11.91,11.9,11.71,9.21,8.16,7.3,6.65,6.07,5.68,4.97,4.21,3.96,3.7,3.23,3.18,2.86,2.86,2.55,2.41,2.72,2.69,2.46,2.44
DZA,Algeria,Climate Watch,Agriculture,All GHG,MtCO₂e,13.03,12.82,12.86,12.64,12.53,12.51,12.65,12.79,12.63,12.01,11.72,11.0,10.7,10.13,9.29,9.64,9.52,9.04,9.56,8.74,8.37,8.71,8.54,8.62,8.46,7.71,7.85,7.73,7.81,8.2,8.06,7.72,7.99
DZA,Algeria,Climate Watch,Waste,All GHG,MtCO₂e,25.01,24.44,23.87,23.3,22.72,22.04,21.44,20.85,20.28,19.7,19.11,18.52,17.92,17.31,16.69,16.06,15.42,14.77,14.1,13.4,12.67,11.9,11.09,10.26,9.44,8.62,7.79,6.97,6.15,4.86,3.51,2.09,2.08
DZA,Algeria,Climate Watch,Land-Use Change and Forestry,All GHG,MtCO₂e,0.27,0.44,0.31,0.23,0.2,0.48,0.24,-0.62,-0.59,-0.61,-0.4,-0.52,-2.39,-2.37,-2.28,-2.19,-2.35,-2.36,-2.39,-2.34,-2.37,-2.4,0.98,0.66,0.65,0.65,0.68,0.67,0.67,0.67,0.67,0.67,0.67
DZA,Algeria,Climate Watch,Bunker Fuels,All GHG,MtCO₂e,1.75,1.2,0.97,1.54,2.09,2.09,2.1,2.41,2.31,2.47,2.26,2.27,2.47,2.37,2.3,2.25,2.25,2.37,2.21,1.91,2.19,2.0,1.97,1.8,1.79,1.9,2.03,2.17,2.1,2.05,2.17,2.18,2.5
DZA,Algeria,Climate Watch,Electricity/Heat,All GHG,MtCO₂e,57.22,54.33,49.21,50.09,48.61,48.14,47.91,49.79,47.91,43.01,43.51,39.34,36.48,36.71,35.32,33.99,34.28,32.64,31.78,32.56,32.32,30.23,29.2,29.35,27.8,27.74,25.77,25.9,24.98,25.31,24.09,24.11,23.13
DZA,Algeria,Climate Watch,Building,All GHG,MtCO₂e,29.12,27.06,26.95,27.14,26.43,22.46,21.36,21.08,19.26,18.54,16.85,14.66,13.29,13.53,13.63,13.67,12.25,12.56,11.57,10.73,9.95,9.57,9.37,9.14,8.68,8.02,8.35,8.13,8.21,8.27,7.81,7.57,6.62
DZA,Algeria,Climate Watch,Manufacturing/Construction,All GHG,MtCO₂e,16.04,15.95,13.31,13.95,12.77,12.05,10.91,10.83,10.26,10.02,10.07,10.82,10.71,9.87,10.1,9.74,8.72,8.23,8.11,7.03,6.63,6.27,6.18,6.07,5.67,5.31,5.9,6.28,5.98,6.25,6.33,6.24,5.69
DZA,Algeria,Climate Watch,Transportation,All GHG,MtCO₂e,46.08,44.43,41.09,46.25,46.08,45.3,45.8,47.03,44.43,41.1,39.42,34.9,32.35,31.1,29.74,28.11,26.08,24.6,22.45,22.16,19.74,17.39,17.19,16.81,15.79,15.33,15.29,15.44,15.87,17.34,17.17,17.26,16.16
DZA,Algeria,Climate Watch,Other Fuel Combustion,All GHG,MtCO₂e,3.71,3.29,4.78,5.77,4.23,3.36,2.68,2.51,2.39,4.15,3.56,3.99,3.6,3.96,N/A,N/A,N/A,N/A,N/A,N/A,N/A,N/A,N/A,N/A,N/A,N/A,N/A,N/A,N/A,N/A,N/A,N/A,N/A
DZA,Algeria,Climate Watch,Fugitive Emissions,All GHG,MtCO₂e,95.33,90.25,93.98,100.42,99.81,99.54,98.85,98.48,97.51,94.63,94.1,86.62,90.35,90.2,97.55,96.85,98.84,96.79,93.75,92.73,82.66,81.01,85.75,80.2,80.65,82.17,84.9,80.99,75.98,70.85,63.95,63.89,63.6
ECU,Ecuador,Climate Watch,Total excluding LUCF,All GHG,MtCO₂e,72.07,69.59,65.28,72.31,71.7,71.05,72.23,73.44,75.29,73.58,70.44,70.8,70.87,67.37,64.39,62.83,63.62,61.37,60.08,55.15,54.13,55.06,50.07,50.92,53.93,56.07,54.41,50.45,48.19,45.06,43.51,41.27,40.79
ECU,Ecuador,Climate Watch,Total including LUCF,All GHG,MtCO₂e,98.2,95.72,91.42,98.45,97.83,97.18,98.37,90.48,92.32,90.61,87.5,87.82,99.42,95.92,92.93,91.39,92.17,89.93,88.62,83.63,82.61,83.55,86.63,87.48,90.5,92.63,90.99,87.02,84.75,81.62,80.07,77.83,77.35
ECU,Ecuador,Climate Watch,Energy,All GHG,MtCO₂e,50.14,47.17,42.76,50.13,49.93,48.96,50.4,51.84,52.35,49.48,46.65,46.85,47.0,43.79,41.74,40.98,41.32,39.36,37.46,33.4,32.18,32.99,29.9,29.17,31.89,32.64,31.7,28.36,26.44,23.75,22.67,21.36,20.83
ECU,Ecuador,Climate Watch,Industrial Processes,All GHG,MtCO₂e,4.06,3.88,3.7,3.81,3.84,3.72,3.6,3.65,3.9,3.87,3.63,3.61,3.4,3.33,3.28,2.72,2.48,2.17,2.0,1.76,1.64,1.53,1.4,1.16,1.3,1.43,1.49,1.29,1.08,1.05,1.12,1.15,1.12
ECU,Ecuador,Climate Watch,Agriculture,All GHG,MtCO₂e,12.46,13.2,13.57,13.23,12.9,13.45,13.42,13.24,14.44,15.76,15.79,15.98,16.13,15.81,14.84,14.52,15.12,15.03,15.73,15.01,15.24,15.38,13.53,15.25,15.32,16.48,15.62,15.1,14.88,14.38,13.75,12.71,12.69
ECU,Ecuador,Climate Watch,Waste,All GHG,MtCO₂e,5.42,5.33,5.25,5.14,5.03,4.92,4.81,4.71,4.6,4.48,4.36,4.36,4.35,4.44,4.53,4.62,4.71,4.8,4.89,4.98,5.07,5.16,5.25,5.34,5.43,5.52,5.61,5.7,5.79,5.87,5.96,6.05,6.14
ECU,Ecuador,Climate Watch,Land-Use Change and Forestry,All GHG,MtCO₂e,26.13,26.14,26.14,26.14,26.13,26.12,26.13,17.03,17.03,17.02,17.06,17.02,28.55,28.54,28.54,28.56,28.54,28.56,28.54,28.48,28.48,28.49,36.56,36.56,36.57,36.56,36.57,36.56,36.56,36.56,36.56,36.56,36.56
ECU,Ecuador,Climate Watch,Bunker Fuels,All GHG,MtCO₂e,3.72,3.34,0.91,2.61,3.04,2.0,1.8,1.78,2.15,2.04,2.28,2.48,2.27,2.67,2.83,2.68,2.56,2.75,2.82,2.45,2.19,1.34,1.6,0.79,0.91,2.14,1.98,1.55,1.65,1.78,1.1,0.82,0.9
ECU,Ecuador,Climate Watch,Electricity/Heat,All GHG,MtCO₂e,7.27,6.15,6.14,6.95,7.62,7.09,9.51,10.58,10.61,10.14,9.23,8.76,9.96,8.69,7.06,7.74,7.47,6.09,5.35,4.75,5.08,5.0,4.29,3.93,5.2,4.69,4.19,3.95,1.84,1.88,2.43,1.93,1.61
ECU,Ecuador,Climate Watch,Building,All GHG,MtCO₂e,3.56,3.36,3.3,3.29,3.29,3.85,3.81,3.89,3.89,3.8,3.7,3.62,3.45,3.35,3.27,3.15,2.99,2.9,2.78,2.7,2.62,2.57,2.5,2.34,2.45,2.46,2.36,2.21,1.99,1.89,1.91,2.06,2.0
ECU,Ecuador,Climate Watch,Manufacturing/Construction,All GHG,MtCO₂e,4.25,4.12,3.51,3.88,3.85,3.21,3.15,4.12,4.57,4.25,3.73,3.46,3.7,3.43,3.14,2.87,3.49,3.53,3.29,2.89,2.94,2.71,2.77,2.96,3.24,3.09,3.06,2.71,2.81,2.52,2.8,2.56,2.44
ECU,Ecuador,Climate Watch,Transportation,All GHG,MtCO₂e,21.03,19.61,16.19,19.91,19.6,18.63,17.51,17.32,16.63,15.47,14.5,14.02,12.95,10.71,10.18,10.22,10.43,10.12,9.69,9.36,9.02,8.68,8.17,9.24,10.2,10.89,10.28,8.45,8.87,8.35,8.32,8.2,8.01
ECU,Ecuador,Climate Watch,Other Fuel Combustion,All GHG,MtCO₂e,2.98,2.83,2.91,3.57,3.55,3.6,3.34,2.98,3.32,3.51,3.56,3.45,3.04,4.33,4.25,3.46,2.64,2.46,2.12,1.79,1.46,2.03,1.24,0.09,0.09,0.09,0.14,0.15,0.15,0.16,0.14,0.15,0.21
ECU,Ecuador,Climate Watch,Fugitive Emissions,All GHG,MtCO₂e,11.05,11.1,10.71,12.53,12.01,12.58,13.08,12.96,13.34,12.31,11.93,13.54,13.89,13.28,13.85,13.53,14.3,14.26,14.23,11.92,11.06,12.02,10.94,10.6,10.73,11.42,11.66,10.88,10.77,8.94,7.06,6.46,6.57
EGY,Egypt,Climate Watch,Total excluding LUCF,All GHG,MtCO₂e,345.56,345.77,325.3,316.42,340.24,346.79,335.67,325.1,314.74,307.7,305.15,295.69,288.62,287.75,279.79,272.83,256.05,244.76,225.61,213.14,207.25,200.88,188.47,189.06,179.95,174.2,165.43,158.0,148.63,151.51,144.69,142.21,136.67
EGY,Egypt,Climate Watch,Total including LUCF,All GHG,MtCO₂e,345.75,345.96,325.48,316.6,340.42,346.97,335.86,326.01,315.65,308.61,306.07,296.6,288.45,287.58,279.62,272.66,255.88,244.59,225.44,212.97,207.08,200.71,188.06,188.65,179.54,173.79,165.02,157.59,148.22,151.1,144.28,141.8,136.26
EGY,Egypt,Climate Watch,Energy,All GHG,MtCO₂e,246.23,248.13,234.41,225.49,243.33,247.55,236.96,228.8,223.15,218.01,219.45,209.42,203.67,201.68,197.52,189.17,177.51,169.91,151.84,141.42,136.24,133.93,122.24,126.45,121.37,117.63,111.48,106.84,101.3,105.83,102.21,102.31,100.58
EGY,Egypt,Climate Watch,Industrial Processes,All GHG,MtCO₂e,32.76,33.74,28.29,29.23,30.36,31.62,31.01,30.12,26.22,25.32,21.66,23.51,25.06,25.74,20.54,23.31,19.48,17.16,16.36,16.14,16.37,14.7,14.31,13.45,12.7,11.73,11.15,10.57,9.98,9.4,8.78,8.31,7.48
EGY,Egypt,Climate Watch,Agriculture,All GHG,MtCO₂e,24.51,22.77,22.41,22.46,28.27,30.31,31.38,30.84,31.02,31.03,31.68,31.38,29.48,30.87,33.22,32.8,32.48,32.09,32.27,30.9,30.42,28.49,28.63,27.43,25.72,26.25,25.78,25.15,23.48,23.97,22.98,22.42,21.03
EGY,Egypt,Climate Watch,Waste,All GHG,MtCO₂e,42.06,41.13,40.18,39.23,38.28,37.3,36.33,35.34,34.35,33.34,32.36,31.38,30.41,29.46,28.51,27.55,26.58,25.59,25.14,24.68,24.22,23.76,23.3,21.73,20.16,18.58,17.01,15.44,13.87,12.3,10.73,9.16,7.59
EGY,Egypt,Climate Watch,Land-Use Change and Forestry,All GHG,MtCO₂e,0.18,0.18,0.18,0.18,0.18,0.18,0.18,0.92,0.92,0.92,0.92,0.92,-0.17,-0.17,-0.17,-0.17,-0.17,-0.17,-0.17,-0.17,-0.17,-0.17,-0.41,-0.41,-0.41,-0.41,-0.41,-0.41,-0.41,-0.41,-0.41,-0.41,-0.41
EGY,Egypt,Climate Watch,Bunker Fuels,All GHG,MtCO₂e,2.01,2.17,2.24,3.41,3.78,2.34,1.57,2.24,2.71,2.65,3.82,3.78,4.07,4.12,4.43,6.37,6.03,7.0,8.2,11.17,8.58,8.92,10.66,10.21,8.31,11.08,10.98,8.82,8.97,5.59,5.02,5.96,5.9
EGY,Egypt,Climate Watch,Electricity/Heat,All GHG,MtCO₂e,109.97,108.72,100.8,91.86,96.98,105.9,99.34,96.96,92.34,88.29,87.83,81.54,77.98,78.93,74.87,67.69,66.41,63.7,59.17,46.95,41.93,39.47,34.5,36.75,34.75,30.65,28.1,27.42,26.88,27.52,27.69,26.97,25.42
EGY,Egypt,Climate Watch,Building,All GHG,MtCO₂e,13.6,14.62,15.87,17.2,17.66,17.66,17.57,17.15,16.67,16.27,16.17,16.38,16.16,16.12,15.06,14.38,13.2,12.89,12.91,12.29,12.35,11.93,11.67,11.12,12.16,11.42,10.43,10.26,9.75,8.82,9.81,9.98,10.45
EGY,Egypt,Climate Watch,Manufacturing/Construction,All GHG,MtCO₂e,35.81,34.5,32.3,32.04,40.27,37.17,31.32,28.67,28.88,31.65,28.24,31.85,31.84,31.6,36.44,39.3,34.35,33.18,23.78,28.72,30.93,32.89,25.36,26.36,24.81,26.8,25.39,23.05,20.57,28.12,25.88,24.24,26.67
EGY,Egypt,Climate Watch,Transportation,All GHG,MtCO₂e,57.82,60.55,54.68,53.16,57.45,56.98,58.69,56.22,54.78,52.54,52.04,47.82,45.83,42.71,39.92,37.82,34.17,31.43,31.98,31.25,29.6,28.72,29.8,28.93,27.23,24.53,22.93,21.66,20.43,18.66,17.94,17.27,16.51
EGY,Egypt,Climate Watch,Other Fuel Combustion,All GHG,MtCO₂e,3.04,3.03,3.71,2.58,2.88,2.88,3.02,2.91,2.96,2.84,7.18,7.33,7.18,7.1,6.5,6.24,5.74,5.49,2.3,0.14,0.19,0.2,0.23,0.44,0.25,0.79,0.45,0.37,0.25,N/A,N/A,N/A,N/A
EGY,Egypt,Climate Watch,Fugitive Emissions,All GHG,MtCO₂e,26.0,26.72,27.04,28.65,28.09,26.96,27.02,26.9,27.5,26.42,27.99,24.5,24.68,25.22,24.73,23.74,23.64,23.23,21.7,22.07,21.24,20.72,20.68,22.85,22.17,23.45,24.19,24.09,23.42,22.72,20.89,23.85,21.53
ERI,Eritrea,Climate Watch,Total excluding LUCF,All GHG,MtCO₂e,6.58,6.49,6.43,6.39,6.34,6.21,6.16,6.09,6.08,6.04,6.02,5.96,5.63,5.7,5.64,5.69,5.38,5.58,5.59,5.64,5.48,5.52,5.79,5.69,5.53,5.72,5.2,4.63,4.49,4.31,4.74,3.68,3.68
ERI,Eritrea,Climate Watch,Total including LUCF,All GHG,MtCO₂e,7.03,6.94,6.88,6.84,6.79,6.66,6.61,6.48,6.46,6.42,6.4,6.34,6.09,6.16,6.1,6.15,5.84,6.04,6.05,6.1,5.94,5.98,6.26,6.14,5.96,6.15,5.64,5.07,4.93,4.75,5.18,4.11,4.11
ERI,Eritrea,Climate Watch,Energy,All GHG,MtCO₂e,1.13,1.09,1.05,1.03,1.0,0.93,0.9,0.88,0.88,0.87,0.9,0.9,0.83,0.79,0.76,0.82,0.82,0.87,0.98,1.1,1.08,1.08,1.01,1.01,0.96,1.38,1.42,1.33,1.25,1.17,0.97,0.0,0.0
ERI,Eritrea,Climate Watch,Industrial Processes,All GHG,MtCO₂e,0.14,0.13,0.12,0.13,0.13,0.12,0.13,0.13,0.14,0.13,0.13,0.1,0.05,0.04,0.04,0.04,0.04,0.03,0.03,0.03,0.03,0.02,0.02,0.02,0.02,0.03,0.02,0.02,0.02,0.0,0.0,0.0,0.0
ERI,Eritrea,Climate Watch,Agriculture,All GHG,MtCO₂e,4.87,4.84,4.84,4.82,4.8,4.76,4.74,4.7,4.68,4.66,4.62,4.6,4.4,4.52,4.51,4.52,4.21,4.37,4.29,4.23,4.11,4.16,4.52,4.35,4.24,4.02,3.5,3.04,2.99,2.94,3.59,3.5,3.49
ERI,Eritrea,Climate Watch,Waste,All GHG,MtCO₂e,0.44,0.43,0.42,0.41,0.41,0.4,0.39,0.39,0.38,0.37,0.37,0.36,0.35,0.34,0.33,0.32,0.31,0.3,0.29,0.28,0.26,0.25,0.24,0.32,0.3,0.29,0.27,0.24,0.23,0.21,0.19,0.18,0.18
ERI,Eritrea,Climate Watch,Land-Use Change and Forestry,All GHG,MtCO₂e,0.45,0.45,0.45,0.45,0.45,0.45,0.45,0.38,0.38,0.38,0.38,0.38,0.46,0.46,0.46,0.46,0.46,0.46,0.46,0.46,0.46,0.46,0.47,0.45,0.44,0.44,0.44,0.44,0.44,0.44,0.44,0.44,0.44
ERI,Eritrea,Climate Watch,Bunker Fuels,All GHG,MtCO₂e,0.08,0.06,0.06,0.1,0.11,0.06,0.04,0.03,0.07,0.05,0.05,0.06,0.04,0.05,0.04,0.08,0.05,0.03,0.04,0.04,0.03,0.06,0.03,0.03,0.02,0.26,0.5,0.45,0.68,0.51,0.73,N/A,N/A
ERI,Eritrea,Climate Watch,Electricity/Heat,All GHG,MtCO₂e,0.35,0.33,0.31,0.3,0.28,0.24,0.24,0.23,0.24,0.23,0.25,0.22,0.27,0.25,0.23,0.27,0.25,0.28,0.31,0.27,0.26,0.29,0.28,0.29,0.24,0.31,0.33,0.31,0.32,0.33,0.27,N/A,N/A
ERI,Eritrea,Climate Watch,Building,All GHG,MtCO₂e,0.51,0.5,0.49,0.48,0.48,0.47,0.44,0.43,0.43,0.42,0.42,0.42,0.4,0.39,0.39,0.39,0.39,0.38,0.37,0.51,0.5,0.5,0.48,0.46,0.45,0.66,0.65,0.62,0.58,0.58,0.55,N/A,N/A
ERI,Eritrea,Climate Watch,Manufacturing/Construction,All GHG,MtCO₂e,0.02,0.02,0.02,0.02,0.02,0.02,0.02,0.02,0.02,0.02,0.02,0.02,0.02,0.03,0.02,0.02,0.03,0.03,0.04,0.04,0.04,0.04,0.04,0.04,0.04,0.05,0.05,0.06,0.05,0.04,0.02,N/A,N/A
ERI,Eritrea,Climate Watch,Transportation,All GHG,MtCO₂e,0.25,0.23,0.22,0.23,0.22,0.2,0.2,0.2,0.2,0.2,0.21,0.24,0.14,0.12,0.12,0.14,0.16,0.19,0.26,0.28,0.28,0.25,0.21,0.21,0.23,0.37,0.39,0.33,0.29,0.21,0.12,N/A,N/A
ERI,Eritrea,Climate Watch,Other Fuel Combustion,All GHG,MtCO₂e,0.0,0.0,0.0,0.0,0.0,0.0,N/A,N/A,N/A,N/A,N/A,N/A,N/A,N/A,N/A,N/A,N/A,N/A,N/A,N/A,N/A,N/A,N/A,N/A,N/A,N/A,N/A,N/A,N/A,N/A,N/A,N/A,N/A
ERI,Eritrea,Climate Watch,Fugitive Emissions,All GHG,MtCO₂e,0.0,0.0,0.0,0.0,0.0,0.0,0.0,0.0,0.0,0.0,0.0,0.0,0.0,0.0,0.0,0.0,0.0,0.0,0.0,0.0,0.0,0.0,0.0,0.0,0.0,0.0,0.0,0.0,0.0,0.0,0.0,0.0,0.0
ESP,Spain,Climate Watch,Total excluding LUCF,All GHG,MtCO₂e,288.53,286.11,269.01,308.33,325.97,333.27,318.21,328.2,317.28,319.03,345.67,352.5,353.3,368.1,404.16,437.95,421.76,427.52,413.04,397.99,388.55,373.59,378.22,360.69,335.51,327.1,304.94,311.25,296.53,282.67,298.21,287.87,281.83
ESP,Spain,Climate Watch,Total including LUCF,All GHG,MtCO₂e,274.82,272.25,255.11,294.44,312.05,319.42,304.33,320.33,309.4,311.15,337.83,344.62,334.13,348.95,384.99,418.81,402.74,408.44,393.91,378.91,369.4,354.4,335.74,318.12,293.02,284.69,262.33,268.59,253.87,240.01,255.55,245.21,239.17
ESP,Spain,Climate Watch,Energy,All GHG,MtCO₂e,221.43,215.75,198.53,237.14,253.41,259.65,243.14,252.58,237.53,240.95,266.44,271.23,268.3,282.21,315.39,343.6,330.63,339.17,324.75,308.23,302.63,285.23,283.89,269.05,247.51,241.16,223.16,233.12,222.1,213.35,227.43,215.56,208.13
ESP,Spain,Climate Watch,Industrial Processes,All GHG,MtCO₂e,13.29,13.84,13.39,15.03,15.74,17.14,19.0,19.02,25.13,23.94,25.19,26.21,29.17,29.12,33.72,35.59,33.94,31.43,29.57,30.13,27.07,29.77,36.0,34.04,30.72,30.22,27.58,26.43,22.83,18.32,20.09,20.39,21.74
ESP,Spain,Climate Watch,Agriculture,All GHG,MtCO₂e,40.75,43.51,43.78,42.55,42.74,42.27,41.65,41.69,40.58,39.09,38.29,39.15,40.54,40.23,39.87,43.5,42.38,42.55,44.55,44.89,43.72,43.61,43.42,42.78,42.66,41.08,40.0,37.7,37.88,37.66,37.52,39.0,39.21
ESP,Spain,Climate Watch,Waste,All GHG,MtCO₂e,13.07,13.0,13.31,13.6,14.09,14.2,14.43,14.91,14.05,15.05,15.75,15.9,15.29,16.55,15.18,15.27,14.8,14.37,14.17,14.74,15.13,14.99,14.9,14.81,14.63,14.64,14.21,14.01,13.72,13.34,13.17,12.92,12.75
ESP,Spain,Climate Watch,Land-Use Change and Forestry,All GHG,MtCO₂e,-13.71,-13.86,-13.9,-13.89,-13.92,-13.85,-13.89,-7.87,-7.89,-7.88,-7.84,-7.87,-19.17,-19.14,-19.17,-19.14,-19.01,-19.08,-19.13,-19.08,-19.15,-19.19,-42.48,-42.57,-42.49,-42.41,-42.62,-42.66,-42.66,-42.66,-42.66,-42.66,-42.66
ESP,Spain,Climate Watch,Bunker Fuels,All GHG,MtCO₂e,38.32,28.69,24.93,37.4,36.54,34.94,36.49,35.66,36.14,34.06,37.89,38.67,36.24,37.64,38.54,37.5,36.37,34.85,32.56,30.93,30.13,29.99,27.52,26.53,26.75,25.39,21.37,16.32,15.7,16.01,17.33,16.42,15.07
ESP,Spain,Climate Watch,Electricity/Heat,All GHG,MtCO₂e,67.1,60.68,58.87,74.63,90.26,100.42,88.5,102.94,88.79,87.91,111.41,103.35,90.03,105.33,121.99,138.56,130.8,132.54,122.99,114.3,119.14,103.99,111.28,107.1,88.91,89.52,77.12,89.63,80.46,78.52,89.15,79.51,78.31
ESP,Spain,Climate Watch,Building,All GHG,MtCO₂e,23.43,25.24,24.17,24.6,26.35,24.91,25.09,25.38,23.58,25.06,25.89,26.21,28.39,26.74,27.0,27.79,28.45,29.73,28.72,26.58,25.91,25.39,24.59,22.77,21.5,20.95,20.87,19.85,20.04,19.02,19.87,19.23,17.18
ESP,Spain,Climate Watch,Manufacturing/Construction,All GHG,MtCO₂e,27.37,32.24,30.97,33.88,33.79,33.14,31.7,29.57,32.68,35.09,35.71,38.67,39.55,37.58,44.87,48.17,43.89,55.38,54.61,54.21,51.49,51.41,47.39,41.55,44.43,44.7,39.14,42.83,41.96,38.65,40.22,42.84,41.32
ESP,Spain,Climate Watch,Transportation,All GHG,MtCO₂e,94.79,88.44,75.45,95.63,94.29,93.11,90.17,86.88,83.79,83.33,84.74,94.14,100.67,103.54,112.21,118.48,115.39,111.79,107.94,103.53,98.46,96.66,92.42,90.43,86.09,78.57,78.62,73.55,72.31,69.93,70.95,67.31,64.63
ESP,Spain,Climate Watch,Other Fuel Combustion,All GHG,MtCO₂e,7.84,8.22,8.12,7.58,7.59,7.18,6.72,6.82,7.71,8.23,7.7,7.53,8.26,7.55,7.81,9.02,10.55,8.32,8.96,7.83,5.96,5.99,6.51,5.54,4.87,5.39,5.46,5.49,5.37,5.15,4.97,4.61,4.24
ESP,Spain,Climate Watch,Fugitive Emissions,All GHG,MtCO₂e,0.9,0.94,0.95,0.82,1.14,0.9,0.97,1.0,0.98,1.34,0.99,1.34,1.4,1.47,1.52,1.56,1.56,1.4,1.53,1.77,1.66,1.79,1.71,1.67,1.72,2.04,1.95,1.76,1.96,2.08,2.27,2.06,2.45
EST,Estonia,Climate Watch,Total excluding LUCF,All GHG,MtCO₂e,13.29,11.69,10.43,13.47,19.12,20.16,19.23,17.84,20.97,22.33,20.36,21.86,21.87,17.44,20.96,23.25,19.58,20.25,20.36,20.18,18.3,18.77,18.54,19.11,20.07,21.56,22.0,21.22,23.39,23.39,28.72,38.08,41.05
EST,Estonia,Climate Watch,Total including LUCF,All GHG,MtCO₂e,17.93,16.34,15.06,18.09,23.75,24.76,23.83,14.37,17.51,18.87,16.89,18.38,23.23,18.72,22.22,24.49,20.79,21.44,21.54,21.28,19.39,19.81,19.53,19.98,20.57,21.9,22.32,21.53,23.58,23.59,28.92,38.32,41.29
EST,Estonia,Climate Watch,Energy,All GHG,MtCO₂e,10.33,8.71,7.44,10.16,15.86,16.87,16.09,14.53,17.46,18.8,16.87,18.39,18.51,14.13,17.17,19.48,16.0,16.72,16.82,16.75,14.84,15.26,15.01,15.56,16.48,18.0,18.41,17.5,19.52,19.19,24.09,33.64,36.46
EST,Estonia,Climate Watch,Industrial Processes,All GHG,MtCO₂e,0.2,0.19,0.21,0.52,0.53,0.54,0.42,0.43,0.64,0.67,0.61,0.6,0.49,0.43,0.87,0.88,0.68,0.62,0.56,0.49,0.49,0.53,0.51,0.48,0.5,0.5,0.47,0.45,0.43,0.27,0.4,0.14,0.17
EST,Estonia,Climate Watch,Agriculture,All GHG,MtCO₂e,2.18,2.21,2.2,2.2,2.14,2.16,2.12,2.25,2.22,2.16,2.14,2.1,2.08,2.07,2.14,2.09,2.07,2.07,2.1,2.06,2.07,2.06,2.12,2.21,2.24,2.24,2.35,2.54,2.69,3.18,3.54,3.62,3.74
EST,Estonia,Climate Watch,Waste,All GHG,MtCO₂e,0.58,0.58,0.58,0.59,0.59,0.6,0.61,0.63,0.66,0.69,0.74,0.76,0.8,0.81,0.79,0.8,0.83,0.85,0.88,0.88,0.91,0.92,0.91,0.86,0.85,0.83,0.77,0.73,0.74,0.74,0.7,0.67,0.64
EST,Estonia,Climate Watch,Land-Use Change and Forestry,All GHG,MtCO₂e,4.65,4.64,4.64,4.62,4.63,4.6,4.6,-3.47,-3.47,-3.45,-3.47,-3.48,1.36,1.29,1.26,1.24,1.21,1.19,1.17,1.1,1.09,1.04,0.99,0.86,0.5,0.34,0.32,0.31,0.2,0.2,0.2,0.24,0.24
EST,Estonia,Climate Watch,Bunker Fuels,All GHG,MtCO₂e,1.14,1.09,1.01,0.79,1.19,1.18,1.01,1.08,1.18,1.5,1.47,0.74,0.81,0.83,1.01,0.97,0.84,0.54,0.58,0.42,0.43,0.37,0.4,0.42,0.39,0.39,0.34,0.34,0.45,0.54,0.43,0.79,0.69
EST,Estonia,Climate Watch,Electricity/Heat,All GHG,MtCO₂e,6.67,5.02,3.68,5.97,11.66,12.74,11.99,10.52,13.36,14.53,12.8,14.35,14.6,10.39,12.76,14.83,11.75,12.55,12.78,12.74,10.96,11.12,11.55,12.21,12.54,13.88,14.03,13.46,15.55,15.0,19.64,25.95,28.37
EST,Estonia,Climate Watch,Building,All GHG,MtCO₂e,0.48,0.57,0.56,0.56,0.59,0.59,0.6,0.59,0.6,0.58,0.58,0.56,0.54,0.53,0.57,0.59,0.59,0.64,0.67,0.65,0.61,0.69,0.65,0.63,0.59,0.68,0.75,0.64,0.53,0.6,0.75,1.32,1.34
EST,Estonia,Climate Watch,Manufacturing/Construction,All GHG,MtCO₂e,0.32,0.35,0.47,0.73,0.67,0.64,0.69,0.67,0.82,1.07,0.83,0.85,0.79,0.75,1.18,1.31,1.03,1.03,0.98,0.97,0.83,1.15,0.96,0.9,1.29,1.45,1.69,1.61,1.59,1.88,2.04,3.5,3.62
EST,Estonia,Climate Watch,Transportation,All GHG,MtCO₂e,2.53,2.46,2.33,2.5,2.53,2.48,2.4,2.35,2.28,2.28,2.33,2.3,2.31,2.19,2.38,2.48,2.36,2.21,2.1,2.06,2.13,2.03,1.7,1.71,1.83,1.77,1.68,1.59,1.61,1.31,1.17,2.24,2.47
EST,Estonia,Climate Watch,Other Fuel Combustion,All GHG,MtCO₂e,0.24,0.21,0.29,0.3,0.33,0.33,0.34,0.34,0.33,0.27,0.27,0.27,0.22,0.22,0.23,0.22,0.21,0.24,0.25,0.28,0.26,0.23,0.1,0.09,0.18,0.17,0.22,0.16,0.21,0.37,0.45,0.57,0.61
EST,Estonia,Climate Watch,Fugitive Emissions,All GHG,MtCO₂e,0.09,0.1,0.1,0.09,0.09,0.08,0.07,0.07,0.06,0.06,0.06,0.06,0.05,0.05,0.05,0.06,0.06,0.04,0.05,0.05,0.04,0.04,0.04,0.03,0.04,0.05,0.05,0.04,0.04,0.03,0.04,0.05,0.05
ETH,Ethiopia,Climate Watch,Total excluding LUCF,All GHG,MtCO₂e,183.6,182.03,187.57,179.8,167.96,164.98,162.8,157.14,153.8,148.13,142.85,136.52,136.2,130.72,125.44,120.34,109.56,103.62,99.67,97.01,98.32,88.64,84.47,86.92,86.93,80.5,77.81,73.99,72.82,71.33,77.14,75.86,75.03
ETH,Ethiopia,Climate Watch,Total including LUCF,All GHG,MtCO₂e,215.0,213.94,219.58,211.43,199.49,196.61,194.33,188.36,185.31,179.54,174.53,168.12,167.11,161.28,156.57,151.94,140.77,134.83,130.71,128.0,129.01,120.31,112.82,116.11,114.8,108.49,103.86,100.53,99.32,97.83,103.64,102.37,101.54
ETH,Ethiopia,Climate Watch,Energy,All GHG,MtCO₂e,47.12,46.52,45.08,45.37,43.3,41.23,40.86,38.44,37.75,35.48,33.59,32.53,30.96,30.37,29.64,28.75,27.24,26.31,26.09,25.25,24.29,23.54,22.13,21.3,20.75,20.04,19.35,18.55,17.77,16.98,16.07,16.31,15.69
ETH,Ethiopia,Climate Watch,Industrial Processes,All GHG,MtCO₂e,3.25,3.97,4.08,3.63,3.92,3.75,3.5,3.09,2.28,1.91,1.51,0.94,0.76,0.77,0.81,0.72,0.76,0.69,0.58,0.5,0.4,0.39,0.38,0.28,0.32,0.32,0.3,0.27,0.21,0.16,0.14,0.13,0.15
ETH,Ethiopia,Climate Watch,Agriculture,All GHG,MtCO₂e,128.37,126.8,133.81,126.33,116.38,115.04,112.88,109.43,106.99,103.35,100.65,96.43,98.46,93.98,89.82,86.41,77.18,72.73,69.31,67.73,70.4,61.5,58.8,62.5,63.21,57.69,55.92,53.1,52.96,52.4,59.23,57.81,57.65
ETH,Ethiopia,Climate Watch,Waste,All GHG,MtCO₂e,4.86,4.73,4.6,4.47,4.35,4.96,5.57,6.18,6.78,7.39,7.1,6.63,6.02,5.61,5.17,4.46,4.39,3.88,3.69,3.54,3.23,3.21,3.16,2.85,2.65,2.44,2.25,2.07,1.88,1.79,1.7,1.6,1.54
ETH,Ethiopia,Climate Watch,Land-Use Change and Forestry,All GHG,MtCO₂e,31.4,31.91,32.01,31.63,31.53,31.63,31.53,31.22,31.5,31.41,31.67,31.6,30.92,30.55,31.13,31.61,31.21,31.22,31.03,30.99,30.69,31.66,28.35,29.19,27.87,28.0,26.04,26.54,26.5,26.5,26.51,26.51,26.51
ETH,Ethiopia,Climate Watch,Bunker Fuels,All GHG,MtCO₂e,3.04,2.65,1.22,2.63,2.35,2.19,1.89,1.53,1.46,1.31,1.19,1.02,1.02,0.79,0.68,0.7,0.56,0.46,0.35,0.23,0.24,0.25,0.21,0.19,0.17,0.17,0.19,0.2,0.19,0.15,0.12,0.59,0.57
ETH,Ethiopia,Climate Watch,Electricity/Heat,All GHG,MtCO₂e,0.0,0.0,N/A,0.0,0.0,0.0,0.0,0.0,0.01,0.01,0.02,0.05,0.06,0.49,0.45,0.17,0.01,0.01,0.02,0.01,0.02,0.02,0.02,0.02,0.04,0.05,0.07,0.08,0.07,0.08,0.07,0.32,0.3
ETH,Ethiopia,Climate Watch,Building,All GHG,MtCO₂e,32.62,31.82,31.86,31.23,30.55,29.93,29.59,29.23,28.78,27.96,27.33,26.57,25.92,25.34,24.76,24.31,23.3,22.63,22.19,21.74,20.83,20.23,19.45,18.87,18.35,17.84,17.26,16.64,16.06,15.5,14.9,14.2,13.61
ETH,Ethiopia,Climate Watch,Manufacturing/Construction,All GHG,MtCO₂e,5.98,5.9,5.1,5.19,4.73,4.08,4.42,3.59,3.9,2.95,2.35,2.48,1.74,1.37,1.39,1.34,1.23,1.15,1.12,0.95,1.01,0.96,0.79,0.71,0.72,0.66,0.61,0.57,0.52,0.39,0.26,0.56,0.55
ETH,Ethiopia,Climate Watch,Transportation,All GHG,MtCO₂e,7.43,7.65,7.06,7.67,6.88,6.19,5.84,4.8,4.32,3.87,3.31,2.92,2.76,2.7,2.58,2.5,2.3,2.16,2.39,2.21,2.12,2.03,1.62,1.48,1.44,1.31,1.24,1.12,1.0,0.89,0.74,0.95,0.95
ETH,Ethiopia,Climate Watch,Other Fuel Combustion,All GHG,MtCO₂e,1.09,1.14,1.07,1.26,1.13,1.02,0.99,0.81,0.75,0.68,0.57,0.51,0.48,0.46,0.45,0.43,0.39,0.36,0.38,0.34,0.32,0.3,0.24,0.21,0.21,0.19,0.17,0.15,0.13,0.12,0.1,0.27,0.27
ETH,Ethiopia,Climate Watch,Fugitive Emissions,All GHG,MtCO₂e,0.01,0.01,0.01,0.01,0.01,0.01,0.01,0.01,0.01,0.0,0.0,0.0,0.0,0.0,0.0,0.0,0.0,0.0,0.0,0.0,0.0,0.0,0.0,0.0,0.0,0.0,0.0,0.0,0.0,0.0,0.0,0.0,0.0
EUU,European Union (27),Climate Watch,Total excluding LUCF,All GHG,MtCO₂e,3252.63,3324.78,3152.41,3430.19,3577.04,3657.16,3637.95,3633.4,3580.08,3729.42,3813.71,3876.18,3987.88,3908.6,4177.05,4270.13,4309.71,4310.68,4338.11,4339.76,4250.72,4267.78,4227.81,4229.11,4309.06,4352.07,4430.65,4324.62,4272.53,4284.82,4363.47,4506.12,4575.77
EUU,European Union (27),Climate Watch,Total including LUCF,All GHG,MtCO₂e,3091.73,3163.69,2991.23,3268.76,3415.33,3495.29,3475.28,3129.91,3076.61,3226.03,3310.47,3372.68,3744.99,3665.25,3933.46,4026.61,4065.96,4067.05,4093.77,4095.91,4006.55,4023.71,4023.22,4023.54,4103.19,4145.7,4224.2,4118.29,4065.89,4078.23,4156.92,4299.63,4369.28
EUU,European Union (27),Climate Watch,Energy,All GHG,MtCO₂e,2609.36,2665.01,2490.14,2754.23,2892.76,2958.53,2938.44,2930.96,2870.87,3024.89,3102.84,3157.64,3254.8,3166.5,3400.67,3473.06,3522.65,3516.55,3533.43,3536.73,3445.51,3451.34,3391.25,3388.4,3450.61,3471.82,3546.31,3442.85,3391.96,3411.43,3469.96,3597.49,3636.05
EUU,European Union (27),Climate Watch,Industrial Processes,All GHG,MtCO₂e,166.95,167.4,162.27,172.48,178.18,181.73,181.68,181.36,189.69,185.12,188.54,192.59,195.25,200.76,225.91,238.07,229.13,228.43,226.33,217.86,212.15,215.46,225.6,223.09,233.95,247.39,246.53,244.68,235.36,220.17,223.81,215.72,226.88
EUU,European Union (27),Climate Watch,Agriculture,All GHG,MtCO₂e,376.84,392.14,397.46,399.83,401.37,410.74,410.51,411.04,407.55,403.1,400.57,400.92,408.05,407.87,414.52,418.77,413.72,417.47,424.63,425.89,430.53,434.47,441.48,446.06,449.09,453.99,455.52,452.91,460.45,466.6,483.39,508.62,532.23
EUU,European Union (27),Climate Watch,Waste,All GHG,MtCO₂e,99.49,100.23,102.54,103.64,104.74,106.16,107.33,110.04,111.96,116.31,121.76,125.04,129.78,133.47,135.95,140.24,144.21,148.23,153.72,159.27,162.52,166.51,169.49,171.56,175.41,178.86,182.29,184.18,184.77,186.62,186.31,184.24,180.44
EUU,European Union (27),Climate Watch,Land-Use Change and Forestry,All GHG,MtCO₂e,-160.9,-161.09,-161.18,-161.43,-161.71,-161.87,-162.67,-503.49,-503.46,-503.39,-503.25,-503.5,-242.89,-243.36,-243.59,-243.52,-243.76,-243.64,-244.33,-243.85,-244.17,-244.07,-204.59,-205.57,-205.87,-206.37,-206.45,-206.33,-206.64,-206.59,-206.55,-206.48,-206.48
EUU,European Union (27),Climate Watch,Bunker Fuels,All GHG,MtCO₂e,236.9,194.5,177.73,263.67,262.59,252.36,242.08,230.68,227.73,230.48,237.63,249.2,246.88,244.85,271.41,271.35,259.99,245.19,238.63,225.37,218.65,216.11,214.07,200.9,199.98,190.79,179.48,171.73,168.06,165.8,163.25,158.53,160.12
EUU,European Union (27),Climate Watch,Electricity/Heat,All GHG,MtCO₂e,946.22,935.89,866.77,997.17,1116.58,1175.66,1168.75,1190.87,1166.92,1235.51,1303.36,1324.27,1341.41,1304.68,1416.91,1493.56,1469.04,1453.55,1459.05,1459.46,1415.36,1392.2,1373.74,1353.3,1389.92,1390.44,1431.55,1401.03,1389.3,1386.9,1439.53,1471.86,1480.2
EUU,European Union (27),Climate Watch,Building,All GHG,MtCO₂e,401.99,455.14,440.64,445.16,457.24,474.52,477.04,468.47,443.96,520.09,510.36,496.49,566.78,538.55,550.46,506.41,581.8,582.94,581.9,586.46,557.12,579.19,542.01,567.62,577.71,591.23,632.41,579.96,568.74,611.09,604.25,650.71,622.06
EUU,European Union (27),Climate Watch,Manufacturing/Construction,All GHG,MtCO₂e,352.03,382.11,350.14,362.94,374.01,369.51,368.98,364.9,367.28,378.64,386.35,401.21,401.02,374.01,448.93,467.98,467.11,483.62,494.07,509.62,499.72,512.47,519.23,505.69,530.38,557.77,559.14,562.5,546.87,531.39,550.16,606.66,670.4
EUU,European Union (27),Climate Watch,Transportation,All GHG,MtCO₂e,799.55,776.75,717.46,831.64,824.77,824.9,809.56,790.42,775.48,768.37,776.04,806.88,813.03,819.41,846.15,862.93,853.9,841.69,843.46,823.59,809.31,801.16,786.6,786.83,768.84,739.15,727.68,704.51,695.69,691.04,685.89,667.56,659.02
EUU,European Union (27),Climate Watch,Other Fuel Combustion,All GHG,MtCO₂e,69.11,71.81,71.59,70.12,70.98,62.98,62.06,62.61,63.58,65.97,65.72,67.2,69.93,67.36,69.86,71.02,75.31,78.22,77.9,76.63,83.64,85.73,88.0,88.72,94.79,96.05,97.81,95.88,96.41,95.61,93.08,99.75,98.54
EUU,European Union (27),Climate Watch,Fugitive Emissions,All GHG,MtCO₂e,40.46,43.31,43.55,47.19,49.19,50.96,52.05,53.7,53.65,56.31,61.01,61.59,62.64,62.49,68.36,71.16,75.48,76.52,77.04,80.97,80.35,80.59,81.66,86.23,88.97,97.17,97.72,98.98,94.94,95.41,97.05,100.95,105.83
FIN,Finland,Climate Watch,Total excluding LUCF,All GHG,MtCO₂e,45.4,47.8,47.64,52.64,55.79,54.75,57.48,54.79,58.32,62.45,61.78,67.46,75.2,67.11,70.57,78.97,81.04,69.33,81.76,85.86,77.66,75.42,69.63,71.18,72.04,75.73,77.66,71.23,75.24,68.62,67.4,70.5,70.55
FIN,Finland,Climate Watch,Total including LUCF,All GHG,MtCO₂e,59.43,61.77,61.6,66.48,69.36,67.92,70.52,6.52,10.05,14.13,13.45,19.07,66.6,58.41,61.77,70.1,72.12,60.37,72.73,76.53,68.23,65.86,44.67,45.82,46.33,49.93,51.84,45.39,49.38,42.76,41.53,44.64,44.69
FIN,Finland,Climate Watch,Energy,All GHG,MtCO₂e,35.64,37.73,37.58,42.4,45.53,44.28,46.84,43.97,47.37,51.35,50.59,56.18,63.73,55.31,57.59,66.06,68.05,56.41,68.72,72.8,64.45,62.03,55.96,57.4,58.21,61.55,63.54,57.01,60.87,54.34,53.01,55.76,55.02
FIN,Finland,Climate Watch,Industrial Processes,All GHG,MtCO₂e,1.84,1.83,1.71,1.77,1.85,1.93,1.93,1.94,1.97,2.02,2.02,2.04,2.06,2.47,3.37,3.24,3.14,3.12,2.92,2.68,2.55,2.44,2.43,2.25,2.14,2.11,1.96,1.88,1.76,1.61,1.68,1.9,2.26
FIN,Finland,Climate Watch,Agriculture,All GHG,MtCO₂e,6.31,6.53,6.56,6.62,6.51,6.59,6.66,6.69,6.73,6.66,6.63,6.65,6.72,6.65,6.8,6.73,6.78,6.82,6.85,6.93,6.98,6.99,7.09,7.1,7.14,7.28,7.24,7.29,7.47,7.45,7.48,7.62,8.11
FIN,Finland,Climate Watch,Waste,All GHG,MtCO₂e,1.61,1.71,1.8,1.85,1.89,1.94,2.06,2.19,2.25,2.4,2.54,2.59,2.69,2.69,2.81,2.94,3.06,2.99,3.27,3.45,3.68,3.97,4.15,4.43,4.55,4.78,4.92,5.05,5.14,5.22,5.23,5.22,5.16
FIN,Finland,Climate Watch,Land-Use Change and Forestry,All GHG,MtCO₂e,14.03,13.97,13.96,13.84,13.57,13.17,13.03,-48.27,-48.27,-48.32,-48.33,-48.39,-8.6,-8.7,-8.8,-8.87,-8.92,-8.96,-9.03,-9.33,-9.43,-9.56,-24.96,-25.36,-25.71,-25.79,-25.83,-25.84,-25.86,-25.86,-25.86,-25.86,-25.86
FIN,Finland,Climate Watch,Bunker Fuels,All GHG,MtCO₂e,2.66,1.72,1.84,3.59,3.38,3.17,2.85,2.87,2.19,2.32,2.24,2.55,2.29,2.33,3.03,3.08,3.19,2.88,2.9,3.14,3.12,2.9,3.18,2.85,2.67,2.28,2.14,1.94,2.15,2.48,3.0,2.66,2.81
FIN,Finland,Climate Watch,Electricity/Heat,All GHG,MtCO₂e,15.01,16.03,15.44,18.76,21.39,20.2,22.07,20.67,23.69,26.45,24.94,29.8,35.68,29.8,29.94,36.67,38.68,27.04,38.61,42.49,34.27,31.46,26.18,24.71,24.28,29.45,31.97,25.0,27.06,22.35,19.26,21.62,20.02
FIN,Finland,Climate Watch,Building,All GHG,MtCO₂e,2.14,2.28,2.17,2.41,2.51,2.62,2.73,2.58,2.82,2.87,3.21,3.01,3.7,3.15,3.04,3.68,3.82,3.84,3.99,4.09,4.16,4.22,3.95,5.34,6.19,6.05,6.41,6.46,6.38,6.0,7.09,7.19,6.94
FIN,Finland,Climate Watch,Manufacturing/Construction,All GHG,MtCO₂e,6.53,7.24,6.97,7.53,7.71,7.59,7.58,7.43,7.74,7.76,7.9,8.66,9.3,7.71,9.26,9.71,10.06,10.01,10.54,10.45,10.79,11.15,11.24,13.1,13.7,12.22,11.9,12.03,13.71,12.46,12.9,13.32,13.85
FIN,Finland,Climate Watch,Transportation,All GHG,MtCO₂e,10.0,10.23,10.63,11.45,11.83,11.63,12.2,11.04,11.05,12.14,12.29,12.6,12.77,12.26,12.82,13.45,13.11,12.92,12.9,12.56,12.35,12.17,12.03,12.46,12.14,11.98,11.36,11.64,11.86,11.41,11.64,11.69,12.01
FIN,Finland,Climate Watch,Other Fuel Combustion,All GHG,MtCO₂e,1.95,1.92,2.34,2.22,2.06,2.2,2.22,2.2,2.03,2.09,2.19,2.07,2.24,2.33,2.46,2.49,2.32,2.51,2.62,3.13,2.8,2.94,2.5,1.73,1.79,1.75,1.8,1.77,1.77,2.02,2.03,1.87,2.19
FIN,Finland,Climate Watch,Fugitive Emissions,All GHG,MtCO₂e,0.01,0.03,0.03,0.03,0.03,0.04,0.04,0.04,0.04,0.05,0.05,0.05,0.05,0.06,0.06,0.06,0.07,0.08,0.07,0.08,0.07,0.09,0.07,0.08,0.09,0.09,0.11,0.11,0.11,0.1,0.08,0.06,0.01
FJI,Fiji,Climate Watch,Total excluding LUCF,All GHG,MtCO₂e,1.72,1.72,1.71,2.15,2.02,1.96,1.77,1.82,1.77,2.17,2.03,2.05,2.15,1.82,1.94,2.21,2.27,2.15,2.52,2.2,2.08,2.26,2.02,1.98,2.0,2.04,2.07,2.02,1.95,1.81,1.74,1.7,1.68
FJI,Fiji,Climate Watch,Total including LUCF,All GHG,MtCO₂e,-0.85,-0.85,-0.86,-0.42,-0.55,-0.61,-0.8,-0.74,-0.8,-0.41,-0.55,-0.52,-0.43,-0.73,-0.64,-0.36,-0.3,-0.42,-0.05,-0.36,-0.5,-0.31,-0.55,-0.58,-0.55,-0.51,-0.5,-0.55,-0.61,-0.76,-0.82,-0.87,-0.89
FJI,Fiji,Climate Watch,Energy,All GHG,MtCO₂e,1.07,1.11,1.02,1.4,1.39,1.33,1.2,1.26,1.21,1.07,0.94,0.97,1.06,0.73,0.83,1.13,1.2,1.07,1.32,1.04,0.88,1.04,0.8,0.75,0.73,0.75,0.78,0.72,0.71,0.71,0.72,0.69,0.68
FJI,Fiji,Climate Watch,Industrial Processes,All GHG,MtCO₂e,0.18,0.17,0.16,0.15,0.13,0.12,0.1,0.09,0.09,0.08,0.08,0.08,0.07,0.06,0.06,0.05,0.04,0.04,0.03,0.03,0.02,0.01,0.05,0.05,0.04,0.05,0.04,0.04,0.04,0.04,0.04,0.04,0.04
FJI,Fiji,Climate Watch,Agriculture,All GHG,MtCO₂e,0.47,0.43,0.52,0.6,0.49,0.5,0.46,0.47,0.46,1.01,1.01,1.0,1.01,1.02,1.05,1.03,1.02,1.04,1.04,1.02,1.06,1.08,1.05,1.07,1.12,1.14,1.14,1.15,1.1,1.05,0.98,0.97,0.95
FJI,Fiji,Climate Watch,Waste,All GHG,MtCO₂e,0.01,0.01,0.01,0.01,0.01,0.01,0.01,0.01,0.01,0.01,0.01,0.01,0.01,0.01,0.01,0.01,0.01,0.01,0.12,0.12,0.12,0.12,0.12,0.12,0.11,0.11,0.11,0.11,0.11,0.01,0.01,0.01,0.01
FJI,Fiji,Climate Watch,Land-Use Change and Forestry,All GHG,MtCO₂e,-2.57,-2.57,-2.57,-2.57,-2.57,-2.57,-2.57,-2.56,-2.56,-2.58,-2.58,-2.58,-2.57,-2.55,-2.57,-2.57,-2.57,-2.57,-2.57,-2.56,-2.57,-2.57,-2.57,-2.56,-2.55,-2.55,-2.56,-2.56,-2.56,-2.56,-2.56,-2.56,-2.56
FJI,Fiji,Climate Watch,Bunker Fuels,All GHG,MtCO₂e,0.17,0.17,0.1,0.28,0.3,0.27,0.23,0.23,0.22,0.2,0.17,0.16,0.52,0.33,0.44,0.64,0.68,0.68,0.78,0.52,0.42,0.53,0.7,0.5,0.45,0.43,0.4,0.38,0.36,0.33,0.29,0.22,0.28
FJI,Fiji,Climate Watch,Electricity/Heat,All GHG,MtCO₂e,0.25,0.26,0.25,0.3,0.29,0.32,0.29,0.33,0.31,0.22,0.2,0.23,0.29,0.22,0.2,0.21,0.32,0.32,0.29,0.29,0.23,0.2,0.16,0.14,0.12,0.12,0.15,0.1,0.08,0.06,0.06,0.06,0.06
FJI,Fiji,Climate Watch,Building,All GHG,MtCO₂e,0.1,0.1,0.09,0.1,0.11,0.09,0.1,0.08,0.07,0.06,0.06,0.06,0.06,0.05,0.05,0.05,0.05,0.03,0.06,0.06,0.05,0.06,0.04,0.05,0.05,0.05,0.05,0.05,0.05,0.05,0.05,0.05,0.07
FJI,Fiji,Climate Watch,Manufacturing/Construction,All GHG,MtCO₂e,0.18,0.19,0.18,0.25,0.24,0.24,0.19,0.23,0.19,0.2,0.21,0.21,0.23,0.15,0.19,0.29,0.25,0.24,0.35,0.17,0.13,0.15,0.13,0.12,0.12,0.13,0.12,0.12,0.12,0.12,0.11,0.1,0.09
FJI,Fiji,Climate Watch,Transportation,All GHG,MtCO₂e,0.54,0.56,0.5,0.74,0.74,0.67,0.62,0.62,0.63,0.57,0.46,0.46,0.47,0.3,0.38,0.54,0.53,0.48,0.51,0.47,0.44,0.56,0.46,0.42,0.42,0.43,0.43,0.43,0.42,0.43,0.45,0.42,0.41
FJI,Fiji,Climate Watch,Other Fuel Combustion,All GHG,MtCO₂e,N/A,N/A,N/A,0.01,0.01,0.01,0.01,0.01,0.01,0.01,0.01,0.01,0.01,0.01,0.01,0.03,0.05,N/A,0.11,0.05,0.03,0.08,0.02,0.02,0.02,0.02,0.02,0.01,0.04,0.05,0.05,0.05,0.04
FJI,Fiji,Climate Watch,Fugitive Emissions,All GHG,MtCO₂e,0.0,0.0,0.0,0.0,0.0,0.0,0.0,0.0,0.0,0.0,0.0,0.0,0.0,0.0,0.0,0.0,0.0,0.0,0.0,0.0,0.0,0.0,0.0,0.0,0.0,0.0,0.0,0.0,0.0,0.0,0.0,0.0,0.0
FRA,France,Climate Watch,Total excluding LUCF,All GHG,MtCO₂e,393.95,404.82,375.49,413.5,422.6,437.29,432.49,431.95,426.5,460.51,460.49,457.44,475.27,471.59,489.73,495.52,502.48,511.95,510.96,512.2,507.49,515.3,510.8,512.27,521.16,504.32,513.95,495.05,487.48,494.15,514.98,530.54,504.67
FRA,France,Climate Watch,Total including LUCF,All GHG,MtCO₂e,332.6,343.39,314.06,352.11,361.18,375.93,371.07,371.4,365.98,399.96,400.01,396.9,409.35,405.68,423.82,429.61,436.56,446.06,445.06,446.44,441.7,449.55,486.45,487.92,496.84,480.01,489.65,470.75,463.18,469.86,490.69,506.25,480.38
FRA,France,Climate Watch,Energy,All GHG,MtCO₂e,290.85,298.77,267.73,302.07,308.57,319.08,314.76,312.25,306.23,339.38,338.32,334.4,348.91,344.63,357.75,361.74,370.61,380.27,377.53,376.93,370.96,376.94,373.32,375.42,381.53,359.96,369.03,352.83,344.77,350.61,369.23,380.47,354.66
FRA,France,Climate Watch,Industrial Processes,All GHG,MtCO₂e,19.91,19.51,18.88,21.08,23.09,25.03,25.3,25.69,26.16,26.51,26.91,27.67,27.85,28.36,30.79,31.71,31.5,30.88,30.96,32.32,31.83,31.61,31.05,32.35,35.48,40.56,40.48,39.04,40.36,42.05,44.52,45.89,45.44
FRA,France,Climate Watch,Agriculture,All GHG,MtCO₂e,67.92,71.05,72.59,74.07,75.58,77.61,76.96,78.57,77.89,77.47,76.51,76.21,78.29,78.35,80.29,81.15,79.48,79.81,81.29,81.67,83.51,85.82,85.83,84.25,84.2,84.5,85.45,84.43,83.96,83.51,84.12,87.91,89.1
FRA,France,Climate Watch,Waste,All GHG,MtCO₂e,15.27,15.5,16.29,16.29,15.36,15.58,15.46,15.43,16.22,17.14,18.74,19.16,20.23,20.25,20.91,20.92,20.9,20.98,21.18,21.27,21.18,20.93,20.59,20.25,19.95,19.3,19.0,18.76,18.39,17.99,17.11,16.26,15.46
FRA,France,Climate Watch,Land-Use Change and Forestry,All GHG,MtCO₂e,-61.35,-61.44,-61.43,-61.39,-61.42,-61.36,-61.42,-60.54,-60.52,-60.54,-60.48,-60.54,-65.92,-65.9,-65.91,-65.92,-65.92,-65.88,-65.9,-65.76,-65.79,-65.75,-24.35,-24.35,-24.32,-24.31,-24.31,-24.3,-24.3,-24.3,-24.29,-24.29,-24.29
FRA,France,Climate Watch,Bunker Fuels,All GHG,MtCO₂e,18.18,11.64,11.23,24.34,24.24,22.92,22.36,22.94,22.65,23.58,24.48,25.41,24.1,24.01,25.62,26.64,25.79,24.72,25.31,23.22,22.69,22.87,24.41,23.57,22.22,20.62,19.63,18.5,17.71,17.9,17.99,16.92,17.42
FRA,France,Climate Watch,Electricity/Heat,All GHG,MtCO₂e,55.49,53.15,49.18,57.49,60.54,62.69,53.79,53.03,49.93,64.04,66.81,65.0,74.83,73.14,75.35,78.86,77.12,81.29,75.26,75.59,72.92,70.17,77.56,74.51,80.42,65.79,70.31,66.55,61.61,61.73,74.59,86.21,75.14
FRA,France,Climate Watch,Building,All GHG,MtCO₂e,53.55,65.06,62.2,65.29,67.15,70.49,70.61,69.74,66.04,82.13,79.01,72.53,87.36,88.64,86.59,79.92,88.56,93.6,96.24,92.45,87.42,94.01,88.96,95.95,94.68,91.21,97.12,87.93,87.96,93.97,97.18,99.85,89.57
FRA,France,Climate Watch,Manufacturing/Construction,All GHG,MtCO₂e,41.36,44.88,34.36,37.97,39.05,41.62,46.6,44.9,46.94,49.65,48.48,50.89,45.33,41.46,52.77,54.27,55.07,55.39,53.34,56.89,57.42,59.61,55.71,56.89,58.76,61.92,62.93,59.67,57.49,57.77,61.69,61.32,60.87
FRA,France,Climate Watch,Transportation,All GHG,MtCO₂e,126.39,121.69,108.43,128.33,128.68,131.41,130.7,130.18,128.84,128.68,129.68,130.79,126.11,125.8,127.2,133.13,133.86,133.54,135.83,135.62,137.01,137.11,135.4,132.41,132.03,127.49,124.92,125.15,124.21,123.35,122.23,119.69,116.03
FRA,France,Climate Watch,Other Fuel Combustion,All GHG,MtCO₂e,12.84,12.61,12.22,11.54,11.76,11.41,11.58,12.96,13.13,13.34,12.82,13.66,13.49,13.91,14.1,13.82,14.21,14.6,15.03,14.55,14.38,14.21,13.89,13.88,13.86,11.73,11.8,11.56,11.53,11.8,11.57,11.43,11.19
FRA,France,Climate Watch,Fugitive Emissions,All GHG,MtCO₂e,1.23,1.4,1.33,1.45,1.4,1.46,1.49,1.45,1.35,1.54,1.53,1.52,1.79,1.67,1.74,1.74,1.79,1.86,1.83,1.84,1.81,1.83,1.79,1.78,1.79,1.81,1.95,1.96,1.97,1.99,1.96,1.98,1.86
FSM,Micronesia,Climate Watch,Total excluding LUCF,All GHG,MtCO₂e,0.23,0.23,0.23,0.24,0.23,0.23,0.23,0.23,0.22,0.22,0.21,0.2,0.18,0.23,0.19,0.21,0.19,0.19,0.22,0.24,0.23,0.24,0.26,0.27,0.28,0.27,0.26,0.26,0.23,0.21,0.2,0.06,0.01
FSM,Micronesia,Climate Watch,Total including LUCF,All GHG,MtCO₂e,0.19,0.2,0.2,0.2,0.2,0.2,0.2,0.2,0.19,0.19,0.18,0.17,0.15,0.2,0.16,0.18,0.16,0.16,0.19,0.21,0.2,0.21,0.23,0.24,0.25,0.24,0.23,0.23,0.2,0.19,0.18,0.04,0.01
FSM,Micronesia,Climate Watch,Energy,All GHG,MtCO₂e,0.14,0.14,0.15,0.15,0.15,0.15,0.15,0.14,0.14,0.14,0.13,0.12,0.11,0.15,0.12,0.14,0.12,0.12,0.15,0.17,0.16,0.17,0.19,0.2,0.21,0.2,0.19,0.19,0.16,0.15,0.14,0.0,0.0
FSM,Micronesia,Climate Watch,Industrial Processes,All GHG,MtCO₂e,0.01,0.01,0.01,0.01,0.0,0.0,0.0,0.0,0.0,0.0,0.0,0.0,0.0,0.0,0.0,0.0,0.0,0.0,0.0,0.0,0.0,0.0,0.0,0.0,0.0,0.0,0.0,0.0,0.0,0.0,0.0,0.0,0.0
FSM,Micronesia,Climate Watch,Agriculture,All GHG,MtCO₂e,0.07,0.07,0.07,0.07,0.07,0.07,0.07,0.07,0.07,0.06,0.06,0.06,0.06,0.06,0.06,0.06,0.06,0.06,0.06,0.06,0.06,0.06,0.05,0.05,0.05,0.06,0.05,0.05,0.05,0.05,0.05,0.05,N/A
FSM,Micronesia,Climate Watch,Waste,All GHG,MtCO₂e,0.01,0.01,0.01,0.01,0.01,0.01,0.01,0.01,0.01,0.01,0.01,0.01,0.01,0.01,0.01,0.01,0.01,0.01,0.01,0.01,0.01,0.01,0.01,0.01,0.01,0.01,0.02,0.02,0.02,0.01,0.01,0.01,0.01
FSM,Micronesia,Climate Watch,Land-Use Change and Forestry,All GHG,MtCO₂e,-0.03,-0.03,-0.03,-0.03,-0.03,-0.03,-0.03,-0.03,-0.03,-0.03,-0.03,-0.03,-0.03,-0.03,-0.03,-0.03,-0.03,-0.03,-0.03,-0.03,-0.03,-0.03,-0.03,-0.03,-0.03,-0.03,-0.03,-0.03,-0.03,-0.03,-0.03,-0.03,N/A
FSM,Micronesia,Climate Watch,Bunker Fuels,All GHG,MtCO₂e,0.03,0.03,0.03,0.03,0.03,0.03,0.03,0.03,0.03,0.02,0.02,0.02,0.02,0.02,0.01,0.01,0.01,0.01,0.01,0.01,0.0,0.01,0.01,0.01,0.01,0.0,0.0,0.0,0.0,0.0,0.0,N/A,N/A
FSM,Micronesia,Climate Watch,Electricity/Heat,All GHG,MtCO₂e,0.06,0.06,0.06,0.06,0.06,0.06,0.06,0.06,0.06,0.05,0.05,0.05,0.05,0.05,0.05,0.05,0.05,0.06,0.06,0.07,0.06,0.06,0.06,0.06,0.08,0.07,0.07,0.07,0.06,0.06,0.05,N/A,N/A
FSM,Micronesia,Climate Watch,Transportation,All GHG,MtCO₂e,0.08,0.08,0.08,0.09,0.08,0.08,0.08,0.08,0.08,0.08,0.08,0.07,0.05,0.1,0.06,0.08,0.06,0.05,0.07,0.09,0.08,0.1,0.11,0.12,0.12,0.12,0.12,0.11,0.09,0.09,0.08,N/A,N/A
FSM,Micronesia,Climate Watch,Other Fuel Combustion,All GHG,MtCO₂e,0.0,0.0,0.0,0.0,0.0,0.0,0.0,0.0,0.0,0.0,0.0,0.0,0.0,0.0,0.01,0.01,0.01,0.02,0.02,0.02,0.01,0.01,0.01,0.01,0.01,0.01,0.01,0.01,0.01,0.0,0.0,N/A,N/A
FSM,Micronesia,Climate Watch,Fugitive Emissions,All GHG,MtCO₂e,0.0,0.0,0.0,0.0,0.0,0.0,0.0,0.0,0.0,0.0,0.0,0.0,0.0,0.0,0.0,0.0,0.0,0.0,0.0,0.0,0.0,0.0,0.0,0.0,0.0,0.0,0.0,0.0,0.0,0.0,0.0,0.0,0.0
GAB,Gabon,Climate Watch,Total excluding LUCF,All GHG,MtCO₂e,15.85,15.17,15.81,16.16,15.05,15.83,17.24,17.09,16.68,16.37,16.34,16.77,16.87,15.97,16.13,15.42,16.12,17.57,17.94,18.29,16.78,17.5,17.48,18.24,19.46,18.41,18.51,17.53,16.22,14.97,14.78,14.71,13.52
GAB,Gabon,Climate Watch,Total including LUCF,All GHG,MtCO₂e,22.19,21.49,22.11,22.44,21.35,22.13,23.55,23.37,22.97,22.66,22.62,23.08,19.89,19.0,19.17,18.44,19.16,20.62,21.03,21.3,19.79,20.48,20.99,21.75,22.93,21.88,22.01,21.0,19.69,18.44,18.25,18.19,16.99
GAB,Gabon,Climate Watch,Energy,All GHG,MtCO₂e,12.62,12.21,12.92,13.29,12.44,13.29,14.89,14.95,14.64,14.29,14.34,14.8,15.04,14.24,14.37,13.84,14.59,16.19,16.56,17.07,15.66,16.51,16.54,17.36,18.64,17.67,17.87,16.87,15.64,14.4,14.23,14.21,13.02
GAB,Gabon,Climate Watch,Industrial Processes,All GHG,MtCO₂e,1.56,1.48,1.4,1.3,1.19,1.04,0.93,0.77,0.74,0.71,0.7,0.68,0.66,0.61,0.53,0.47,0.42,0.36,0.31,0.26,0.21,0.16,0.1,0.09,0.09,0.09,0.09,0.07,0.06,0.07,0.06,0.06,0.06
GAB,Gabon,Climate Watch,Agriculture,All GHG,MtCO₂e,0.6,0.43,0.47,0.56,0.45,0.55,0.51,0.48,0.44,0.54,0.5,0.52,0.44,0.41,0.54,0.45,0.47,0.4,0.46,0.38,0.34,0.3,0.31,0.34,0.33,0.33,0.3,0.4,0.41,0.41,0.4,0.39,0.38
GAB,Gabon,Climate Watch,Waste,All GHG,MtCO₂e,1.07,1.05,1.02,1.0,0.97,0.94,0.92,0.89,0.86,0.83,0.8,0.77,0.74,0.71,0.69,0.66,0.64,0.62,0.6,0.58,0.56,0.54,0.52,0.46,0.39,0.32,0.25,0.18,0.12,0.1,0.08,0.05,0.05
GAB,Gabon,Climate Watch,Land-Use Change and Forestry,All GHG,MtCO₂e,6.34,6.32,6.3,6.29,6.3,6.3,6.31,6.28,6.28,6.29,6.28,6.32,3.02,3.03,3.04,3.02,3.04,3.05,3.09,3.01,3.01,2.97,3.51,3.51,3.47,3.47,3.5,3.47,3.47,3.47,3.47,3.47,3.47
GAB,Gabon,Climate Watch,Bunker Fuels,All GHG,MtCO₂e,0.56,0.54,0.58,0.65,0.56,0.61,0.8,0.79,0.76,0.76,0.76,0.85,0.89,0.78,0.78,0.79,0.77,0.83,0.85,0.86,0.89,0.85,0.85,0.76,0.74,0.7,0.58,0.64,0.7,0.83,0.86,0.26,0.28
GAB,Gabon,Climate Watch,Electricity/Heat,All GHG,MtCO₂e,1.75,1.69,1.56,1.6,1.59,1.68,1.06,0.92,0.86,0.83,0.91,0.89,0.79,0.68,0.68,0.77,0.61,0.63,0.53,0.51,0.46,0.42,0.45,0.46,0.49,0.42,0.41,0.33,0.26,0.34,0.31,0.32,0.31
GAB,Gabon,Climate Watch,Building,All GHG,MtCO₂e,1.32,1.33,1.37,1.43,1.44,1.46,1.58,1.58,1.56,1.53,1.47,1.42,1.37,1.25,1.21,1.18,1.13,1.1,1.07,1.04,1.03,0.98,0.96,0.96,0.95,0.94,0.92,0.91,0.88,0.84,0.82,0.81,0.77
GAB,Gabon,Climate Watch,Manufacturing/Construction,All GHG,MtCO₂e,0.68,0.67,0.69,0.72,0.71,0.71,1.4,1.38,1.41,1.46,1.22,1.19,1.16,0.99,0.87,0.69,0.77,0.66,0.44,0.42,0.38,0.55,0.54,0.5,0.54,0.52,0.48,0.46,0.42,0.32,0.29,0.21,0.15
GAB,Gabon,Climate Watch,Transportation,All GHG,MtCO₂e,0.19,0.18,0.17,0.2,0.21,0.21,0.85,0.83,0.85,0.87,0.77,0.74,0.65,0.41,0.44,0.43,0.38,0.38,0.38,0.36,0.4,0.37,0.33,0.4,0.41,0.39,0.35,0.35,0.32,0.4,0.38,0.4,0.33
GAB,Gabon,Climate Watch,Other Fuel Combustion,All GHG,MtCO₂e,0.01,0.01,0.01,0.01,0.01,0.01,0.05,0.05,0.05,0.05,0.05,0.05,0.04,0.03,0.03,0.03,0.02,0.02,0.02,0.02,0.02,0.02,0.02,0.03,0.03,0.03,0.02,0.02,0.02,0.04,0.03,0.04,0.03
GAB,Gabon,Climate Watch,Fugitive Emissions,All GHG,MtCO₂e,8.67,8.33,9.11,9.32,8.48,9.23,9.96,10.19,9.92,9.55,9.92,10.51,11.02,10.87,11.13,10.73,11.67,13.4,14.13,14.72,13.36,14.17,14.24,15.02,16.22,15.37,15.69,14.8,13.74,12.46,12.41,12.44,11.44
GBR,United Kingdom,Climate Watch,Total excluding LUCF,All GHG,MtCO₂e,405.01,416.9,398.72,442.58,457.41,464.94,475.65,497.5,512.64,553.25,569.5,549.72,592.16,580.01,636.41,658.06,674.11,677.95,684.74,692.38,684.93,703.18,695.14,696.3,725.56,731.7,751.3,729.98,737.12,738.94,756.46,773.16,763.87
GBR,United Kingdom,Climate Watch,Total including LUCF,All GHG,MtCO₂e,417.7,429.65,411.52,455.4,470.22,477.77,488.48,511.97,527.11,567.74,583.99,564.2,605.0,592.84,649.25,670.91,686.97,690.81,697.61,705.29,697.87,716.17,706.57,707.8,737.11,743.24,763.15,741.92,749.06,750.89,768.41,785.11,775.82
GBR,United Kingdom,Climate Watch,Energy,All GHG,MtCO₂e,320.43,331.04,313.66,353.09,367.03,373.39,384.79,406.1,420.71,460.03,473.82,451.98,491.86,475.57,523.72,538.79,550.9,550.57,553.81,554.78,543.14,558.05,543.84,536.13,538.44,536.58,558.48,539.58,547.51,552.87,568.56,580.74,570.32
GBR,United Kingdom,Climate Watch,Industrial Processes,All GHG,MtCO₂e,18.09,17.9,17.22,18.76,19.22,19.76,19.86,19.62,19.58,19.31,18.64,18.79,18.71,17.88,20.31,21.35,20.62,20.63,20.71,22.47,22.25,23.54,24.57,28.08,51.25,57.63,54.02,52.67,52.36,50.22,52.43,56.38,56.73
GBR,United Kingdom,Climate Watch,Agriculture,All GHG,MtCO₂e,50.63,51.32,50.66,52.08,52.23,52.95,52.5,52.3,52.16,51.13,50.91,51.09,51.32,50.96,52.32,52.9,53.96,54.93,55.49,55.52,55.87,56.67,59.88,62.3,62.88,63.24,64.49,63.68,64.36,63.59,63.84,64.56,66.02
GBR,United Kingdom,Climate Watch,Waste,All GHG,MtCO₂e,15.86,16.64,17.17,18.66,18.93,18.84,18.5,19.47,20.19,22.78,26.13,27.86,30.27,35.6,40.05,45.03,48.63,51.82,54.73,59.61,63.66,64.93,66.85,69.78,73.0,74.25,74.31,74.06,72.88,72.26,71.64,71.48,70.8
GBR,United Kingdom,Climate Watch,Land-Use Change and Forestry,All GHG,MtCO₂e,12.69,12.75,12.8,12.81,12.81,12.83,12.83,14.48,14.48,14.49,14.48,14.48,12.84,12.83,12.84,12.85,12.86,12.86,12.87,12.91,12.95,12.99,11.43,11.5,11.54,11.54,11.85,11.93,11.94,11.95,11.95,11.95,11.95
GBR,United Kingdom,Climate Watch,Bunker Fuels,All GHG,MtCO₂e,33.85,20.28,20.65,42.72,43.14,42.23,41.12,40.63,41.03,40.97,41.07,43.54,41.2,43.98,46.49,44.09,44.1,42.76,40.37,36.92,36.68,37.93,38.05,36.3,36.62,33.82,31.85,30.08,28.51,28.52,27.46,25.84,27.19
GBR,United Kingdom,Climate Watch,Electricity/Heat,All GHG,MtCO₂e,91.01,90.79,87.12,98.57,107.76,114.82,125.86,149.82,170.8,196.58,211.42,197.23,210.17,204.39,232.34,243.09,249.49,244.04,240.14,242.23,230.8,235.35,226.3,215.74,216.71,211.65,224.06,216.8,219.39,225.25,246.67,247.21,248.9
GBR,United Kingdom,Climate Watch,Building,All GHG,MtCO₂e,69.33,80.44,76.38,77.75,80.24,78.38,79.75,82.25,78.35,92.5,91.15,82.96,102.62,91.75,96.64,91.93,96.15,100.42,104.87,101.83,101.55,106.15,102.9,103.16,107.03,105.4,113.78,102.63,106.94,105.36,102.92,105.79,97.33
GBR,United Kingdom,Climate Watch,Manufacturing/Construction,All GHG,MtCO₂e,31.17,32.81,32.4,33.11,33.24,33.08,32.57,39.42,40.71,41.07,40.4,40.36,45.09,43.33,52.38,53.57,54.51,55.24,58.3,61.31,61.67,66.13,62.49,62.63,63.72,67.08,68.27,69.44,72.81,71.82,70.82,79.23,77.2
GBR,United Kingdom,Climate Watch,Transportation,All GHG,MtCO₂e,109.97,106.6,96.64,121.55,123.46,124.94,124.48,121.64,118.48,116.97,117.73,118.3,119.83,121.34,125.84,132.7,131.97,130.32,129.12,127.71,126.34,125.05,126.14,128.0,124.34,125.13,124.06,119.45,120.56,120.23,119.06,117.57,118.2
GBR,United Kingdom,Climate Watch,Other Fuel Combustion,All GHG,MtCO₂e,12.6,13.19,12.74,13.38,13.26,13.09,13.11,4.22,4.04,4.39,4.39,3.98,4.04,3.59,5.2,5.31,5.66,6.5,5.91,5.41,5.91,7.78,7.85,7.71,7.95,7.95,9.21,10.97,9.4,14.18,14.23,16.74,14.06
GBR,United Kingdom,Climate Watch,Fugitive Emissions,All GHG,MtCO₂e,6.35,7.22,8.37,8.72,9.07,9.09,9.01,8.74,8.33,8.52,8.73,9.14,10.12,11.18,11.33,12.18,13.11,14.04,15.46,16.27,16.86,17.58,18.16,18.89,18.69,19.36,19.09,20.3,18.42,16.04,14.85,14.22,14.64
GEO,Georgia,Climate Watch,Total excluding LUCF,All GHG,MtCO₂e,19.39,17.76,17.06,17.15,16.36,16.77,16.88,16.54,16.26,15.53,14.88,13.71,11.89,11.62,12.21,13.39,12.45,10.61,10.21,10.26,9.68,10.18,12.67,12.77,13.51,14.56,15.87,17.91,20.53,27.17,31.86,38.11,46.72
GEO,Georgia,Climate Watch,Total including LUCF,All GHG,MtCO₂e,19.39,17.76,17.07,17.19,16.36,16.78,16.88,16.55,16.27,15.54,14.88,13.71,8.4,8.1,8.71,9.88,8.94,7.1,6.7,6.76,6.17,6.67,-5.6,-5.49,-4.75,-3.71,-2.39,-0.35,2.26,8.91,13.6,19.72,28.32
GEO,Georgia,Climate Watch,Energy,All GHG,MtCO₂e,13.83,12.26,11.63,11.85,11.11,11.38,11.54,11.28,10.73,10.26,9.73,8.83,7.25,7.31,7.59,8.87,7.9,5.85,5.56,5.67,5.12,5.74,8.1,8.35,9.38,10.48,11.91,14.06,16.68,23.04,27.3,33.37,41.86
GEO,Georgia,Climate Watch,Industrial Processes,All GHG,MtCO₂e,1.45,1.34,1.38,1.29,1.18,1.25,1.21,1.25,1.24,1.12,1.11,1.07,0.87,0.73,1.03,0.84,0.71,0.53,0.5,0.4,0.37,0.29,0.36,0.34,0.23,0.22,0.18,0.15,0.17,0.28,0.41,0.34,0.35
GEO,Georgia,Climate Watch,Agriculture,All GHG,MtCO₂e,2.05,2.06,1.96,1.94,2.0,2.09,2.18,2.17,2.55,2.51,2.42,2.2,2.18,2.15,2.18,2.28,2.45,2.67,2.58,2.62,2.61,2.56,2.6,2.49,2.32,2.3,2.24,2.18,2.17,2.36,2.68,2.94,3.04
GEO,Georgia,Climate Watch,Waste,All GHG,MtCO₂e,2.06,2.09,2.09,2.08,2.07,2.05,1.95,1.84,1.74,1.64,1.63,1.61,1.59,1.42,1.41,1.4,1.39,1.56,1.57,1.57,1.58,1.59,1.61,1.59,1.57,1.56,1.54,1.52,1.51,1.49,1.47,1.46,1.44
GEO,Georgia,Climate Watch,Land-Use Change and Forestry,All GHG,MtCO₂e,0.0,0.0,0.02,0.04,0.0,0.0,0.0,0.01,0.0,0.01,0.0,0.0,-3.5,-3.51,-3.51,-3.51,-3.51,-3.51,-3.51,-3.51,-3.51,-3.51,-18.27,-18.26,-18.26,-18.26,-18.26,-18.26,-18.26,-18.26,-18.26,-18.39,-18.39
GEO,Georgia,Climate Watch,Bunker Fuels,All GHG,MtCO₂e,0.42,0.3,0.18,0.32,0.32,0.29,0.22,0.21,0.25,0.26,0.11,0.11,0.12,0.12,0.12,0.15,0.11,0.11,0.11,0.08,0.07,0.04,0.05,0.25,0.3,0.21,0.24,0.17,0.36,0.58,0.79,0.99,0.61
GEO,Georgia,Climate Watch,Electricity/Heat,All GHG,MtCO₂e,1.5,0.99,1.22,1.35,1.01,1.1,1.07,1.26,1.11,0.98,1.33,1.21,1.0,1.35,0.99,1.78,1.54,1.26,1.06,0.84,0.76,1.13,1.68,1.43,1.57,1.49,1.59,5.39,4.54,6.13,8.84,11.09,17.16
GEO,Georgia,Climate Watch,Building,All GHG,MtCO₂e,3.27,3.06,2.7,2.54,2.27,2.36,2.15,1.97,1.85,1.62,1.48,1.18,1.09,1.07,1.02,0.9,0.82,0.84,0.8,0.74,0.72,0.9,1.39,1.14,1.28,1.13,0.88,0.74,1.93,4.64,4.33,4.08,4.92
GEO,Georgia,Climate Watch,Manufacturing/Construction,All GHG,MtCO₂e,1.9,1.73,1.67,1.8,1.99,1.89,1.72,1.85,1.81,1.91,1.09,1.03,0.58,0.64,0.63,0.49,0.43,0.3,0.27,0.36,0.27,0.34,0.66,0.65,0.77,0.95,1.22,0.92,2.15,3.14,4.05,6.82,7.41
GEO,Georgia,Climate Watch,Transportation,All GHG,MtCO₂e,4.51,4.27,3.87,4.01,3.87,3.98,4.41,3.89,3.54,3.16,2.51,2.37,2.31,2.22,1.79,2.12,1.61,1.56,1.24,1.28,1.25,1.19,0.98,1.16,1.29,1.95,2.6,1.07,1.52,2.05,2.38,2.88,3.81
GEO,Georgia,Climate Watch,Other Fuel Combustion,All GHG,MtCO₂e,0.05,0.05,0.04,0.05,0.05,0.07,0.06,0.04,0.03,0.03,0.4,0.34,0.21,0.23,0.44,0.39,0.32,0.3,0.13,0.09,0.11,0.1,0.2,0.31,0.32,0.33,0.51,0.35,0.47,0.53,0.66,0.97,0.54
GEO,Georgia,Climate Watch,Fugitive Emissions,All GHG,MtCO₂e,2.6,2.17,2.12,2.11,1.91,1.99,2.13,2.26,2.39,2.56,2.92,2.69,2.06,1.81,2.72,3.2,3.18,1.6,2.07,2.36,2.02,2.07,3.18,3.66,4.15,4.63,5.11,5.6,6.08,6.56,7.05,7.53,8.02
GHA,Ghana,Climate Watch,Total excluding LUCF,All GHG,MtCO₂e,42.61,41.96,41.64,37.39,35.71,34.55,31.24,31.32,29.74,30.23,27.95,26.19,23.93,22.31,21.16,21.44,21.24,20.08,17.98,18.83,18.86,17.69,19.12,19.59,20.02,17.51,16.58,15.41,14.97,14.77,14.65,14.26,14.18
GHA,Ghana,Climate Watch,Total including LUCF,All GHG,MtCO₂e,17.75,17.03,16.93,12.5,10.77,9.62,6.37,60.71,59.13,59.63,57.36,55.61,69.77,68.14,67.01,67.32,67.14,65.94,63.83,64.68,64.72,63.6,29.92,30.29,31.38,27.95,26.61,25.45,25.01,24.81,24.69,24.29,24.22
GHA,Ghana,Climate Watch,Energy,All GHG,MtCO₂e,25.65,26.29,25.07,22.46,21.2,19.84,17.1,17.33,16.32,16.73,15.35,13.27,11.99,10.92,9.63,10.07,9.53,8.14,7.87,8.44,8.88,7.78,7.49,9.59,9.12,7.18,6.97,6.58,6.22,5.83,5.7,5.2,5.37
GHA,Ghana,Climate Watch,Industrial Processes,All GHG,MtCO₂e,0.53,0.5,0.48,0.45,0.41,0.38,0.36,0.33,0.32,0.32,0.32,0.26,0.24,0.22,0.2,0.18,0.16,0.16,0.16,0.15,0.7,0.68,0.81,0.69,0.43,1.06,0.99,1.0,1.08,1.37,1.45,1.46,1.5
GHA,Ghana,Climate Watch,Agriculture,All GHG,MtCO₂e,11.96,10.79,11.8,10.3,10.03,10.36,9.91,9.88,9.42,9.59,8.78,9.25,8.39,7.95,8.21,8.16,8.6,8.94,7.22,7.74,6.99,7.14,8.8,7.57,8.75,7.64,7.51,6.76,6.69,6.68,6.64,6.75,6.51
GHA,Ghana,Climate Watch,Waste,All GHG,MtCO₂e,4.48,4.38,4.28,4.18,4.08,3.98,3.88,3.77,3.68,3.59,3.5,3.4,3.31,3.22,3.13,3.03,2.94,2.84,2.72,2.5,2.29,2.09,2.02,1.75,1.71,1.63,1.11,1.08,0.99,0.9,0.86,0.85,0.8
GHA,Ghana,Climate Watch,Land-Use Change and Forestry,All GHG,MtCO₂e,-24.87,-24.93,-24.7,-24.89,-24.94,-24.94,-24.87,29.39,29.39,29.4,29.42,29.42,45.83,45.83,45.85,45.88,45.9,45.85,45.85,45.85,45.86,45.92,10.79,10.7,11.36,10.44,10.03,10.04,10.03,10.03,10.03,10.03,10.03
GHA,Ghana,Climate Watch,Bunker Fuels,All GHG,MtCO₂e,0.62,0.63,0.39,0.68,0.57,0.73,0.41,0.37,0.39,0.58,0.69,0.68,0.65,0.63,0.56,0.54,0.5,0.5,0.41,0.4,0.41,0.36,0.48,0.47,0.28,0.19,0.19,0.18,0.14,0.12,0.14,0.11,0.14
GHA,Ghana,Climate Watch,Electricity/Heat,All GHG,MtCO₂e,7.19,6.63,6.78,6.14,5.78,5.68,4.28,3.37,3.32,3.7,3.11,2.53,3.09,1.73,1.9,2.62,2.41,1.1,0.61,1.74,1.96,0.94,0.54,1.15,1.22,0.03,0.06,0.07,0.08,0.06,0.05,0.05,0.04
GHA,Ghana,Climate Watch,Building,All GHG,MtCO₂e,2.32,2.43,2.65,2.56,2.51,2.47,2.24,2.23,2.15,2.17,2.25,2.19,2.01,2.26,1.87,2.11,1.99,2.12,2.29,2.39,2.36,2.59,2.65,4.15,4.06,3.91,3.81,3.67,3.53,3.39,3.29,3.17,3.22
GHA,Ghana,Climate Watch,Manufacturing/Construction,All GHG,MtCO₂e,2.04,1.99,1.74,1.39,1.32,1.12,1.69,1.8,1.67,1.75,1.68,1.45,1.28,1.33,1.16,1.06,1.05,0.97,0.94,0.86,0.87,0.7,0.73,0.69,0.61,0.54,0.52,0.48,0.43,0.38,0.37,0.32,0.32
GHA,Ghana,Climate Watch,Transportation,All GHG,MtCO₂e,10.18,10.85,9.99,9.12,8.59,7.34,7.37,7.98,7.36,7.31,6.91,5.78,5.2,5.1,4.19,3.88,3.68,3.64,3.68,3.18,3.43,2.96,2.96,3.18,2.85,2.39,2.29,2.1,1.93,1.85,1.84,1.54,1.66
GHA,Ghana,Climate Watch,Other Fuel Combustion,All GHG,MtCO₂e,0.27,0.43,0.41,0.37,0.36,0.38,0.23,0.24,0.23,0.36,0.37,0.31,0.25,0.32,0.29,0.24,0.21,0.2,0.18,0.18,0.17,0.51,0.53,0.33,0.29,0.22,0.22,0.2,0.17,0.15,0.15,0.12,0.13
GHA,Ghana,Climate Watch,Fugitive Emissions,All GHG,MtCO₂e,3.64,3.95,3.49,2.88,2.63,2.85,1.28,1.71,1.6,1.44,1.04,1.01,0.17,0.17,0.22,0.17,0.18,0.11,0.17,0.1,0.1,0.09,0.08,0.08,0.08,0.08,0.08,0.07,0.07,0.0,0.0,0.0,0.0
GIN,Guinea,Climate Watch,Total excluding LUCF,All GHG,MtCO₂e,29.51,27.64,28.13,26.88,25.24,25.42,24.92,22.21,21.76,21.35,21.32,20.16,18.99,16.47,16.02,15.42,15.05,14.77,13.29,13.21,12.99,11.79,11.05,10.46,10.79,9.88,9.67,10.23,9.9,9.44,9.02,8.59,8.29
GIN,Guinea,Climate Watch,Total including LUCF,All GHG,MtCO₂e,41.52,39.67,40.18,38.92,37.23,37.43,37.03,33.44,32.85,32.52,32.46,31.21,29.95,27.49,27.07,26.4,26.09,25.72,24.25,24.27,23.91,22.78,21.91,21.57,22.12,20.72,20.38,20.94,20.62,20.16,19.73,19.3,19.01
GIN,Guinea,Climate Watch,Energy,All GHG,MtCO₂e,4.46,4.23,4.59,4.01,3.23,3.32,2.81,2.52,2.22,2.16,2.47,2.62,2.51,2.13,2.02,1.98,1.91,1.84,1.78,1.71,1.63,1.57,1.5,1.44,1.37,1.29,1.23,1.16,1.12,1.09,1.06,1.03,1.0
GIN,Guinea,Climate Watch,Industrial Processes,All GHG,MtCO₂e,0.66,0.63,0.6,0.55,0.5,0.45,0.4,0.35,0.34,0.32,0.31,0.3,0.29,0.26,0.23,0.19,0.16,0.13,0.11,0.08,0.06,0.04,0.01,0.01,0.01,0.01,0.01,0.01,0.01,0.01,0.01,0.01,0.01
GIN,Guinea,Climate Watch,Agriculture,All GHG,MtCO₂e,22.99,21.41,21.61,21.02,20.25,20.42,20.52,18.17,18.06,17.75,17.45,16.18,15.18,13.1,12.82,12.3,12.06,11.9,10.53,10.56,10.46,9.35,8.73,8.16,8.51,7.63,7.43,8.02,7.69,7.36,7.07,6.81,6.57
GIN,Guinea,Climate Watch,Waste,All GHG,MtCO₂e,1.39,1.36,1.33,1.3,1.27,1.24,1.21,1.18,1.15,1.12,1.09,1.05,1.02,0.99,0.97,0.94,0.92,0.9,0.88,0.86,0.84,0.82,0.81,0.86,0.9,0.95,1.0,1.04,1.08,1.0,0.88,0.74,0.72
GIN,Guinea,Climate Watch,Land-Use Change and Forestry,All GHG,MtCO₂e,12.01,12.03,12.05,12.04,11.99,12.0,12.11,11.24,11.09,11.17,11.14,11.06,10.95,11.02,11.05,10.98,11.04,10.95,10.96,11.06,10.92,11.0,10.86,11.11,11.33,10.84,10.71,10.71,10.71,10.71,10.71,10.71,10.71
GIN,Guinea,Climate Watch,Bunker Fuels,All GHG,MtCO₂e,0.11,0.1,0.08,0.13,0.1,0.1,0.08,0.08,0.08,0.08,0.08,0.08,0.08,0.08,0.08,0.08,0.07,0.07,0.07,0.07,0.07,0.07,0.07,0.06,0.06,0.06,0.06,0.05,0.05,0.05,0.05,0.05,0.05
GIN,Guinea,Climate Watch,Electricity/Heat,All GHG,MtCO₂e,0.3,0.29,0.72,0.55,0.54,0.41,0.38,0.18,0.23,0.14,0.19,0.12,0.13,0.24,0.24,0.22,0.24,0.24,0.36,0.36,0.36,0.36,0.35,0.35,0.35,0.35,0.35,0.35,0.34,0.34,0.34,0.34,0.33
GIN,Guinea,Climate Watch,Building,All GHG,MtCO₂e,0.1,0.09,0.08,0.08,0.07,0.08,0.05,0.03,0.04,0.04,0.04,0.05,0.04,0.03,0.05,0.06,0.06,0.06,0.06,0.07,0.07,0.07,0.07,0.07,0.08,0.08,0.08,0.08,0.08,0.09,0.09,0.09,0.08
GIN,Guinea,Climate Watch,Manufacturing/Construction,All GHG,MtCO₂e,1.54,1.46,1.43,1.33,1.18,1.13,0.95,0.95,0.77,0.91,1.18,1.45,1.39,1.09,1.01,1.0,0.94,0.9,0.74,0.71,0.67,0.64,0.61,0.58,0.54,0.52,0.48,0.44,0.4,0.36,0.35,0.32,0.31
GIN,Guinea,Climate Watch,Transportation,All GHG,MtCO₂e,2.52,2.4,2.36,2.05,1.45,1.71,1.42,1.36,1.19,1.07,1.06,1.0,0.94,0.77,0.72,0.7,0.67,0.64,0.61,0.57,0.54,0.5,0.47,0.44,0.4,0.35,0.32,0.3,0.29,0.29,0.29,0.29,0.27
GIN,Guinea,Climate Watch,Fugitive Emissions,All GHG,MtCO₂e,0.0,0.0,0.0,0.0,0.0,0.0,0.0,0.0,0.0,0.0,0.0,0.0,0.0,0.0,0.0,0.0,0.0,0.0,0.0,0.0,0.0,0.0,0.0,0.0,0.0,0.0,0.0,0.0,0.0,0.0,0.0,0.0,0.0
GMB,Gambia,Climate Watch,Total excluding LUCF,All GHG,MtCO₂e,3.38,3.24,3.39,3.4,3.23,3.36,3.41,3.51,3.29,3.15,3.08,2.99,3.33,3.28,2.89,2.72,2.67,2.58,2.52,2.41,2.31,2.32,2.35,2.87,3.45,3.95,4.56,5.06,5.6,6.12,5.92,5.69,5.51
GMB,Gambia,Climate Watch,Total including LUCF,All GHG,MtCO₂e,3.91,3.77,3.92,3.93,3.75,3.89,3.94,4.04,3.82,3.68,3.61,3.52,3.86,3.81,3.41,3.25,3.2,3.11,3.05,2.93,2.84,2.85,3.21,3.83,4.14,4.68,5.26,5.81,6.34,6.86,6.66,6.44,6.26
GMB,Gambia,Climate Watch,Energy,All GHG,MtCO₂e,0.78,0.73,0.7,0.71,0.65,0.6,0.59,0.59,0.51,0.43,0.45,0.45,0.44,0.49,0.43,0.41,0.36,0.33,0.32,0.3,0.3,0.31,0.25,0.26,0.25,0.23,0.22,0.22,0.21,0.21,0.2,0.2,0.19
GMB,Gambia,Climate Watch,Industrial Processes,All GHG,MtCO₂e,1.13,1.12,1.12,1.11,1.1,1.09,1.08,1.07,1.07,1.06,1.06,1.06,1.06,1.05,1.04,1.04,1.03,1.03,1.02,1.02,1.01,1.01,1.0,1.0,1.0,1.0,1.0,1.0,1.0,1.0,1.0,1.0,1.0
GMB,Gambia,Climate Watch,Agriculture,All GHG,MtCO₂e,0.99,0.92,1.12,1.14,1.05,1.26,1.34,1.47,1.35,1.3,1.22,1.15,1.52,1.42,1.11,0.98,0.99,0.94,0.91,0.83,0.75,0.76,0.87,0.82,0.85,0.81,0.87,0.82,0.8,0.76,0.78,0.8,0.77
GMB,Gambia,Climate Watch,Waste,All GHG,MtCO₂e,0.47,0.46,0.45,0.43,0.42,0.41,0.4,0.39,0.37,0.36,0.35,0.34,0.33,0.32,0.31,0.3,0.29,0.28,0.27,0.26,0.25,0.24,0.23,0.79,1.35,1.91,2.47,3.03,3.59,4.15,3.94,3.7,3.54
GMB,Gambia,Climate Watch,Land-Use Change and Forestry,All GHG,MtCO₂e,0.53,0.53,0.53,0.53,0.53,0.53,0.53,0.53,0.53,0.53,0.53,0.53,0.53,0.53,0.53,0.53,0.53,0.53,0.53,0.53,0.53,0.53,0.86,0.96,0.69,0.72,0.7,0.75,0.75,0.75,0.75,0.75,0.75
GMB,Gambia,Climate Watch,Bunker Fuels,All GHG,MtCO₂e,0.06,0.06,0.06,0.06,0.06,0.07,0.07,0.07,0.04,0.07,0.05,0.07,0.05,0.06,0.05,0.05,0.03,0.03,0.03,0.03,0.03,0.03,0.03,0.03,0.03,0.02,0.02,0.02,0.02,0.02,0.02,0.02,0.02
GMB,Gambia,Climate Watch,Electricity/Heat,All GHG,MtCO₂e,0.43,0.41,0.39,0.37,0.32,0.26,0.25,0.24,0.22,0.22,0.22,0.22,0.21,0.19,0.2,0.19,0.18,0.16,0.15,0.14,0.12,0.12,0.08,0.08,0.08,0.07,0.07,0.06,0.06,0.06,0.06,0.06,0.06
GMB,Gambia,Climate Watch,Manufacturing/Construction,All GHG,MtCO₂e,0.14,0.14,0.13,0.14,0.14,0.15,0.15,0.14,0.13,0.08,0.1,0.08,0.08,0.01,0.01,0.01,0.01,0.0,0.0,0.0,0.0,0.0,0.0,0.0,0.0,0.0,0.0,0.0,0.0,0.0,0.0,0.0,0.0
GMB,Gambia,Climate Watch,Transportation,All GHG,MtCO₂e,0.08,0.08,0.08,0.08,0.08,0.08,0.08,0.08,0.08,0.07,0.07,0.07,0.07,0.22,0.16,0.16,0.12,0.12,0.12,0.12,0.12,0.11,0.09,0.09,0.09,0.09,0.08,0.08,0.08,0.08,0.08,0.08,0.08
GMB,Gambia,Climate Watch,Other Fuel Combustion,All GHG,MtCO₂e,0.14,0.11,0.1,0.13,0.12,0.11,0.12,0.12,0.08,0.05,0.06,0.07,0.08,0.06,0.06,0.06,0.05,0.04,0.05,0.04,0.06,0.07,0.07,0.08,0.07,0.07,0.07,0.07,0.06,0.06,0.06,0.06,0.06
GMB,Gambia,Climate Watch,Fugitive Emissions,All GHG,MtCO₂e,0.0,0.0,0.0,0.0,0.0,0.0,0.0,0.0,0.0,0.0,0.0,0.0,0.0,0.0,0.0,0.0,0.0,0.0,0.0,0.0,0.0,0.0,0.0,0.0,0.0,0.0,0.0,0.0,0.0,0.0,0.0,0.0,0.0
GNB,Guinea-Bissau,Climate Watch,Total excluding LUCF,All GHG,MtCO₂e,2.98,2.83,2.86,2.87,2.81,2.68,2.61,2.59,2.45,2.46,2.49,2.32,2.34,2.3,2.22,2.38,2.44,2.21,2.21,2.23,2.12,2.01,1.71,1.71,1.56,1.56,1.55,1.59,1.53,1.5,1.46,1.41,1.4
GNB,Guinea-Bissau,Climate Watch,Total including LUCF,All GHG,MtCO₂e,4.55,4.4,4.56,4.52,4.4,4.25,4.31,4.63,4.41,4.33,4.62,4.06,4.15,4.04,4.09,4.32,4.36,3.93,3.99,4.06,4.0,3.8,3.46,3.76,3.37,3.1,3.04,3.36,3.3,3.27,3.23,3.18,3.17
GNB,Guinea-Bissau,Climate Watch,Energy,All GHG,MtCO₂e,0.34,0.3,0.31,0.32,0.32,0.31,0.3,0.28,0.26,0.25,0.25,0.24,0.24,0.24,0.22,0.23,0.22,0.21,0.21,0.2,0.15,0.15,0.15,0.19,0.17,0.2,0.18,0.19,0.18,0.19,0.18,0.17,0.17
GNB,Guinea-Bissau,Climate Watch,Industrial Processes,All GHG,MtCO₂e,0.55,0.52,0.49,0.45,0.41,0.37,0.33,0.28,0.27,0.27,0.26,0.25,0.24,0.21,0.18,0.16,0.13,0.1,0.08,0.06,0.04,0.02,0.0,0.0,0.0,0.0,0.0,0.0,0.0,0.0,0.0,0.0,0.0
GNB,Guinea-Bissau,Climate Watch,Agriculture,All GHG,MtCO₂e,1.99,1.91,1.97,2.0,2.0,1.93,1.9,1.95,1.84,1.87,1.92,1.76,1.79,1.71,1.59,1.69,1.71,1.54,1.59,1.66,1.65,1.59,1.33,1.32,1.21,1.22,1.25,1.32,1.29,1.26,1.24,1.21,1.21
GNB,Guinea-Bissau,Climate Watch,Waste,All GHG,MtCO₂e,0.09,0.09,0.09,0.09,0.09,0.08,0.08,0.08,0.08,0.07,0.07,0.07,0.07,0.15,0.23,0.31,0.39,0.36,0.33,0.31,0.28,0.25,0.22,0.2,0.17,0.14,0.12,0.09,0.06,0.05,0.04,0.02,0.02
GNB,Guinea-Bissau,Climate Watch,Land-Use Change and Forestry,All GHG,MtCO₂e,1.57,1.57,1.7,1.65,1.59,1.57,1.7,2.04,1.95,1.87,2.13,1.74,1.81,1.74,1.87,1.93,1.92,1.72,1.78,1.83,1.88,1.78,1.76,2.05,1.81,1.55,1.5,1.77,1.77,1.77,1.77,1.77,1.77
GNB,Guinea-Bissau,Climate Watch,Bunker Fuels,All GHG,MtCO₂e,0.04,0.04,0.04,0.04,0.04,0.04,0.04,0.04,0.04,0.04,0.04,0.04,0.03,0.03,0.03,0.04,0.03,0.03,0.03,0.03,0.03,0.03,0.03,0.03,0.03,0.03,0.03,0.03,0.03,0.03,0.03,0.03,0.03
GNB,Guinea-Bissau,Climate Watch,Electricity/Heat,All GHG,MtCO₂e,0.06,0.06,0.06,0.06,0.06,0.06,0.06,0.04,0.02,0.02,0.02,0.03,0.02,0.02,0.03,0.03,0.02,0.02,0.02,0.02,0.02,0.02,0.02,0.01,0.02,0.05,0.04,0.04,0.04,0.03,0.03,0.03,0.03
GNB,Guinea-Bissau,Climate Watch,Building,All GHG,MtCO₂e,0.04,0.03,0.03,0.03,0.03,0.03,0.03,0.03,0.03,0.03,0.03,0.02,0.02,0.02,0.02,0.02,0.02,0.02,0.02,0.02,0.02,0.02,0.02,0.02,0.02,0.02,0.02,0.02,0.02,0.02,0.02,0.02,0.02
GNB,Guinea-Bissau,Climate Watch,Transportation,All GHG,MtCO₂e,0.11,0.1,0.1,0.12,0.11,0.11,0.11,0.11,0.11,0.11,0.1,0.1,0.1,0.1,0.08,0.09,0.09,0.08,0.08,0.07,0.03,0.02,0.02,0.08,0.06,0.06,0.04,0.05,0.05,0.06,0.05,0.06,0.06
GNB,Guinea-Bissau,Climate Watch,Other Fuel Combustion,All GHG,MtCO₂e,0.15,0.11,0.11,0.11,0.11,0.11,0.11,0.1,0.1,0.09,0.09,0.09,0.09,0.09,0.09,0.09,0.09,0.09,0.09,0.09,0.09,0.09,0.09,0.09,0.08,0.07,0.07,0.07,0.07,0.07,0.07,0.07,0.06
GNB,Guinea-Bissau,Climate Watch,Fugitive Emissions,All GHG,MtCO₂e,0.0,0.0,0.0,0.0,0.0,0.0,0.0,0.0,0.0,0.0,0.0,0.0,0.0,0.0,0.0,0.0,0.0,0.0,0.0,0.0,0.0,0.0,0.0,0.0,0.0,0.0,0.0,0.0,0.0,0.0,0.0,0.0,0.0
GNQ,Equatorial Guinea,Climate Watch,Total excluding LUCF,All GHG,MtCO₂e,8.36,8.55,9.28,9.24,9.91,10.38,11.46,12.35,13.33,11.86,12.22,12.06,12.95,12.58,14.69,15.56,15.03,15.14,14.51,10.44,9.07,9.34,6.66,7.31,5.54,4.24,2.57,2.18,2.01,1.88,1.73,0.49,0.27
GNQ,Equatorial Guinea,Climate Watch,Total including LUCF,All GHG,MtCO₂e,12.2,12.38,13.11,13.07,13.75,14.21,15.3,16.19,17.16,15.69,16.05,15.89,16.78,16.41,18.52,19.39,18.86,18.97,18.34,14.27,12.9,13.17,10.49,11.14,9.37,8.07,6.4,6.01,5.84,5.71,5.56,4.32,4.11
GNQ,Equatorial Guinea,Climate Watch,Energy,All GHG,MtCO₂e,7.89,8.1,8.84,8.82,9.52,10.01,11.11,12.03,13.02,11.55,11.93,11.77,12.67,12.32,14.45,15.33,14.81,14.94,14.32,10.27,8.9,9.19,6.52,7.17,5.41,4.11,2.44,2.06,1.9,1.77,1.62,0.4,0.18
GNQ,Equatorial Guinea,Climate Watch,Industrial Processes,All GHG,MtCO₂e,0.28,0.27,0.26,0.25,0.23,0.21,0.2,0.18,0.18,0.17,0.17,0.16,0.16,0.15,0.13,0.12,0.11,0.1,0.09,0.09,0.08,0.07,0.06,0.06,0.06,0.06,0.06,0.06,0.06,0.06,0.06,0.06,0.06
GNQ,Equatorial Guinea,Climate Watch,Agriculture,All GHG,MtCO₂e,0.02,0.02,0.02,0.02,0.02,0.03,0.02,0.02,0.02,0.02,0.02,0.02,0.02,0.02,0.02,0.02,0.02,0.02,0.02,0.02,0.02,0.02,0.02,0.02,0.02,0.02,0.02,0.02,0.02,0.02,0.02,0.02,0.02
GNQ,Equatorial Guinea,Climate Watch,Waste,All GHG,MtCO₂e,0.16,0.15,0.15,0.14,0.14,0.13,0.13,0.12,0.12,0.11,0.11,0.1,0.1,0.09,0.09,0.08,0.08,0.07,0.07,0.07,0.06,0.06,0.06,0.05,0.05,0.05,0.04,0.04,0.04,0.03,0.02,0.01,0.01
GNQ,Equatorial Guinea,Climate Watch,Land-Use Change and Forestry,All GHG,MtCO₂e,3.83,3.83,3.84,3.83,3.83,3.83,3.83,3.83,3.83,3.83,3.83,3.83,3.83,3.83,3.83,3.83,3.83,3.83,3.83,3.83,3.83,3.83,3.83,3.83,3.83,3.83,3.83,3.83,3.83,3.83,3.83,3.83,3.83
GNQ,Equatorial Guinea,Climate Watch,Bunker Fuels,All GHG,MtCO₂e,0.09,0.07,0.08,0.12,0.12,0.13,0.13,0.12,0.12,0.11,0.11,0.1,0.09,0.09,0.09,0.09,0.09,0.09,0.1,0.09,0.04,0.04,0.04,0.02,0.02,0.01,0.01,0.01,0.01,0.01,0.01,0.01,0.01
GNQ,Equatorial Guinea,Climate Watch,Electricity/Heat,All GHG,MtCO₂e,1.48,1.33,1.25,1.34,1.43,1.56,1.55,1.52,1.51,1.5,1.48,1.24,1.11,1.08,1.07,0.7,0.5,0.45,0.46,0.07,0.06,0.06,0.04,0.03,0.03,0.02,0.02,0.02,0.02,0.02,0.02,0.02,0.02
GNQ,Equatorial Guinea,Climate Watch,Building,All GHG,MtCO₂e,0.22,0.2,0.2,0.2,0.21,0.22,0.23,0.23,0.23,0.23,0.23,0.23,0.23,0.22,0.21,0.21,0.2,0.18,0.17,0.16,0.16,0.16,0.16,0.16,0.15,0.14,0.14,0.14,0.14,0.14,0.13,0.13,0.13
GNQ,Equatorial Guinea,Climate Watch,Manufacturing/Construction,All GHG,MtCO₂e,1.15,1.11,1.04,1.13,1.1,1.15,1.24,1.06,1.25,1.25,1.21,1.17,1.2,1.11,1.94,2.64,2.21,2.27,2.24,0.3,0.27,0.09,0.1,0.06,0.07,0.04,0.03,0.02,0.02,0.01,0.01,0.01,0.01
GNQ,Equatorial Guinea,Climate Watch,Transportation,All GHG,MtCO₂e,0.44,0.45,0.44,0.53,0.49,0.52,0.64,0.62,0.61,0.59,0.56,0.54,0.52,0.5,0.48,0.47,0.44,0.4,0.36,0.34,0.3,0.22,0.19,0.12,0.08,0.09,0.04,0.02,0.02,0.02,0.01,0.01,0.01
GNQ,Equatorial Guinea,Climate Watch,Fugitive Emissions,All GHG,MtCO₂e,4.61,5.02,5.91,5.62,6.29,6.55,7.47,8.59,9.42,7.99,8.45,8.59,9.62,9.4,10.75,11.31,11.46,11.63,11.09,9.39,8.11,8.66,6.04,6.81,5.08,3.81,2.21,1.87,1.71,1.59,1.44,0.22,0.0
GRC,Greece,Climate Watch,Total excluding LUCF,All GHG,MtCO₂e,75.53,74.89,72.46,82.02,87.72,90.17,89.86,91.15,92.92,96.05,103.78,108.23,111.38,117.73,123.68,127.49,123.15,126.45,124.78,124.81,122.04,121.74,121.72,117.05,115.38,110.99,109.73,108.23,102.83,99.73,98.7,96.78,96.55
GRC,Greece,Climate Watch,Total including LUCF,All GHG,MtCO₂e,76.81,76.35,73.73,83.29,88.99,91.46,91.16,92.43,94.2,97.33,105.08,109.53,110.17,116.52,122.5,126.44,121.97,125.25,123.58,123.61,120.84,120.55,120.73,116.02,114.57,109.98,108.71,107.22,101.81,98.72,97.69,95.76,95.53
GRC,Greece,Climate Watch,Energy,All GHG,MtCO₂e,52.11,50.91,49.26,58.28,63.51,65.07,64.9,66.75,68.01,71.23,79.71,84.77,85.91,92.96,97.2,100.84,96.91,98.07,96.38,96.7,93.15,92.8,90.6,83.61,83.3,79.81,78.85,78.87,76.17,74.52,74.62,72.34,72.06
GRC,Greece,Climate Watch,Industrial Processes,All GHG,MtCO₂e,10.71,10.76,10.37,11.07,11.56,12.07,12.2,11.69,11.93,11.67,10.81,9.86,11.35,11.23,12.46,12.37,12.05,14.27,14.06,14.01,14.82,14.78,15.86,18.23,16.75,15.95,15.43,14.23,11.41,10.29,8.9,9.14,8.99
GRC,Greece,Climate Watch,Agriculture,All GHG,MtCO₂e,6.92,7.48,7.45,7.37,7.39,7.91,7.83,7.84,8.09,8.32,8.56,8.62,8.88,8.61,8.79,9.06,8.75,8.86,9.19,8.97,9.07,9.12,9.35,9.3,9.36,9.47,9.64,9.43,9.56,9.41,9.71,9.94,10.11
GRC,Greece,Climate Watch,Waste,All GHG,MtCO₂e,5.8,5.74,5.38,5.28,5.26,5.11,4.93,4.88,4.9,4.82,4.71,4.97,5.24,4.93,5.24,5.23,5.43,5.25,5.14,5.14,5.0,5.05,5.92,5.91,5.96,5.76,5.81,5.7,5.69,5.52,5.46,5.36,5.38
GRC,Greece,Climate Watch,Land-Use Change and Forestry,All GHG,MtCO₂e,1.28,1.46,1.27,1.28,1.27,1.29,1.3,1.28,1.28,1.28,1.29,1.3,-1.21,-1.21,-1.18,-1.05,-1.18,-1.2,-1.2,-1.2,-1.2,-1.2,-1.0,-1.03,-0.82,-1.01,-1.01,-1.01,-1.01,-1.01,-1.01,-1.01,-1.01
GRC,Greece,Climate Watch,Bunker Fuels,All GHG,MtCO₂e,9.81,7.97,6.34,11.59,10.39,9.91,8.23,8.27,8.41,8.93,9.3,11.19,10.87,11.02,12.94,13.28,12.79,11.58,12.87,12.69,12.39,13.52,14.02,12.81,13.73,12.48,12.54,14.02,13.39,12.37,10.8,9.59,10.58
GRC,Greece,Climate Watch,Electricity/Heat,All GHG,MtCO₂e,22.27,23.42,22.32,28.57,33.97,34.83,33.17,34.7,38.26,41.65,46.0,45.39,45.4,48.47,51.4,52.32,49.02,50.8,50.08,49.32,48.24,48.36,47.91,41.97,40.6,39.16,39.15,42.31,40.57,39.04,39.01,36.47,37.24
GRC,Greece,Climate Watch,Building,All GHG,MtCO₂e,5.94,5.59,5.85,5.47,4.96,5.72,5.86,6.46,4.73,4.79,7.88,10.27,8.06,8.93,10.23,10.47,11.42,11.68,11.09,11.45,9.75,9.44,8.63,8.02,8.21,7.86,7.59,5.74,5.47,5.43,5.49,5.63,5.47
GRC,Greece,Climate Watch,Manufacturing/Construction,All GHG,MtCO₂e,4.38,4.37,4.21,4.62,5.1,5.29,6.51,6.34,6.02,5.66,5.86,5.8,6.71,6.49,8.58,10.26,9.08,8.75,8.84,9.59,9.95,10.39,10.26,9.36,10.45,10.49,10.37,9.69,8.95,9.03,9.23,9.59,9.7
GRC,Greece,Climate Watch,Transportation,All GHG,MtCO₂e,18.04,16.34,15.2,17.98,17.6,17.31,17.59,17.11,16.77,16.73,16.85,20.14,22.54,25.4,22.77,23.46,22.85,22.32,21.91,21.5,20.52,20.24,19.53,20.06,19.87,18.2,17.6,17.11,16.98,16.88,16.66,16.25,15.42
GRC,Greece,Climate Watch,Other Fuel Combustion,All GHG,MtCO₂e,1.01,0.73,1.18,0.85,0.86,0.86,0.86,0.91,0.89,0.97,1.46,1.6,1.71,1.98,2.51,2.59,2.89,2.74,2.67,3.12,2.91,2.68,2.65,2.65,2.64,2.64,2.65,2.59,2.78,2.77,2.85,3.07,2.93
GRC,Greece,Climate Watch,Fugitive Emissions,All GHG,MtCO₂e,0.47,0.46,0.49,0.81,1.03,1.06,0.92,1.23,1.34,1.43,1.66,1.56,1.49,1.69,1.71,1.72,1.67,1.77,1.78,1.74,1.78,1.68,1.62,1.56,1.53,1.47,1.49,1.43,1.41,1.37,1.38,1.32,1.31
GRD,Grenada,Climate Watch,Total excluding LUCF,All GHG,MtCO₂e,0.39,0.38,0.35,0.4,0.37,0.37,0.34,0.33,0.31,0.36,0.32,0.3,0.31,0.31,0.3,0.29,0.27,0.26,0.25,0.26,0.24,0.24,0.23,0.23,0.23,0.21,0.2,0.18,2.13,0.16,0.15,0.15,0.14
GRD,Grenada,Climate Watch,Total including LUCF,All GHG,MtCO₂e,0.39,0.38,0.35,0.4,0.37,0.37,0.34,0.33,0.31,0.36,0.32,0.3,0.31,0.31,0.3,0.29,0.27,0.26,0.25,0.26,0.24,0.24,0.23,0.23,0.23,0.21,0.2,0.18,2.13,0.16,0.15,0.15,0.14
GRD,Grenada,Climate Watch,Energy,All GHG,MtCO₂e,0.34,0.32,0.3,0.35,0.32,0.32,0.3,0.28,0.26,0.32,0.28,0.26,0.27,0.26,0.26,0.25,0.24,0.23,0.22,0.22,0.21,0.21,0.2,0.21,0.2,0.18,0.17,0.15,0.14,0.13,0.13,0.12,0.12
GRD,Grenada,Climate Watch,Industrial Processes,All GHG,MtCO₂e,0.03,0.02,0.02,0.02,0.02,0.02,0.02,0.02,0.02,0.02,0.02,0.02,0.02,0.01,0.01,0.01,0.01,0.01,0.01,0.01,0.0,0.0,0.0,0.0,0.0,0.0,0.0,0.0,0.0,0.0,0.0,0.0,0.0
GRD,Grenada,Climate Watch,Agriculture,All GHG,MtCO₂e,0.02,0.02,0.02,0.02,0.02,0.02,0.02,0.02,0.02,0.02,0.02,0.02,0.02,0.02,0.02,0.02,0.02,0.02,0.02,0.02,0.02,0.02,0.02,0.02,0.02,0.02,0.02,0.02,0.02,0.02,0.02,0.02,0.02
GRD,Grenada,Climate Watch,Waste,All GHG,MtCO₂e,0.01,0.01,0.01,0.01,0.01,0.01,0.01,0.01,0.01,0.01,0.01,0.01,0.01,0.01,0.01,0.01,0.01,0.01,0.01,0.01,0.01,0.01,0.01,0.01,0.01,0.01,0.01,0.01,1.97,0.01,0.01,0.01,0.01
GRD,Grenada,Climate Watch,Land-Use Change and Forestry,All GHG,MtCO₂e,0.0,0.0,0.0,0.0,0.0,0.0,0.0,0.0,0.0,0.0,0.0,0.0,0.0,0.0,0.0,0.0,0.0,0.0,0.0,0.0,0.0,0.0,0.0,0.0,0.0,0.0,0.0,0.0,0.0,0.0,0.0,0.0,0.0
GRD,Grenada,Climate Watch,Bunker Fuels,All GHG,MtCO₂e,0.05,0.03,0.03,0.03,0.03,0.02,0.02,0.02,0.02,0.01,0.01,0.02,0.02,0.02,0.03,0.02,0.02,0.02,0.02,0.02,0.02,0.02,0.02,0.02,0.02,0.02,0.02,0.02,0.02,0.02,0.02,0.02,0.02
GRD,Grenada,Climate Watch,Electricity/Heat,All GHG,MtCO₂e,0.17,0.16,0.15,0.17,0.16,0.15,0.14,0.13,0.12,0.18,0.15,0.13,0.14,0.13,0.13,0.1,0.1,0.09,0.09,0.09,0.09,0.08,0.08,0.08,0.08,0.08,0.07,0.07,0.06,0.06,0.05,0.05,0.05
GRD,Grenada,Climate Watch,Building,All GHG,MtCO₂e,0.03,0.03,0.03,0.03,0.03,0.04,0.04,0.04,0.03,0.03,0.02,0.03,0.02,0.02,0.02,0.04,0.03,0.03,0.03,0.03,0.03,0.03,0.03,0.03,0.03,0.03,0.02,0.02,0.01,0.01,0.01,0.01,0.01
GRD,Grenada,Climate Watch,Manufacturing/Construction,All GHG,MtCO₂e,0.02,0.01,0.01,0.01,0.01,0.01,0.01,0.01,0.01,0.01,0.0,0.01,0.01,0.01,0.01,0.01,0.0,0.0,0.0,0.0,0.0,0.0,0.0,0.0,0.0,0.0,0.01,0.01,0.02,0.02,0.02,0.02,0.02
GRD,Grenada,Climate Watch,Transportation,All GHG,MtCO₂e,0.1,0.1,0.09,0.11,0.11,0.1,0.1,0.09,0.09,0.09,0.1,0.1,0.1,0.1,0.1,0.1,0.1,0.09,0.09,0.09,0.09,0.08,0.08,0.08,0.08,0.08,0.07,0.05,0.05,0.04,0.04,0.04,0.04
GRD,Grenada,Climate Watch,Other Fuel Combustion,All GHG,MtCO₂e,0.02,0.02,0.02,0.02,0.02,0.02,0.01,0.01,0.01,0.01,N/A,N/A,N/A,N/A,0.0,0.01,0.01,0.01,0.01,0.01,0.01,0.01,0.01,0.01,0.01,N/A,N/A,N/A,N/A,N/A,N/A,N/A,N/A
GRD,Grenada,Climate Watch,Fugitive Emissions,All GHG,MtCO₂e,0.0,0.0,0.0,0.0,0.0,0.0,0.0,0.0,0.0,0.0,0.0,0.0,0.0,0.0,0.0,0.0,0.0,0.0,0.0,0.0,0.0,0.0,0.0,0.0,0.0,0.0,0.0,0.0,0.0,0.0,0.0,0.0,0.0
GTM,Guatemala,Climate Watch,Total excluding LUCF,All GHG,MtCO₂e,41.07,42.08,38.93,40.38,39.18,37.09,37.47,35.76,32.77,31.45,30.24,29.45,28.77,28.51,27.0,27.92,26.27,26.14,24.64,24.01,23.68,21.91,21.18,19.87,18.99,17.25,16.68,16.81,15.74,15.59,14.98,13.72,13.36
GTM,Guatemala,Climate Watch,Total including LUCF,All GHG,MtCO₂e,44.4,45.39,42.57,43.81,42.48,40.57,40.98,43.64,40.51,39.44,38.04,37.29,42.66,42.83,40.91,42.14,40.15,41.18,38.41,39.88,37.56,35.65,39.07,36.74,37.84,34.05,33.78,33.44,32.36,32.22,31.61,30.35,29.99
GTM,Guatemala,Climate Watch,Energy,All GHG,MtCO₂e,25.66,26.71,23.69,25.78,24.62,22.67,23.31,21.74,19.2,18.3,17.3,16.74,16.3,16.98,15.81,16.78,15.74,15.71,14.81,14.48,14.23,12.69,12.29,11.21,10.79,9.12,8.78,8.87,7.86,7.61,7.26,6.38,6.16
GTM,Guatemala,Climate Watch,Industrial Processes,All GHG,MtCO₂e,2.07,1.99,1.89,1.74,1.75,1.87,1.81,1.89,1.81,1.61,1.57,1.55,1.52,1.0,1.34,1.31,1.23,1.17,1.07,0.96,0.93,0.9,0.85,0.7,0.66,0.57,0.49,0.52,0.54,0.5,0.64,0.65,0.76
GTM,Guatemala,Climate Watch,Agriculture,All GHG,MtCO₂e,10.95,11.05,11.06,10.62,10.61,10.41,10.25,10.07,9.76,9.59,9.47,9.3,9.15,8.77,8.15,8.18,7.7,7.7,7.26,7.11,7.12,6.96,6.73,6.68,6.31,6.36,6.25,6.31,6.27,6.42,6.06,5.7,5.48
GTM,Guatemala,Climate Watch,Waste,All GHG,MtCO₂e,2.38,2.34,2.29,2.25,2.2,2.15,2.1,2.05,2.0,1.95,1.9,1.85,1.8,1.75,1.7,1.65,1.6,1.55,1.5,1.46,1.41,1.36,1.31,1.27,1.23,1.19,1.15,1.11,1.07,1.05,1.02,0.99,0.97
GTM,Guatemala,Climate Watch,Land-Use Change and Forestry,All GHG,MtCO₂e,3.33,3.31,3.64,3.43,3.3,3.48,3.51,7.88,7.73,7.99,7.8,7.84,13.89,14.32,13.91,14.23,13.88,15.04,13.76,15.86,13.88,13.75,17.89,16.88,18.85,16.8,17.1,16.63,16.63,16.63,16.63,16.63,16.63
GTM,Guatemala,Climate Watch,Bunker Fuels,All GHG,MtCO₂e,1.72,1.7,1.43,1.62,1.59,1.58,1.43,1.41,1.25,1.12,1.0,1.04,1.0,0.82,0.81,0.87,0.97,0.97,0.84,0.82,0.79,0.79,0.78,0.76,0.75,0.72,0.69,0.66,0.62,0.61,0.59,0.57,0.57
GTM,Guatemala,Climate Watch,Electricity/Heat,All GHG,MtCO₂e,2.24,4.44,4.14,5.86,5.54,4.24,5.35,4.97,3.73,3.56,3.06,2.75,2.73,3.66,3.09,3.35,3.15,3.46,3.53,3.15,3.17,2.58,2.47,1.84,2.08,1.08,1.04,1.13,1.01,0.92,0.92,0.31,0.25
GTM,Guatemala,Climate Watch,Building,All GHG,MtCO₂e,9.47,9.16,8.77,8.54,8.35,8.17,7.78,7.29,7.1,6.9,6.75,6.51,6.29,6.04,5.95,5.76,5.55,5.52,5.44,5.22,4.97,4.09,4.38,4.37,3.72,3.68,3.59,3.51,3.39,3.42,3.47,3.37,3.35
GTM,Guatemala,Climate Watch,Manufacturing/Construction,All GHG,MtCO₂e,3.67,2.59,2.0,1.77,1.95,1.86,2.04,1.99,1.82,1.72,1.68,1.69,1.35,1.27,1.49,1.9,1.58,1.46,0.94,1.08,1.03,1.37,1.32,1.16,1.32,1.28,1.25,1.31,1.11,1.06,0.86,0.78,0.73
GTM,Guatemala,Climate Watch,Transportation,All GHG,MtCO₂e,10.28,10.52,8.78,9.6,8.78,8.4,8.14,7.49,6.55,6.12,5.82,5.8,5.92,6.0,5.28,5.77,5.45,5.27,4.89,5.02,5.04,4.63,3.96,3.69,3.52,2.96,2.79,2.8,2.24,2.11,1.92,1.83,1.75
GTM,Guatemala,Climate Watch,Other Fuel Combustion,All GHG,MtCO₂e,N/A,N/A,N/A,N/A,N/A,N/A,N/A,N/A,N/A,N/A,N/A,N/A,N/A,N/A,N/A,N/A,N/A,N/A,N/A,N/A,N/A,N/A,0.15,0.14,0.13,0.12,0.11,0.12,0.09,0.09,0.09,0.09,0.08
GTM,Guatemala,Climate Watch,Fugitive Emissions,All GHG,MtCO₂e,0.0,0.0,0.0,0.0,0.0,0.0,0.0,0.0,0.0,0.0,0.0,0.0,0.0,0.0,0.0,0.0,0.0,0.0,0.0,0.0,0.01,0.01,0.01,0.01,0.01,0.01,0.0,0.0,0.0,0.0,0.0,0.0,0.0
GUY,Guyana,Climate Watch,Total excluding LUCF,All GHG,MtCO₂e,6.89,5.84,5.95,5.0,4.67,4.56,4.38,4.51,4.42,4.17,4.01,3.77,3.67,3.44,3.41,3.26,2.94,3.13,3.48,3.5,3.27,3.4,3.34,3.7,3.59,3.67,3.46,3.42,3.03,2.72,2.54,2.53,2.45
GUY,Guyana,Climate Watch,Total including LUCF,All GHG,MtCO₂e,19.91,18.76,18.83,17.9,17.55,17.44,17.3,20.05,19.95,19.71,19.54,19.31,11.59,11.33,11.29,11.15,10.83,11.03,11.39,11.13,10.83,10.94,10.19,10.54,10.56,10.41,10.13,9.86,9.14,8.83,8.02,8.01,7.93
GUY,Guyana,Climate Watch,Energy,All GHG,MtCO₂e,4.83,3.74,3.6,2.71,2.49,2.38,2.38,2.11,2.13,2.04,2.07,1.91,1.83,1.7,1.68,1.68,1.41,1.56,1.76,1.7,1.71,1.73,1.75,1.83,1.84,1.81,1.67,1.62,1.5,1.17,1.17,1.23,1.42
GUY,Guyana,Climate Watch,Industrial Processes,All GHG,MtCO₂e,0.05,0.05,0.05,0.05,0.04,0.04,0.04,0.03,0.03,0.03,0.03,0.03,0.03,0.02,0.02,0.02,0.02,0.01,0.01,0.01,0.01,0.01,0.01,0.01,0.01,0.01,0.01,0.01,0.01,0.0,0.0,0.0,0.0
GUY,Guyana,Climate Watch,Agriculture,All GHG,MtCO₂e,1.82,1.87,2.13,2.08,1.97,1.98,1.81,2.21,2.1,1.95,1.75,1.67,1.65,1.56,1.55,1.4,1.36,1.4,1.56,1.63,1.4,1.51,1.44,1.73,1.61,1.72,1.65,1.67,1.4,1.43,1.26,1.2,0.93
GUY,Guyana,Climate Watch,Waste,All GHG,MtCO₂e,0.18,0.18,0.17,0.17,0.17,0.16,0.16,0.16,0.16,0.16,0.15,0.15,0.16,0.15,0.15,0.15,0.16,0.16,0.16,0.15,0.15,0.15,0.14,0.14,0.14,0.13,0.13,0.13,0.12,0.12,0.11,0.1,0.1
GUY,Guyana,Climate Watch,Land-Use Change and Forestry,All GHG,MtCO₂e,13.02,12.91,12.88,12.9,12.89,12.88,12.92,15.54,15.53,15.53,15.53,15.54,7.93,7.89,7.88,7.89,7.89,7.91,7.91,7.63,7.55,7.54,6.85,6.84,6.97,6.74,6.67,6.44,6.11,6.11,5.48,5.48,5.48
GUY,Guyana,Climate Watch,Bunker Fuels,All GHG,MtCO₂e,0.1,0.09,0.02,0.07,0.06,0.07,0.06,0.04,0.03,0.03,0.06,0.03,0.03,0.03,0.03,0.03,0.03,0.03,0.03,0.03,0.03,0.03,0.04,0.04,0.03,0.04,0.04,0.04,0.04,0.03,0.03,0.03,0.04
GUY,Guyana,Climate Watch,Electricity/Heat,All GHG,MtCO₂e,1.05,0.93,0.93,0.93,0.92,0.87,0.85,0.79,0.79,0.81,0.75,0.75,0.76,0.75,0.59,0.6,0.52,0.5,0.69,0.68,0.38,0.38,0.39,0.41,0.48,0.44,0.41,0.42,0.39,0.34,0.34,0.35,0.35
GUY,Guyana,Climate Watch,Building,All GHG,MtCO₂e,0.14,0.14,0.12,0.13,0.13,0.12,0.12,0.11,0.11,0.11,0.13,0.12,0.13,0.12,0.12,0.12,0.12,0.13,0.13,0.13,0.13,0.13,0.14,0.14,0.12,0.14,0.13,0.13,0.13,0.11,0.11,0.12,0.29
GUY,Guyana,Climate Watch,Manufacturing/Construction,All GHG,MtCO₂e,0.76,0.63,0.5,0.4,0.32,0.29,0.33,0.21,0.22,0.21,0.24,0.17,0.14,0.13,0.2,0.21,0.11,0.14,0.21,0.21,0.4,0.41,0.43,0.42,0.51,0.48,0.44,0.45,0.43,0.39,0.36,0.39,0.38
GUY,Guyana,Climate Watch,Transportation,All GHG,MtCO₂e,1.1,1.04,0.89,0.91,0.8,0.79,0.78,0.7,0.71,0.65,0.68,0.66,0.62,0.61,0.57,0.57,0.51,0.55,0.58,0.56,0.56,0.58,0.56,0.6,0.52,0.53,0.49,0.44,0.42,0.24,0.24,0.24,0.27
GUY,Guyana,Climate Watch,Other Fuel Combustion,All GHG,MtCO₂e,0.1,0.16,0.22,0.33,0.32,0.32,0.28,0.29,0.3,0.27,0.27,0.2,0.18,0.09,0.2,0.19,0.16,0.24,0.15,0.12,0.25,0.24,0.22,0.26,0.21,0.23,0.19,0.18,0.14,0.09,0.11,0.12,0.14
GUY,Guyana,Climate Watch,Fugitive Emissions,All GHG,MtCO₂e,1.69,0.84,0.93,0.01,0.0,0.0,0.0,0.0,0.0,0.0,0.0,0.0,0.0,0.0,0.0,0.0,0.0,0.0,0.0,0.0,0.0,0.0,0.0,0.0,0.0,0.0,0.0,0.0,0.0,0.0,0.0,0.0,0.0
HND,Honduras,Climate Watch,Total excluding LUCF,All GHG,MtCO₂e,21.86,21.61,20.89,21.27,20.25,20.17,21.1,22.0,20.94,20.99,20.64,20.14,18.17,18.09,18.18,17.9,17.13,16.07,16.27,15.85,14.28,14.02,13.39,13.05,14.17,14.03,13.99,14.46,13.71,12.93,13.11,12.72,12.63
HND,Honduras,Climate Watch,Total including LUCF,All GHG,MtCO₂e,27.45,27.22,27.49,27.06,26.07,25.83,27.06,28.19,27.35,27.28,26.58,26.7,23.79,23.82,23.77,23.48,22.69,22.42,21.65,22.58,19.73,19.42,19.67,19.17,20.78,20.31,19.87,20.43,19.69,18.91,19.08,18.69,18.6
HND,Honduras,Climate Watch,Energy,All GHG,MtCO₂e,11.48,11.34,10.3,11.12,9.9,10.03,11.19,12.4,11.38,11.52,11.29,10.84,9.26,9.29,9.71,9.59,8.95,7.98,8.49,7.63,6.94,6.58,5.79,5.53,5.95,5.23,4.93,4.98,4.4,4.0,3.85,3.55,3.56
HND,Honduras,Climate Watch,Industrial Processes,All GHG,MtCO₂e,1.59,1.52,1.41,1.5,1.54,1.58,1.42,1.32,1.24,1.26,1.31,1.2,1.12,1.1,1.06,1.0,0.93,0.77,0.74,0.65,0.6,0.6,0.55,0.43,0.39,0.45,0.41,0.31,0.27,0.32,0.29,0.32,0.3
HND,Honduras,Climate Watch,Agriculture,All GHG,MtCO₂e,7.25,7.23,7.69,7.18,7.37,7.14,7.1,6.91,6.99,6.93,6.78,6.89,6.62,6.57,6.31,6.25,6.23,6.34,5.84,6.15,5.1,4.98,4.96,4.66,5.06,5.23,5.19,5.36,5.37,5.1,5.61,5.69,5.68
HND,Honduras,Climate Watch,Waste,All GHG,MtCO₂e,1.53,1.51,1.49,1.47,1.44,1.42,1.39,1.37,1.33,1.29,1.25,1.21,1.17,1.13,1.09,1.06,1.02,0.98,1.2,1.42,1.64,1.86,2.08,2.43,2.77,3.12,3.46,3.8,3.66,3.52,3.35,3.16,3.08
HND,Honduras,Climate Watch,Land-Use Change and Forestry,All GHG,MtCO₂e,5.59,5.62,6.61,5.79,5.82,5.67,5.96,6.19,6.41,6.29,5.94,6.56,5.62,5.73,5.59,5.58,5.56,6.35,5.38,6.73,5.45,5.4,6.28,6.12,6.61,6.29,5.88,5.97,5.97,5.97,5.97,5.97,5.97
HND,Honduras,Climate Watch,Bunker Fuels,All GHG,MtCO₂e,0.17,0.13,0.07,0.17,0.24,0.36,0.27,0.23,0.19,0.14,0.14,0.13,0.12,0.1,0.11,0.01,0.02,0.01,0.01,0.08,0.09,0.07,0.11,0.1,0.08,0.07,0.06,0.07,0.07,0.12,0.13,0.09,0.09
HND,Honduras,Climate Watch,Electricity/Heat,All GHG,MtCO₂e,3.29,3.08,3.31,3.51,2.56,2.67,3.07,3.59,3.64,3.27,2.87,2.98,2.31,2.32,2.62,2.59,2.73,1.98,2.31,1.62,1.49,1.31,1.04,0.85,1.32,0.87,0.74,0.91,0.33,0.17,0.12,0.03,0.04
HND,Honduras,Climate Watch,Building,All GHG,MtCO₂e,2.0,2.12,2.03,1.96,1.99,2.03,2.38,2.43,2.44,2.25,2.22,2.16,2.07,1.98,1.92,1.84,1.74,1.69,1.76,1.99,1.78,1.59,1.52,1.48,1.93,1.92,1.7,1.71,1.69,1.68,1.73,1.66,1.66
HND,Honduras,Climate Watch,Manufacturing/Construction,All GHG,MtCO₂e,1.4,1.33,1.24,1.17,1.18,1.25,1.55,2.27,1.51,2.76,2.97,2.57,1.84,1.75,1.88,1.93,2.02,1.73,1.76,1.46,1.22,1.22,1.07,1.03,0.81,0.74,0.94,0.77,0.8,0.79,0.81,0.78,0.78
HND,Honduras,Climate Watch,Transportation,All GHG,MtCO₂e,4.72,4.71,3.62,4.32,4.06,4.01,4.11,3.98,3.36,3.23,3.24,3.12,3.04,3.04,3.11,3.23,2.03,2.17,2.38,2.35,2.31,2.31,2.16,2.17,1.87,1.69,1.54,1.58,1.57,1.35,1.19,1.06,1.07
HND,Honduras,Climate Watch,Other Fuel Combustion,All GHG,MtCO₂e,0.08,0.1,0.1,0.16,0.11,0.08,0.08,0.14,0.42,0.01,N/A,N/A,N/A,0.2,0.19,0.01,0.43,0.4,0.28,0.21,0.14,0.15,N/A,N/A,0.01,0.01,0.01,0.01,0.01,0.01,0.01,0.01,0.01
HND,Honduras,Climate Watch,Fugitive Emissions,All GHG,MtCO₂e,0.0,0.0,0.0,0.0,0.0,0.0,0.0,0.0,0.0,0.0,0.0,0.0,0.0,0.0,0.0,0.0,0.0,0.0,0.0,0.0,0.0,0.0,0.0,0.0,0.0,0.0,0.0,0.0,0.0,0.0,0.0,0.0,0.0
HRV,Croatia,Climate Watch,Total excluding LUCF,All GHG,MtCO₂e,23.58,23.26,22.65,23.44,23.27,24.34,23.54,23.34,22.68,23.38,24.36,26.23,26.48,26.99,29.33,30.14,28.63,27.94,27.66,27.71,26.3,25.04,23.88,24.36,23.37,22.92,21.57,21.06,20.64,21.5,21.75,22.46,28.67
HRV,Croatia,Climate Watch,Total including LUCF,All GHG,MtCO₂e,19.24,18.92,18.32,19.1,18.92,20.0,19.19,21.84,21.18,21.88,22.86,24.75,25.65,26.16,28.51,29.32,27.79,27.11,26.83,26.88,25.47,24.21,23.04,23.51,22.59,22.07,20.72,20.21,19.79,20.65,20.9,21.61,27.82
HRV,Croatia,Climate Watch,Energy,All GHG,MtCO₂e,16.43,15.9,15.18,16.13,16.03,16.96,16.65,16.29,15.79,16.72,17.24,18.86,19.2,19.99,21.08,22.14,20.89,20.86,20.49,21.11,19.69,18.62,17.53,18.25,17.71,16.84,15.94,15.38,14.58,15.55,15.15,15.85,21.4
HRV,Croatia,Climate Watch,Industrial Processes,All GHG,MtCO₂e,2.88,2.91,2.88,2.73,2.64,2.63,2.29,2.42,2.35,2.16,2.36,2.42,2.5,2.29,2.64,2.65,2.49,2.35,2.27,2.06,2.06,2.08,1.98,1.75,1.4,1.48,1.33,1.31,1.54,1.33,1.67,1.42,1.85
HRV,Croatia,Climate Watch,Agriculture,All GHG,MtCO₂e,2.42,2.6,2.62,2.63,2.62,2.74,2.61,2.66,2.64,2.64,2.89,3.07,2.94,2.92,3.87,3.69,3.68,3.25,3.41,3.1,3.16,3.0,3.04,3.07,3.01,3.37,3.11,3.19,3.36,3.48,3.81,4.08,4.31
HRV,Croatia,Climate Watch,Waste,All GHG,MtCO₂e,1.85,1.84,1.97,1.96,1.98,2.01,1.99,1.96,1.91,1.86,1.88,1.88,1.84,1.79,1.74,1.65,1.57,1.48,1.49,1.43,1.39,1.35,1.33,1.29,1.24,1.23,1.19,1.18,1.16,1.14,1.12,1.1,1.09
HRV,Croatia,Climate Watch,Land-Use Change and Forestry,All GHG,MtCO₂e,-4.34,-4.35,-4.33,-4.34,-4.35,-4.34,-4.35,-1.49,-1.5,-1.5,-1.5,-1.48,-0.83,-0.83,-0.83,-0.83,-0.84,-0.83,-0.83,-0.83,-0.83,-0.83,-0.84,-0.85,-0.78,-0.84,-0.85,-0.85,-0.85,-0.85,-0.85,-0.85,-0.85
HRV,Croatia,Climate Watch,Bunker Fuels,All GHG,MtCO₂e,0.62,0.37,0.23,0.68,0.62,0.47,0.39,0.36,0.38,0.38,0.35,0.39,0.32,0.29,0.39,0.35,0.33,0.34,0.29,0.25,0.27,0.29,0.26,0.31,0.34,0.31,0.38,0.35,0.36,0.18,0.07,0.1,0.59
HRV,Croatia,Climate Watch,Electricity/Heat,All GHG,MtCO₂e,4.06,3.73,3.67,3.87,3.83,4.43,4.78,4.69,4.69,5.19,5.59,6.32,6.04,6.51,6.94,8.04,6.91,7.11,7.11,8.19,7.53,6.7,6.19,6.77,6.63,5.99,5.53,5.78,5.16,6.45,6.14,5.51,7.9
HRV,Croatia,Climate Watch,Building,All GHG,MtCO₂e,2.42,2.6,2.44,2.4,2.51,2.62,2.59,2.54,2.28,2.6,2.74,3.0,3.27,3.16,3.09,3.04,3.35,3.64,3.6,3.64,3.36,3.23,2.92,3.11,2.89,2.83,2.86,2.53,2.3,2.22,1.96,2.47,2.65
HRV,Croatia,Climate Watch,Manufacturing/Construction,All GHG,MtCO₂e,2.29,2.38,2.35,2.33,2.34,2.32,2.15,2.16,2.23,2.28,2.3,2.64,2.85,3.01,3.7,3.68,3.67,3.53,3.43,3.01,2.95,3.09,2.85,2.89,3.02,3.02,2.77,2.68,2.93,2.79,2.95,3.7,5.39
HRV,Croatia,Climate Watch,Transportation,All GHG,MtCO₂e,6.78,6.31,5.83,6.66,6.47,6.71,6.23,6.02,5.7,5.76,5.68,5.89,6.0,6.25,6.29,6.36,5.92,5.56,5.35,5.21,4.8,4.49,4.43,4.34,4.05,3.91,3.69,3.3,3.1,2.9,2.77,2.93,3.67
HRV,Croatia,Climate Watch,Other Fuel Combustion,All GHG,MtCO₂e,0.72,0.71,0.71,0.67,0.67,0.66,0.66,0.66,0.67,0.66,0.68,0.74,0.73,0.74,0.76,0.71,0.73,0.72,0.71,0.77,0.75,0.81,0.87,0.85,0.82,0.77,0.76,0.74,0.74,0.81,0.82,0.83,1.3
HRV,Croatia,Climate Watch,Fugitive Emissions,All GHG,MtCO₂e,0.16,0.17,0.18,0.19,0.21,0.23,0.23,0.23,0.22,0.23,0.24,0.28,0.3,0.3,0.31,0.32,0.31,0.29,0.29,0.29,0.29,0.29,0.27,0.28,0.3,0.32,0.33,0.34,0.34,0.38,0.51,0.41,0.49
HTI,Haiti,Climate Watch,Total excluding LUCF,All GHG,MtCO₂e,10.96,10.99,10.97,11.22,11.34,11.15,11.15,10.89,10.55,10.14,9.87,10.07,9.74,9.18,9.14,9.09,8.67,8.6,8.48,8.61,8.57,8.3,8.31,7.79,7.65,7.51,7.06,6.77,5.97,6.32,6.69,6.24,6.0
HTI,Haiti,Climate Watch,Total including LUCF,All GHG,MtCO₂e,11.59,11.63,11.61,11.86,11.97,11.79,11.78,11.55,11.2,10.8,10.52,10.72,9.81,9.25,9.21,9.16,8.74,8.67,8.55,8.68,8.64,8.37,8.38,7.86,7.72,7.58,7.13,6.84,6.04,6.39,6.76,6.31,6.07
HTI,Haiti,Climate Watch,Energy,All GHG,MtCO₂e,4.98,5.05,5.07,5.24,5.19,5.2,5.21,5.1,4.77,4.46,4.23,4.48,4.09,3.57,3.56,3.54,3.17,3.11,3.03,3.14,3.14,2.92,2.86,2.74,2.65,2.59,2.34,2.16,1.41,1.86,2.0,2.06,2.08
HTI,Haiti,Climate Watch,Industrial Processes,All GHG,MtCO₂e,0.17,0.16,0.16,0.16,0.16,0.15,0.12,0.11,0.11,0.07,0.06,0.05,0.15,0.14,0.14,0.14,0.13,0.13,0.13,0.13,0.12,0.09,0.0,0.0,0.0,0.0,0.0,0.0,0.0,0.05,0.09,0.11,0.09
HTI,Haiti,Climate Watch,Agriculture,All GHG,MtCO₂e,4.66,4.64,4.62,4.71,4.9,4.73,4.76,4.64,4.64,4.6,4.58,4.56,4.54,4.52,4.51,4.5,4.48,4.48,4.46,4.5,4.49,4.48,4.47,4.09,4.06,4.0,3.76,3.73,3.7,3.73,3.92,3.41,3.19
HTI,Haiti,Climate Watch,Waste,All GHG,MtCO₂e,1.15,1.14,1.12,1.11,1.09,1.08,1.06,1.05,1.03,1.01,0.99,0.98,0.96,0.95,0.93,0.91,0.89,0.88,0.86,0.84,0.83,0.81,0.98,0.95,0.93,0.91,0.95,0.87,0.85,0.69,0.67,0.66,0.65
HTI,Haiti,Climate Watch,Land-Use Change and Forestry,All GHG,MtCO₂e,0.63,0.63,0.63,0.63,0.63,0.63,0.63,0.65,0.65,0.65,0.65,0.65,0.07,0.07,0.07,0.07,0.07,0.07,0.07,0.07,0.07,0.07,0.07,0.07,0.07,0.07,0.07,0.07,0.07,0.07,0.07,0.07,0.07
HTI,Haiti,Climate Watch,Bunker Fuels,All GHG,MtCO₂e,0.07,0.04,0.03,0.07,0.07,0.07,0.07,0.07,0.04,0.09,0.05,0.05,0.06,0.05,0.06,0.06,0.08,0.07,0.07,0.06,0.11,0.11,0.09,0.09,0.07,0.06,0.06,0.07,N/A,0.04,0.04,0.06,0.07
HTI,Haiti,Climate Watch,Electricity/Heat,All GHG,MtCO₂e,0.83,0.85,0.84,0.87,0.86,0.93,1.0,0.94,0.94,0.91,0.88,0.82,0.52,0.26,0.24,0.24,0.18,0.17,0.17,0.17,0.22,0.2,0.19,0.2,0.26,0.35,0.24,0.16,0.03,0.08,0.13,0.22,0.25
HTI,Haiti,Climate Watch,Building,All GHG,MtCO₂e,2.15,2.17,2.16,2.23,2.2,2.17,2.15,2.12,1.95,2.15,2.01,1.97,1.93,1.88,1.86,1.81,1.8,1.75,1.7,1.71,1.62,1.66,1.68,1.5,1.42,1.39,1.36,1.33,1.25,1.25,1.22,1.21,1.2
HTI,Haiti,Climate Watch,Manufacturing/Construction,All GHG,MtCO₂e,0.59,0.6,0.62,0.64,0.63,0.62,0.61,0.6,0.68,0.48,0.36,0.56,0.54,0.47,0.52,0.52,0.4,0.39,0.37,0.44,0.46,0.26,0.26,0.36,0.32,0.26,0.16,0.15,0.03,0.14,0.23,0.23,0.19
HTI,Haiti,Climate Watch,Transportation,All GHG,MtCO₂e,1.4,1.43,1.45,1.5,1.5,1.48,1.46,1.44,1.19,0.92,0.99,1.13,1.1,0.96,0.94,0.97,0.8,0.8,0.79,0.81,0.84,0.8,0.72,0.68,0.65,0.59,0.58,0.52,0.12,0.39,0.42,0.41,0.44
HTI,Haiti,Climate Watch,Fugitive Emissions,All GHG,MtCO₂e,0.0,0.0,0.0,0.0,0.0,0.0,0.0,0.0,0.0,0.0,0.0,0.0,0.0,0.0,0.0,0.0,0.0,0.0,0.0,0.0,0.0,0.0,0.0,0.0,0.0,0.0,0.0,0.0,0.0,0.0,0.0,0.0,0.0
HUN,Hungary,Climate Watch,Total excluding LUCF,All GHG,MtCO₂e,59.04,62.91,61.54,63.13,63.11,63.11,60.93,59.83,56.92,57.03,59.35,62.94,63.73,63.71,69.3,70.68,73.18,73.9,74.65,75.88,73.36,74.91,73.1,76.1,75.39,75.49,77.1,75.02,76.46,76.65,76.12,85.74,90.49
HUN,Hungary,Climate Watch,Total including LUCF,All GHG,MtCO₂e,60.86,64.71,63.34,64.93,64.94,64.95,62.77,61.1,58.2,58.3,60.63,64.21,65.93,65.91,71.5,72.89,75.39,76.09,76.85,78.13,75.65,77.21,74.63,77.62,76.92,77.02,78.64,76.56,77.98,78.17,77.65,87.26,92.01
HUN,Hungary,Climate Watch,Energy,All GHG,MtCO₂e,45.24,47.93,46.63,48.4,48.51,48.75,46.59,45.77,43.07,43.42,45.93,49.54,50.31,49.96,54.82,55.68,57.5,58.14,58.48,60.46,57.95,58.74,57.23,60.77,60.3,60.08,61.68,60.58,61.02,61.61,61.26,68.08,70.29
HUN,Hungary,Climate Watch,Industrial Processes,All GHG,MtCO₂e,3.27,3.38,3.23,3.23,3.05,2.87,2.83,2.91,2.66,2.34,2.39,2.23,2.29,2.43,2.68,3.38,3.93,3.95,3.86,3.44,3.28,3.73,3.58,3.01,3.07,3.21,3.18,2.77,3.33,2.56,1.99,2.98,5.03
HUN,Hungary,Climate Watch,Agriculture,All GHG,MtCO₂e,7.02,8.03,8.11,7.89,7.92,7.83,7.85,7.36,7.32,7.26,6.8,6.98,6.78,6.92,7.43,7.18,7.29,7.28,7.72,7.38,7.57,7.94,7.8,7.9,7.66,7.89,7.98,7.42,7.91,8.3,8.76,10.62,11.19
HUN,Hungary,Climate Watch,Waste,All GHG,MtCO₂e,3.52,3.56,3.58,3.61,3.63,3.65,3.65,3.79,3.87,4.01,4.24,4.19,4.35,4.4,4.39,4.44,4.47,4.52,4.58,4.6,4.57,4.5,4.5,4.42,4.36,4.31,4.26,4.25,4.2,4.16,4.11,4.06,3.98
HUN,Hungary,Climate Watch,Land-Use Change and Forestry,All GHG,MtCO₂e,1.82,1.8,1.8,1.8,1.83,1.84,1.84,1.27,1.28,1.27,1.28,1.27,2.2,2.19,2.19,2.21,2.21,2.2,2.2,2.26,2.28,2.3,1.53,1.52,1.52,1.53,1.54,1.54,1.52,1.52,1.52,1.52,1.52
HUN,Hungary,Climate Watch,Bunker Fuels,All GHG,MtCO₂e,0.77,0.37,0.3,0.84,0.83,0.67,0.58,0.54,0.53,0.5,0.51,0.72,0.71,0.71,0.83,0.75,0.82,0.81,0.7,0.61,0.63,0.66,0.71,0.63,0.59,0.55,0.58,0.55,0.57,0.38,0.41,0.39,0.5
HUN,Hungary,Climate Watch,Electricity/Heat,All GHG,MtCO₂e,11.22,12.06,13.08,13.3,13.78,14.45,13.99,13.81,13.36,13.55,15.93,16.7,17.39,17.0,20.1,20.89,20.01,19.69,21.59,23.63,22.64,24.06,23.87,26.63,26.97,26.12,25.09,24.75,24.39,24.98,24.64,24.22,23.48
HUN,Hungary,Climate Watch,Building,All GHG,MtCO₂e,9.93,11.51,10.75,10.23,10.58,11.37,11.04,10.64,9.82,10.96,11.43,12.88,13.43,12.72,12.59,12.5,15.18,16.68,15.9,15.9,14.46,14.47,13.55,13.58,13.03,14.03,15.11,14.71,15.58,15.54,14.62,18.77,17.83
HUN,Hungary,Climate Watch,Manufacturing/Construction,All GHG,MtCO₂e,5.97,6.93,6.63,6.68,6.82,6.54,5.89,5.82,5.42,5.66,4.99,5.75,4.38,4.1,5.58,5.7,5.79,5.95,5.83,5.92,6.07,6.02,5.78,6.23,6.44,6.89,8.56,8.32,8.4,8.89,9.49,11.78,14.08
HUN,Hungary,Climate Watch,Transportation,All GHG,MtCO₂e,15.06,13.95,12.6,14.69,13.86,13.04,12.26,12.23,11.21,10.05,10.77,11.11,11.95,13.14,13.22,13.28,12.9,12.07,11.15,10.66,10.2,9.58,9.1,9.18,8.63,7.75,7.32,7.33,7.13,7.32,7.34,7.59,8.67
HUN,Hungary,Climate Watch,Other Fuel Combustion,All GHG,MtCO₂e,1.42,1.66,1.72,1.62,1.57,1.47,1.57,1.41,1.39,1.29,0.89,1.13,1.15,1.01,1.2,1.12,1.25,1.25,1.3,1.42,1.54,1.52,1.69,1.8,1.77,1.78,2.06,1.98,1.97,1.56,1.98,2.34,2.89
HUN,Hungary,Climate Watch,Fugitive Emissions,All GHG,MtCO₂e,1.63,1.82,1.86,1.88,1.9,1.89,1.85,1.86,1.88,1.91,1.92,1.97,2.01,2.0,2.13,2.2,2.38,2.49,2.7,2.93,3.04,3.09,3.25,3.35,3.46,3.51,3.53,3.49,3.54,3.33,3.19,3.38,3.33
IDN,Indonesia,Climate Watch,Total excluding LUCF,All GHG,MtCO₂e,1075.11,971.79,948.51,989.85,950.34,883.61,847.16,853.37,849.3,808.91,838.97,835.47,774.0,751.87,735.93,743.41,735.04,714.4,719.48,715.34,695.79,696.91,684.79,683.33,664.32,657.53,632.22,609.64,573.86,550.41,531.72,507.39,485.85
IDN,Indonesia,Climate Watch,Total including LUCF,All GHG,MtCO₂e,1543.17,1449.39,1449.43,1893.29,1617.58,1364.58,1363.67,2009.98,1966.06,1586.04,1643.27,1624.03,1068.54,1437.32,1030.94,1048.76,1625.05,1195.06,1479.12,1124.38,1471.27,974.7,1147.86,1223.3,1336.88,2128.37,1129.81,1282.12,1244.87,1221.44,1202.76,1178.43,1156.89
IDN,Indonesia,Climate Watch,Energy,All GHG,MtCO₂e,740.27,635.8,614.03,657.72,616.57,558.89,535.3,543.08,541.98,513.43,543.85,539.12,474.82,446.32,426.87,430.96,417.24,392.17,389.23,383.95,355.58,352.59,333.91,337.7,321.88,319.07,295.18,281.14,257.21,241.77,227.9,219.53,201.52
IDN,Indonesia,Climate Watch,Industrial Processes,All GHG,MtCO₂e,39.82,41.5,39.61,40.89,40.03,37.88,35.48,31.74,31.66,30.34,28.66,26.07,24.05,23.77,24.45,23.18,22.22,21.34,21.58,19.97,20.17,20.18,18.0,15.48,14.49,17.53,15.75,14.71,13.95,12.16,11.07,10.45,9.1
IDN,Indonesia,Climate Watch,Agriculture,All GHG,MtCO₂e,154.42,155.14,156.83,154.75,158.91,153.67,144.91,148.84,147.78,142.52,149.08,145.67,143.27,142.69,138.28,135.7,134.79,132.85,133.39,128.9,130.29,127.14,128.66,129.61,131.21,128.22,132.82,129.81,123.54,122.73,125.27,117.51,118.27
IDN,Indonesia,Climate Watch,Waste,All GHG,MtCO₂e,140.6,139.36,138.04,136.5,134.84,133.17,131.47,129.71,127.88,122.63,117.38,124.61,131.85,139.09,146.33,153.57,160.8,168.04,175.28,182.52,189.75,196.99,204.23,200.55,196.74,192.7,188.47,183.99,179.16,173.76,167.49,159.89,156.96
IDN,Indonesia,Climate Watch,Land-Use Change and Forestry,All GHG,MtCO₂e,468.06,477.6,500.93,903.44,667.23,480.97,516.51,1156.61,1116.76,777.12,804.3,788.56,294.54,685.45,295.01,305.36,890.01,480.66,759.64,409.05,775.48,277.79,463.07,539.96,672.56,1470.84,497.59,672.47,671.01,671.03,671.04,671.04,671.04
IDN,Indonesia,Climate Watch,Bunker Fuels,All GHG,MtCO₂e,2.49,1.66,2.32,5.21,5.83,5.71,5.36,4.94,4.84,4.78,4.52,4.28,4.35,3.46,3.28,3.1,2.95,2.79,1.89,2.28,1.67,1.55,1.6,1.64,2.09,2.21,1.54,2.49,1.73,1.78,1.74,1.67,2.7
IDN,Indonesia,Climate Watch,Electricity/Heat,All GHG,MtCO₂e,315.88,260.54,247.35,247.29,241.87,218.64,207.18,196.2,194.43,174.2,169.36,176.62,149.47,153.74,153.01,139.11,130.58,124.49,120.01,121.82,109.55,100.29,89.61,95.83,98.81,88.97,77.7,74.43,64.04,62.85,56.3,54.22,47.87
IDN,Indonesia,Climate Watch,Building,All GHG,MtCO₂e,29.77,30.75,29.27,29.2,29.66,29.19,28.74,29.17,30.84,30.92,30.6,29.9,30.07,32.0,36.64,39.79,40.0,43.4,45.04,44.56,44.38,45.76,46.04,43.69,39.08,38.51,38.22,36.82,35.19,34.63,34.45,33.32,32.64
IDN,Indonesia,Climate Watch,Manufacturing/Construction,All GHG,MtCO₂e,162.14,131.92,132.33,148.19,113.1,92.51,86.83,102.2,90.31,80.13,120.44,137.37,127.29,101.19,92.47,112.26,105.62,82.15,81.12,75.59,59.82,63.08,58.86,62.15,48.48,51.75,47.71,47.56,38.62,32.94,29.87,28.37,28.49
IDN,Indonesia,Climate Watch,Transportation,All GHG,MtCO₂e,151.89,138.74,130.43,152.73,151.57,138.83,131.8,135.4,140.18,139.59,132.84,111.25,91.4,83.78,73.93,69.56,67.94,71.55,72.51,70.86,69.53,68.25,64.1,60.12,60.53,61.99,55.8,50.35,46.35,41.38,38.76,36.65,32.93
IDN,Indonesia,Climate Watch,Other Fuel Combustion,All GHG,MtCO₂e,3.66,3.39,2.87,3.21,4.92,6.23,6.77,7.07,9.89,10.91,12.09,9.58,7.71,9.08,9.13,9.34,9.73,11.0,12.19,10.95,11.63,11.93,11.4,8.9,6.58,6.2,6.33,5.85,5.59,5.33,4.66,3.84,3.85
IDN,Indonesia,Climate Watch,Fugitive Emissions,All GHG,MtCO₂e,76.94,70.45,71.77,77.1,75.45,73.49,73.98,73.04,76.33,77.68,78.53,74.4,68.89,66.54,61.68,60.89,63.37,59.57,58.35,60.16,60.66,63.28,63.9,67.02,68.39,71.65,69.44,66.13,67.42,64.64,63.85,63.14,55.74
IND,India,Climate Watch,Total excluding LUCF,All GHG,MtCO₂e,3836.09,3609.31,3359.91,3538.89,3535.91,3395.9,3278.64,3241.55,3195.74,3007.28,2940.05,2791.35,2668.46,2549.81,2444.03,2326.51,2181.82,2083.77,2010.3,1922.78,1881.51,1862.4,1841.48,1800.07,1720.02,1690.86,1630.65,1578.97,1510.94,1461.86,1425.97,1399.28,1344.39
IND,India,Climate Watch,Total including LUCF,All GHG,MtCO₂e,3805.03,3584.74,3326.2,3507.03,3506.66,3367.94,3247.88,3179.0,3134.57,2947.22,2884.2,2729.53,2680.84,2564.09,2450.97,2335.8,2188.97,2090.59,2019.2,1929.69,1885.83,1867.02,1620.92,1580.92,1499.21,1470.03,1410.07,1361.15,1293.11,1244.03,1208.14,1181.45,1126.56
IND,India,Climate Watch,Energy,All GHG,MtCO₂e,2748.11,2546.81,2323.6,2506.73,2518.6,2406.97,2294.14,2270.77,2235.1,2059.55,2006.37,1863.75,1759.55,1656.41,1552.33,1448.7,1326.0,1248.88,1199.73,1126.81,1099.37,1066.76,1052.06,1014.25,953.4,939.25,893.62,859.16,805.39,770.75,747.21,732.43,689.0
IND,India,Climate Watch,Industrial Processes,All GHG,MtCO₂e,204.99,186.52,157.24,175.86,168.97,148.78,148.9,140.91,137.73,128.35,119.39,109.14,102.54,97.88,89.95,85.14,81.82,76.7,73.35,69.48,68.51,66.93,66.94,64.66,55.33,54.05,50.81,47.42,43.87,41.17,39.82,38.72,34.93
IND,India,Climate Watch,Agriculture,All GHG,MtCO₂e,789.77,783.65,787.7,766.34,757.44,748.33,742.87,739.2,734.32,732.88,729.87,736.12,726.1,716.47,723.92,716.05,698.6,684.01,664.26,654.73,643.1,659.39,654.38,659.42,655.91,648.54,643.56,636.08,631.75,624.02,617.24,610.86,603.46
IND,India,Climate Watch,Waste,All GHG,MtCO₂e,93.22,92.34,91.37,89.97,90.9,91.83,92.74,90.66,88.58,86.5,84.42,82.34,80.26,79.04,77.83,76.61,75.4,74.18,72.97,71.75,70.54,69.32,68.11,61.75,55.38,49.02,42.66,36.3,29.94,25.93,21.71,17.27,17.0
IND,India,Climate Watch,Land-Use Change and Forestry,All GHG,MtCO₂e,-31.06,-24.57,-33.71,-31.86,-29.25,-27.96,-30.76,-62.55,-61.17,-60.05,-55.84,-61.82,12.38,14.28,6.94,9.29,7.15,6.82,8.89,6.91,4.31,4.62,-220.56,-219.15,-220.81,-220.83,-220.59,-217.82,-217.83,-217.83,-217.83,-217.83,-217.83
IND,India,Climate Watch,Bunker Fuels,All GHG,MtCO₂e,15.59,11.02,10.05,17.4,18.12,17.25,16.5,15.36,14.4,13.97,13.62,14.51,14.08,13.39,12.61,12.85,11.38,9.8,9.14,8.15,7.45,7.35,7.27,7.07,6.72,6.62,6.68,6.4,5.88,5.44,4.98,4.9,5.15
IND,India,Climate Watch,Electricity/Heat,All GHG,MtCO₂e,1396.73,1253.89,1152.43,1249.71,1251.94,1174.33,1113.79,1122.24,1133.54,1013.23,992.02,863.96,822.61,792.09,726.14,706.38,642.12,602.13,587.19,538.61,515.67,507.42,493.23,461.52,419.85,403.75,389.73,366.39,321.17,308.07,279.72,260.03,232.87
IND,India,Climate Watch,Building,All GHG,MtCO₂e,242.99,238.85,234.39,233.34,229.16,224.64,222.45,218.55,214.63,210.69,208.7,208.11,202.51,198.32,193.12,190.06,187.04,184.64,182.79,179.49,176.46,172.19,174.55,174.57,170.85,172.73,166.37,163.84,161.28,155.99,155.01,155.17,151.86
IND,India,Climate Watch,Manufacturing/Construction,All GHG,MtCO₂e,616.29,601.26,524.6,562.21,577.44,567.2,537.22,523.07,506.41,469.52,440.87,448.1,398.76,346.9,315.55,300.88,265.49,237.44,212.91,202.85,212.1,198.34,196.31,190.5,185.26,175.75,159.38,158.99,166.68,156.68,158.72,155.24,151.01
IND,India,Climate Watch,Transportation,All GHG,MtCO₂e,332.01,302.59,275.22,316.06,313.08,298.19,275.8,263.93,241.38,231.58,226.67,214.18,197.48,182.9,167.01,146.39,123.6,118.25,110.69,102.0,100.17,97.23,97.33,95.45,90.83,87.79,85.77,80.13,72.49,70.17,70.11,68.47,65.88
IND,India,Climate Watch,Other Fuel Combustion,All GHG,MtCO₂e,63.85,60.33,53.95,58.43,60.87,59.33,56.86,55.19,54.59,52.53,55.76,48.75,60.65,62.03,84.74,41.92,47.26,47.97,48.69,48.42,41.48,39.65,38.92,40.8,35.43,45.73,42.16,39.58,37.41,32.55,33.51,33.58,28.72
IND,India,Climate Watch,Fugitive Emissions,All GHG,MtCO₂e,96.23,89.89,83.01,86.98,86.11,83.27,88.02,87.79,84.55,82.0,82.36,80.64,77.55,74.15,65.77,63.07,60.48,58.46,57.47,55.44,53.5,51.92,51.71,51.41,51.17,53.51,50.2,50.23,46.35,47.27,50.15,59.96,58.66
IRL,Ireland,Climate Watch,Total excluding LUCF,All GHG,MtCO₂e,61.52,62.9,60.2,62.41,64.29,66.99,67.86,64.94,63.06,62.68,63.58,62.14,66.08,67.31,72.73,73.67,75.25,74.78,73.29,73.87,72.76,74.07,71.84,68.62,66.85,63.61,62.27,60.92,60.17,58.76,58.13,57.97,57.37
IRL,Ireland,Climate Watch,Total including LUCF,All GHG,MtCO₂e,68.44,69.85,67.16,69.38,71.35,74.07,74.95,72.58,70.7,70.34,71.24,69.81,73.87,75.11,80.56,81.53,83.12,82.66,81.18,81.79,80.71,82.03,79.47,76.27,74.54,71.3,70.02,68.7,67.98,66.57,65.94,65.77,65.18
IRL,Ireland,Climate Watch,Energy,All GHG,MtCO₂e,33.53,34.27,32.5,34.52,36.21,36.52,37.88,36.07,34.72,35.21,36.46,36.16,39.92,39.97,44.53,44.96,45.67,45.0,43.07,43.37,42.76,43.69,41.53,39.46,38.07,35.5,34.55,33.25,32.67,31.69,31.52,31.54,30.98
IRL,Ireland,Climate Watch,Industrial Processes,All GHG,MtCO₂e,3.1,3.18,2.78,3.06,3.09,3.33,3.37,3.15,2.97,2.55,2.59,2.41,2.54,2.78,3.58,3.81,3.78,3.79,3.54,3.31,2.84,3.09,3.08,2.36,2.08,2.26,1.99,1.79,1.71,1.54,1.53,1.54,1.82
IRL,Ireland,Climate Watch,Agriculture,All GHG,MtCO₂e,24.06,24.59,24.02,23.93,24.07,26.19,25.63,24.76,24.5,24.26,24.05,23.01,23.17,24.1,23.95,24.08,24.5,24.72,25.21,25.42,25.4,25.62,25.67,25.24,25.15,24.36,23.94,23.95,23.92,23.71,23.3,23.18,22.96
IRL,Ireland,Climate Watch,Waste,All GHG,MtCO₂e,0.84,0.86,0.89,0.89,0.93,0.95,0.99,0.96,0.87,0.66,0.48,0.57,0.45,0.46,0.66,0.82,1.3,1.26,1.47,1.77,1.76,1.67,1.56,1.56,1.56,1.49,1.78,1.92,1.88,1.83,1.77,1.7,1.61
IRL,Ireland,Climate Watch,Land-Use Change and Forestry,All GHG,MtCO₂e,6.92,6.95,6.97,6.97,7.06,7.08,7.08,7.64,7.64,7.66,7.67,7.67,7.78,7.8,7.83,7.85,7.87,7.88,7.89,7.92,7.95,7.96,7.63,7.66,7.69,7.69,7.75,7.78,7.81,7.81,7.81,7.81,7.81
IRL,Ireland,Climate Watch,Bunker Fuels,All GHG,MtCO₂e,3.34,1.82,1.64,3.71,3.76,3.47,3.04,2.96,2.6,2.34,2.11,2.37,2.61,1.98,2.96,3.28,2.85,2.73,2.55,2.73,2.7,2.62,2.24,2.06,1.78,1.72,1.53,1.5,1.27,1.46,0.97,1.12,1.11
IRL,Ireland,Climate Watch,Electricity/Heat,All GHG,MtCO₂e,10.08,10.35,8.84,9.39,10.69,12.05,12.91,12.15,11.47,11.65,13.05,12.14,13.54,13.14,14.66,14.94,15.31,15.64,15.14,15.54,16.41,17.06,15.74,15.62,15.13,14.3,13.78,13.18,12.67,12.21,12.2,11.47,10.9
IRL,Ireland,Climate Watch,Building,All GHG,MtCO₂e,7.19,8.29,8.66,8.26,8.54,7.94,8.38,8.18,7.61,8.54,8.61,9.02,10.37,10.02,10.53,9.71,9.92,10.09,9.58,9.51,9.18,9.29,8.94,8.84,9.01,8.52,8.77,8.69,8.9,8.88,8.94,9.75,10.05
IRL,Ireland,Climate Watch,Manufacturing/Construction,All GHG,MtCO₂e,3.75,4.04,4.09,4.05,4.14,3.91,3.73,3.58,3.6,3.36,3.21,3.17,3.53,3.46,4.57,4.76,5.18,5.21,5.02,4.95,4.8,5.14,5.18,4.45,4.29,4.36,4.04,4.2,4.23,4.05,3.89,4.22,4.14
IRL,Ireland,Climate Watch,Transportation,All GHG,MtCO₂e,11.54,10.86,10.19,12.1,12.11,11.94,12.21,11.54,11.39,10.96,10.81,11.02,11.62,12.44,13.71,14.54,14.2,12.97,12.27,11.55,11.35,11.14,10.64,9.56,8.66,7.34,6.98,6.01,5.85,5.63,5.59,5.21,5.02
IRL,Ireland,Climate Watch,Other Fuel Combustion,All GHG,MtCO₂e,0.89,0.62,0.62,0.63,0.62,0.58,0.55,0.53,0.56,0.62,0.69,0.72,0.76,0.82,0.95,0.9,0.95,1.01,0.96,0.98,0.93,0.95,0.93,0.91,0.88,0.88,0.87,1.07,0.91,0.81,0.8,0.78,0.75
IRL,Ireland,Climate Watch,Fugitive Emissions,All GHG,MtCO₂e,0.08,0.1,0.1,0.1,0.11,0.1,0.1,0.1,0.1,0.09,0.09,0.09,0.1,0.09,0.1,0.11,0.1,0.09,0.1,0.84,0.09,0.11,0.1,0.09,0.09,0.11,0.11,0.11,0.11,0.11,0.1,0.11,0.12
IRN,Iran,Climate Watch,Total excluding LUCF,All GHG,MtCO₂e,990.27,979.65,909.86,892.55,862.91,871.82,841.57,803.47,806.12,782.98,762.88,766.38,756.48,752.8,732.33,726.4,695.02,655.33,616.2,580.59,543.78,532.05,532.54,503.86,469.75,467.92,450.62,435.15,425.71,386.84,379.04,356.87,328.89
IRN,Iran,Climate Watch,Total including LUCF,All GHG,MtCO₂e,990.34,979.72,909.92,892.61,862.97,871.88,841.62,803.47,806.12,782.98,762.88,766.39,712.28,708.53,688.06,682.13,650.75,611.06,571.93,536.32,499.51,487.78,512.14,483.49,449.35,447.52,430.26,414.74,405.31,366.44,358.63,336.46,308.48
IRN,Iran,Climate Watch,Energy,All GHG,MtCO₂e,879.96,866.98,798.18,786.3,764.13,775.24,742.12,705.3,705.88,675.24,656.84,664.25,654.52,656.94,640.58,633.96,604.42,567.8,530.02,497.51,462.17,451.99,440.51,416.39,386.38,391.19,380.0,370.14,365.97,336.49,327.7,309.14,281.89
IRN,Iran,Climate Watch,Industrial Processes,All GHG,MtCO₂e,44.49,46.91,47.96,44.06,38.74,38.07,38.47,38.76,41.98,43.52,41.62,39.1,35.65,29.76,26.3,23.66,20.99,19.83,19.6,18.21,17.83,16.81,15.15,13.97,13.08,12.08,11.13,10.89,10.56,10.19,9.95,9.75,9.01
IRN,Iran,Climate Watch,Agriculture,All GHG,MtCO₂e,38.32,38.3,36.33,34.88,32.87,31.44,33.9,32.48,31.58,38.0,38.44,37.51,40.99,41.09,40.79,44.46,45.56,43.86,43.08,41.8,41.07,40.8,40.9,41.78,42.84,41.47,40.57,39.47,38.81,38.11,39.35,35.99,36.07
IRN,Iran,Climate Watch,Waste,All GHG,MtCO₂e,27.51,27.46,27.4,27.31,27.17,27.07,27.07,26.93,26.68,26.22,25.98,25.52,25.32,25.02,24.66,24.32,24.06,23.84,23.51,23.08,22.71,22.45,35.99,31.72,27.45,23.18,18.91,14.65,10.38,2.05,2.04,1.99,1.91
IRN,Iran,Climate Watch,Land-Use Change and Forestry,All GHG,MtCO₂e,0.07,0.07,0.06,0.06,0.06,0.06,0.06,0.0,0.0,0.0,0.0,0.0,-44.2,-44.27,-44.27,-44.27,-44.27,-44.27,-44.27,-44.27,-44.27,-44.27,-20.4,-20.38,-20.4,-20.4,-20.36,-20.41,-20.41,-20.41,-20.41,-20.41,-20.41
IRN,Iran,Climate Watch,Bunker Fuels,All GHG,MtCO₂e,6.92,6.19,3.85,5.62,6.93,6.56,8.6,16.86,13.09,11.13,7.55,10.76,11.33,10.2,8.23,6.67,6.37,5.76,5.45,5.29,5.15,5.19,5.09,4.74,4.67,4.73,4.26,3.97,3.86,3.54,3.31,3.26,2.82
IRN,Iran,Climate Watch,Electricity/Heat,All GHG,MtCO₂e,250.14,246.85,231.46,215.29,203.66,206.8,191.0,192.67,191.38,187.73,178.12,171.32,164.15,162.36,157.77,145.31,137.67,130.68,118.91,107.5,102.82,97.12,91.22,89.56,70.66,68.87,64.98,61.74,57.92,54.44,45.98,45.0,41.96
IRN,Iran,Climate Watch,Building,All GHG,MtCO₂e,153.72,150.56,151.05,145.31,121.94,125.38,133.6,124.77,122.82,123.8,114.22,124.2,121.36,126.31,123.33,130.96,122.09,110.43,105.68,98.0,96.09,87.85,86.77,80.82,80.45,79.43,77.13,71.7,69.51,55.38,56.28,45.43,40.99
IRN,Iran,Climate Watch,Manufacturing/Construction,All GHG,MtCO₂e,133.15,131.69,119.22,110.16,94.21,96.63,91.99,88.56,93.19,87.43,87.55,84.76,84.4,78.65,79.71,74.91,61.66,58.13,51.92,49.1,45.06,43.83,43.55,42.89,38.4,42.74,37.38,43.45,41.62,36.61,44.99,46.01,37.44
IRN,Iran,Climate Watch,Transportation,All GHG,MtCO₂e,146.41,145.55,132.38,147.46,142.12,138.73,133.97,142.94,144.95,131.76,127.17,120.14,119.93,128.43,118.16,113.32,113.98,107.55,99.36,93.68,88.65,82.22,78.29,72.87,65.26,62.71,61.33,57.03,58.09,51.01,45.22,43.33,40.08
IRN,Iran,Climate Watch,Other Fuel Combustion,All GHG,MtCO₂e,18.61,18.14,16.68,13.08,12.49,12.25,11.37,11.94,11.92,12.4,12.09,11.87,13.31,13.16,12.69,19.77,18.05,14.89,13.26,12.17,13.33,19.08,15.06,14.87,13.64,12.13,12.68,12.78,13.36,13.37,15.74,13.16,12.3
IRN,Iran,Climate Watch,Fugitive Emissions,All GHG,MtCO₂e,177.92,174.19,147.39,155.0,189.7,195.45,180.2,144.43,141.62,132.12,137.69,151.95,151.37,148.03,148.93,149.69,150.98,146.12,140.89,137.07,116.22,121.88,125.63,115.38,117.98,125.31,126.51,123.44,125.48,125.7,119.48,116.22,109.12
IRQ,Iraq,Climate Watch,Total excluding LUCF,All GHG,MtCO₂e,323.13,295.92,277.76,295.77,277.53,263.3,248.77,224.66,217.99,219.05,205.9,181.76,171.72,155.27,145.06,128.73,133.09,133.06,136.05,119.9,139.67,149.11,138.4,121.37,134.74,151.28,122.39,123.72,125.14,109.54,82.5,57.56,99.95
IRQ,Iraq,Climate Watch,Total including LUCF,All GHG,MtCO₂e,323.62,296.42,278.26,296.26,278.02,263.8,249.26,224.74,218.07,219.13,205.98,181.85,171.67,155.22,145.01,128.67,133.03,133.01,136.0,119.84,139.62,149.06,138.3,121.25,134.61,151.15,122.26,123.59,125.01,109.42,82.37,57.44,99.82
IRQ,Iraq,Climate Watch,Energy,All GHG,MtCO₂e,270.91,245.36,228.48,247.44,233.38,223.59,211.02,189.34,181.96,182.8,171.38,148.68,141.12,126.04,118.31,104.21,109.9,111.13,116.34,101.85,116.3,127.42,119.08,103.09,118.3,135.98,108.36,109.27,110.97,96.14,71.51,46.93,84.37
IRQ,Iraq,Climate Watch,Industrial Processes,All GHG,MtCO₂e,22.01,20.06,19.1,18.56,17.21,13.03,12.49,11.14,10.23,10.83,9.45,8.87,7.43,6.6,6.01,4.74,3.96,3.31,2.68,2.17,4.77,3.88,3.5,3.03,1.63,1.49,1.43,1.65,1.61,1.59,1.45,2.82,5.44
IRQ,Iraq,Climate Watch,Agriculture,All GHG,MtCO₂e,7.54,8.46,8.78,9.04,6.87,7.27,6.65,6.19,8.4,8.75,9.06,8.76,8.26,8.35,7.04,6.66,6.56,6.49,5.51,4.97,8.33,8.19,6.85,6.93,7.14,6.81,6.27,7.15,7.64,7.63,6.12,5.12,7.47
IRQ,Iraq,Climate Watch,Waste,All GHG,MtCO₂e,22.67,22.04,21.41,20.73,20.07,19.41,18.6,17.98,17.4,16.67,16.0,15.46,14.91,14.28,13.71,13.11,12.66,12.14,11.52,10.9,10.27,9.63,8.98,8.32,7.67,7.0,6.33,5.64,4.93,4.18,3.43,2.69,2.67
IRQ,Iraq,Climate Watch,Land-Use Change and Forestry,All GHG,MtCO₂e,0.5,0.5,0.5,0.5,0.5,0.5,0.5,0.08,0.08,0.08,0.08,0.08,-0.05,-0.05,-0.05,-0.05,-0.05,-0.05,-0.05,-0.05,-0.05,-0.05,-0.11,-0.12,-0.13,-0.13,-0.13,-0.13,-0.13,-0.13,-0.13,-0.13,-0.13
IRQ,Iraq,Climate Watch,Bunker Fuels,All GHG,MtCO₂e,1.3,1.13,0.99,1.63,1.64,1.58,2.8,2.23,2.13,1.71,1.5,2.83,2.73,2.94,2.75,2.63,2.54,2.34,2.21,1.83,2.1,2.21,2.14,1.76,1.68,1.44,1.28,1.3,1.34,1.16,1.03,0.94,1.41
IRQ,Iraq,Climate Watch,Electricity/Heat,All GHG,MtCO₂e,105.45,91.26,85.84,87.43,79.57,76.93,71.23,60.91,62.32,54.79,43.13,43.14,42.84,34.08,28.92,17.92,25.33,28.4,34.14,33.39,32.46,35.51,28.83,18.93,41.37,70.53,53.03,53.86,54.9,46.68,29.75,14.3,16.71
IRQ,Iraq,Climate Watch,Building,All GHG,MtCO₂e,9.46,9.75,9.49,9.44,9.32,9.02,8.09,7.24,8.92,12.13,12.13,11.02,10.91,10.51,12.67,11.15,10.64,9.83,7.63,6.9,7.12,7.11,6.89,5.87,5.89,5.74,5.65,5.18,6.26,5.46,4.81,3.9,6.21
IRQ,Iraq,Climate Watch,Manufacturing/Construction,All GHG,MtCO₂e,14.68,13.14,11.44,12.71,11.88,10.23,8.75,7.96,9.1,12.23,14.14,8.4,7.57,7.12,6.74,8.08,6.76,7.02,7.48,7.06,9.85,10.88,10.49,10.11,9.79,9.83,10.33,10.19,10.38,9.63,8.7,6.91,7.82
IRQ,Iraq,Climate Watch,Transportation,All GHG,MtCO₂e,42.01,36.51,29.39,35.31,33.2,28.45,25.15,24.63,25.71,32.43,33.93,30.62,28.72,25.89,25.21,26.28,26.51,26.68,24.72,22.09,28.43,29.5,26.99,24.78,24.78,24.32,24.71,25.3,25.36,25.08,23.83,18.78,22.29
IRQ,Iraq,Climate Watch,Fugitive Emissions,All GHG,MtCO₂e,99.31,94.7,92.31,102.54,99.4,98.96,97.79,88.59,75.9,71.22,68.05,55.48,51.08,48.45,44.76,40.79,40.65,39.2,42.37,32.4,38.44,44.41,45.88,43.39,36.47,25.56,14.63,14.74,14.06,9.29,4.41,3.04,31.34
ISL,Iceland,Climate Watch,Total excluding LUCF,All GHG,MtCO₂e,2.81,2.78,2.67,2.85,2.94,2.88,2.87,3.29,3.19,3.22,3.06,3.09,3.24,3.37,3.69,3.82,3.79,3.35,3.41,3.37,3.42,3.34,3.46,3.42,3.44,3.33,3.38,3.09,3.18,3.1,3.12,3.31,3.42
ISL,Iceland,Climate Watch,Total including LUCF,All GHG,MtCO₂e,3.43,3.39,3.28,3.47,3.55,3.5,3.48,3.9,3.81,3.84,3.67,3.7,3.91,4.04,4.35,4.48,4.46,4.01,4.08,4.04,4.09,4.01,4.17,4.13,4.15,4.04,4.09,3.81,3.89,3.81,3.83,4.02,4.13
ISL,Iceland,Climate Watch,Energy,All GHG,MtCO₂e,1.62,1.58,1.48,1.67,1.73,1.7,1.66,2.07,1.98,2.04,1.89,1.9,1.98,2.11,2.15,2.35,2.28,2.23,2.29,2.22,2.23,2.13,2.19,2.08,2.13,2.14,2.26,1.99,2.08,1.97,1.93,1.9,1.93
ISL,Iceland,Climate Watch,Industrial Processes,All GHG,MtCO₂e,0.32,0.31,0.31,0.31,0.28,0.26,0.29,0.28,0.28,0.28,0.25,0.25,0.3,0.3,0.53,0.46,0.51,0.16,0.17,0.18,0.2,0.24,0.29,0.34,0.32,0.21,0.15,0.16,0.15,0.18,0.27,0.49,0.56
ISL,Iceland,Climate Watch,Agriculture,All GHG,MtCO₂e,0.61,0.62,0.63,0.64,0.65,0.66,0.66,0.66,0.65,0.61,0.63,0.64,0.63,0.63,0.67,0.65,0.64,0.61,0.61,0.62,0.63,0.63,0.66,0.68,0.68,0.67,0.67,0.65,0.67,0.67,0.67,0.69,0.7
ISL,Iceland,Climate Watch,Waste,All GHG,MtCO₂e,0.26,0.26,0.25,0.23,0.27,0.26,0.26,0.28,0.28,0.29,0.28,0.3,0.33,0.33,0.34,0.36,0.36,0.33,0.35,0.35,0.35,0.34,0.33,0.32,0.31,0.32,0.31,0.29,0.28,0.27,0.25,0.24,0.23
ISL,Iceland,Climate Watch,Land-Use Change and Forestry,All GHG,MtCO₂e,0.62,0.62,0.62,0.62,0.61,0.61,0.61,0.61,0.61,0.61,0.61,0.61,0.67,0.67,0.67,0.67,0.67,0.67,0.67,0.67,0.67,0.67,0.71,0.71,0.71,0.71,0.71,0.71,0.71,0.71,0.71,0.71,0.71
ISL,Iceland,Climate Watch,Bunker Fuels,All GHG,MtCO₂e,1.11,0.53,0.33,1.14,1.5,1.34,1.09,0.81,0.62,0.57,0.62,0.61,0.55,0.5,0.65,0.71,0.65,0.61,0.58,0.52,0.51,0.49,0.62,0.52,0.51,0.43,0.38,0.34,0.3,0.29,0.26,0.23,0.32
ISL,Iceland,Climate Watch,Electricity/Heat,All GHG,MtCO₂e,0.01,0.0,0.0,0.0,0.0,0.0,0.01,0.01,0.01,0.01,0.0,0.0,0.0,0.0,0.0,0.01,0.0,0.0,0.0,0.0,0.0,0.0,0.0,0.04,0.02,0.01,0.01,0.01,0.0,0.0,0.0,0.0,0.0
ISL,Iceland,Climate Watch,Building,All GHG,MtCO₂e,0.01,0.01,0.01,0.01,0.01,0.01,0.01,0.01,0.01,0.01,0.01,0.01,0.01,0.01,0.02,0.01,0.01,0.02,0.02,0.02,0.02,0.02,0.03,0.03,0.04,0.03,0.04,0.04,0.04,0.04,0.04,0.04,0.05
ISL,Iceland,Climate Watch,Manufacturing/Construction,All GHG,MtCO₂e,0.06,0.07,0.06,0.08,0.1,0.13,0.14,0.5,0.5,0.52,0.49,0.47,0.5,0.51,0.62,0.71,0.73,0.8,0.84,0.78,0.83,0.79,0.77,0.58,0.63,0.64,0.64,0.52,0.56,0.48,0.47,0.49,0.55
ISL,Iceland,Climate Watch,Transportation,All GHG,MtCO₂e,0.97,0.9,0.87,1.04,1.05,1.01,0.95,0.87,0.84,0.84,0.82,0.84,0.87,0.91,0.94,0.99,0.92,0.69,0.69,0.66,0.65,0.65,0.64,0.64,0.63,0.6,0.7,0.63,0.68,0.65,0.65,0.65,0.64
ISL,Iceland,Climate Watch,Other Fuel Combustion,All GHG,MtCO₂e,0.57,0.6,0.53,0.54,0.57,0.55,0.56,0.68,0.62,0.66,0.55,0.57,0.6,0.67,0.57,0.63,0.61,0.72,0.73,0.76,0.72,0.66,0.74,0.78,0.8,0.84,0.87,0.79,0.8,0.79,0.76,0.71,0.67
ISL,Iceland,Climate Watch,Fugitive Emissions,All GHG,MtCO₂e,0.0,0.0,0.01,0.01,0.0,0.0,0.0,0.01,0.01,0.01,0.0,0.01,0.01,0.0,0.0,0.0,0.0,0.0,0.0,0.0,0.0,0.0,0.01,0.01,0.01,0.01,0.01,0.01,0.01,0.01,0.01,0.01,0.01
ISR,Israel,Climate Watch,Total excluding LUCF,All GHG,MtCO₂e,86.65,82.62,81.73,84.99,82.95,86.83,85.6,85.97,84.06,85.92,94.74,88.03,88.18,82.36,82.72,81.88,78.74,74.46,76.03,75.23,72.7,68.99,67.43,62.51,60.26,58.88,55.8,52.56,48.48,44.9,40.53,37.45,36.61
ISR,Israel,Climate Watch,Total including LUCF,All GHG,MtCO₂e,86.73,82.7,81.81,85.08,83.03,86.91,85.69,85.92,84.01,85.88,94.69,87.99,88.17,82.36,82.71,81.88,78.73,74.46,76.03,75.23,72.69,68.98,67.41,62.48,60.24,58.85,55.77,52.54,48.45,44.87,40.5,37.43,36.58
ISR,Israel,Climate Watch,Energy,All GHG,MtCO₂e,60.85,58.23,58.81,62.66,60.65,64.89,64.19,64.98,63.26,65.65,74.57,68.37,69.29,64.63,65.27,65.0,62.7,59.45,61.8,61.58,59.78,56.64,55.35,51.19,49.77,49.72,47.51,45.3,42.25,39.42,35.9,33.65,33.13
ISR,Israel,Climate Watch,Industrial Processes,All GHG,MtCO₂e,15.44,14.25,13.04,12.49,12.27,12.0,11.53,11.3,11.15,10.81,10.75,10.52,10.07,9.35,9.2,8.84,8.33,7.71,7.32,7.09,6.84,6.65,6.8,6.2,5.41,4.22,3.45,2.96,2.43,2.27,1.98,1.77,1.42
ISR,Israel,Climate Watch,Agriculture,All GHG,MtCO₂e,1.52,1.52,1.48,1.54,1.56,1.52,1.49,1.51,1.45,1.44,1.4,1.39,1.3,1.28,1.34,1.4,1.33,1.26,1.25,1.25,1.19,1.26,1.27,1.23,1.31,1.29,1.32,1.24,1.23,1.16,1.14,1.09,1.13
ISR,Israel,Climate Watch,Waste,All GHG,MtCO₂e,8.84,8.61,8.4,8.31,8.46,8.42,8.39,8.18,8.19,8.03,8.02,7.76,7.51,7.1,6.9,6.64,6.38,6.05,5.67,5.31,4.88,4.45,4.01,3.89,3.77,3.65,3.53,3.06,2.57,2.05,1.51,0.94,0.93
ISR,Israel,Climate Watch,Land-Use Change and Forestry,All GHG,MtCO₂e,0.08,0.08,0.08,0.08,0.08,0.08,0.08,-0.05,-0.05,-0.05,-0.05,-0.05,-0.01,-0.01,-0.01,-0.01,-0.01,-0.01,-0.01,-0.01,-0.01,-0.01,-0.02,-0.02,-0.02,-0.02,-0.02,-0.02,-0.02,-0.02,-0.02,-0.02,-0.02
ISR,Israel,Climate Watch,Bunker Fuels,All GHG,MtCO₂e,4.6,2.98,2.57,4.68,4.47,4.04,3.42,3.54,3.0,3.32,3.55,3.61,3.53,3.57,3.73,4.63,4.27,4.08,3.99,4.2,4.21,2.67,3.01,2.4,2.66,2.64,2.59,2.82,2.61,2.54,2.2,2.04,2.0
ISR,Israel,Climate Watch,Electricity/Heat,All GHG,MtCO₂e,35.04,34.34,35.57,36.89,35.69,39.35,39.95,40.96,40.22,43.05,51.21,46.23,44.2,41.21,43.62,44.48,42.9,40.59,41.14,41.22,40.45,37.47,36.17,33.3,32.41,31.26,29.02,27.45,26.17,24.48,22.96,20.19,19.85
ISR,Israel,Climate Watch,Building,All GHG,MtCO₂e,0.88,0.67,0.66,0.69,0.7,0.73,0.7,0.69,N/A,N/A,2.73,2.78,2.66,2.75,2.21,2.52,2.57,2.23,2.64,2.62,1.98,2.11,2.37,1.92,2.1,1.97,1.77,1.66,1.49,1.4,1.37,1.36,1.42
ISR,Israel,Climate Watch,Manufacturing/Construction,All GHG,MtCO₂e,3.61,3.86,4.3,5.04,4.37,4.98,4.17,4.53,5.14,4.93,1.31,0.86,3.03,2.03,1.7,0.98,0.9,0.83,0.88,1.03,1.29,1.31,1.48,1.55,1.69,1.92,2.82,2.94,2.67,2.36,1.63,3.16,3.19
ISR,Israel,Climate Watch,Transportation,All GHG,MtCO₂e,19.16,17.8,16.71,18.6,18.48,18.41,17.92,17.34,16.43,16.28,17.56,16.06,16.84,16.07,16.36,14.85,14.1,13.79,14.5,14.62,14.14,13.59,13.69,12.85,12.08,12.96,12.18,11.55,10.52,9.79,9.3,8.52,8.24
ISR,Israel,Climate Watch,Other Fuel Combustion,All GHG,MtCO₂e,1.5,0.92,1.0,1.04,1.01,1.02,1.03,1.06,1.12,1.06,1.57,2.18,2.29,2.35,1.16,1.99,2.07,1.87,2.54,2.03,1.91,2.14,1.64,1.57,1.49,1.59,1.71,1.7,1.4,1.38,0.63,0.42,0.43
ISR,Israel,Climate Watch,Fugitive Emissions,All GHG,MtCO₂e,0.66,0.64,0.57,0.4,0.4,0.39,0.42,0.38,0.35,0.32,0.18,0.27,0.27,0.22,0.23,0.18,0.17,0.14,0.1,0.05,0.01,0.01,0.01,0.01,0.01,0.01,0.01,0.01,0.01,0.01,0.01,0.01,0.01
ITA,Italy,Climate Watch,Total excluding LUCF,All GHG,MtCO₂e,397.31,395.4,361.25,398.91,408.01,410.63,414.9,419.04,409.11,429.08,460.69,478.95,489.38,479.75,529.15,543.79,550.65,561.56,560.07,547.74,528.03,518.51,519.69,513.62,506.25,494.98,490.79,494.62,469.28,474.06,479.99,482.82,485.47
ITA,Italy,Climate Watch,Total including LUCF,All GHG,MtCO₂e,384.4,382.54,348.34,386.0,395.11,397.79,402.0,384.28,374.36,394.33,425.98,444.2,454.57,444.96,494.36,509.05,515.85,526.76,525.27,512.95,493.23,483.71,485.13,479.04,471.67,460.39,456.2,460.03,434.69,439.47,445.4,448.23,450.88
ITA,Italy,Climate Watch,Energy,All GHG,MtCO₂e,318.81,315.83,282.45,318.12,325.95,330.44,334.35,338.61,327.68,346.73,376.09,392.97,402.05,393.6,439.33,451.56,458.68,465.78,463.55,454.09,435.14,427.7,427.97,425.22,419.22,408.49,405.19,408.05,385.11,389.41,392.33,394.66,395.51
ITA,Italy,Climate Watch,Industrial Processes,All GHG,MtCO₂e,26.31,26.45,24.97,27.79,28.78,27.74,27.88,27.92,29.44,29.83,29.95,32.01,31.89,30.6,33.3,34.89,34.29,37.34,36.85,33.87,31.84,31.22,29.32,27.02,25.85,24.85,23.99,26.11,23.36,24.02,26.23,26.54,26.69
ITA,Italy,Climate Watch,Agriculture,All GHG,MtCO₂e,33.0,33.65,34.11,34.1,34.15,33.32,33.45,32.95,32.65,33.03,33.69,33.1,33.9,33.81,34.87,35.1,35.05,35.16,36.45,35.91,36.98,34.66,38.83,38.91,38.74,38.88,39.45,39.05,40.05,40.55,41.92,42.54,44.88
ITA,Italy,Climate Watch,Waste,All GHG,MtCO₂e,19.19,19.47,19.73,18.9,19.13,19.14,19.22,19.56,19.34,19.5,20.96,20.87,21.54,21.74,21.65,22.24,22.63,23.28,23.21,23.86,24.07,24.92,23.57,22.47,22.45,22.77,22.16,21.41,20.76,20.08,19.51,19.07,18.37
ITA,Italy,Climate Watch,Land-Use Change and Forestry,All GHG,MtCO₂e,-12.91,-12.86,-12.91,-12.92,-12.9,-12.85,-12.9,-34.76,-34.75,-34.75,-34.71,-34.74,-34.8,-34.79,-34.79,-34.73,-34.8,-34.8,-34.79,-34.79,-34.8,-34.8,-34.56,-34.58,-34.58,-34.59,-34.59,-34.59,-34.59,-34.59,-34.59,-34.59,-34.59
ITA,Italy,Climate Watch,Bunker Fuels,All GHG,MtCO₂e,16.56,13.06,12.4,20.57,20.4,17.8,17.14,15.73,15.51,16.16,17.4,17.93,19.24,16.69,18.15,18.13,17.28,16.34,15.8,15.54,14.0,13.5,13.88,12.59,14.36,13.09,12.56,13.74,13.14,13.23,13.12,13.42,13.18
ITA,Italy,Climate Watch,Electricity/Heat,All GHG,MtCO₂e,107.3,97.76,97.52,108.94,113.92,121.73,118.74,121.46,114.32,123.21,144.62,152.6,153.67,147.89,174.11,180.04,180.29,178.32,178.9,165.0,159.35,149.64,153.3,147.83,151.92,148.05,145.82,150.46,137.87,135.27,138.65,139.4,143.86
ITA,Italy,Climate Watch,Building,All GHG,MtCO₂e,55.76,64.48,62.41,64.24,66.27,66.35,66.31,66.33,60.23,71.9,72.42,72.44,79.24,76.36,75.73,71.23,76.81,82.13,76.7,75.33,70.06,73.73,69.96,73.66,69.4,65.7,68.17,66.42,59.84,68.38,68.79,73.67,67.52
ITA,Italy,Climate Watch,Manufacturing/Construction,All GHG,MtCO₂e,38.94,42.15,29.59,31.28,32.34,32.03,34.77,34.97,35.24,38.21,43.47,45.19,45.94,43.36,57.13,60.71,61.93,66.66,68.48,76.67,70.14,71.06,73.54,72.1,68.89,69.15,67.06,68.69,67.7,65.98,67.97,70.13,74.23
ITA,Italy,Climate Watch,Transportation,All GHG,MtCO₂e,106.26,100.46,82.63,103.29,102.54,99.85,104.02,105.4,107.81,103.1,104.95,111.75,111.81,114.46,120.57,127.4,126.96,125.69,126.86,124.6,123.56,121.29,119.15,119.09,116.26,113.01,111.38,109.58,107.23,107.44,105.49,100.3,98.36
ITA,Italy,Climate Watch,Other Fuel Combustion,All GHG,MtCO₂e,7.78,7.81,7.24,7.27,7.78,7.36,7.51,7.38,7.16,7.15,7.29,7.57,7.77,8.13,8.01,8.33,8.79,9.0,8.86,8.85,8.67,8.71,8.68,9.23,9.49,9.44,9.73,9.94,9.72,9.58,8.73,8.48,8.94
ITA,Italy,Climate Watch,Fugitive Emissions,All GHG,MtCO₂e,2.78,3.18,3.06,3.1,3.11,3.12,3.0,3.06,2.91,3.17,3.34,3.43,3.63,3.4,3.78,3.85,3.89,4.0,3.77,3.65,3.36,3.27,3.35,3.31,3.26,3.14,3.04,2.95,2.76,2.77,2.7,2.68,2.6
JAM,Jamaica,Climate Watch,Total excluding LUCF,All GHG,MtCO₂e,11.76,10.87,10.2,11.35,11.24,9.7,9.33,8.78,8.9,9.11,8.65,9.2,9.14,9.53,11.24,13.65,13.74,12.52,12.57,12.66,12.23,12.04,12.01,11.88,11.59,11.04,10.89,10.55,10.2,10.1,9.84,8.9,8.92
JAM,Jamaica,Climate Watch,Total including LUCF,All GHG,MtCO₂e,11.9,11.02,10.35,11.49,11.41,9.86,9.49,9.01,9.12,9.33,8.87,9.41,6.69,7.08,8.79,11.21,11.29,10.07,10.11,10.2,9.77,9.58,12.43,12.29,11.98,11.41,11.26,10.91,10.56,10.46,10.19,9.26,9.27
JAM,Jamaica,Climate Watch,Energy,All GHG,MtCO₂e,9.79,8.9,8.27,9.46,9.36,7.79,7.39,6.83,6.94,7.21,6.79,7.37,7.33,7.67,9.5,11.94,11.93,10.44,10.43,10.46,10.16,9.99,9.98,9.91,9.63,9.13,8.94,8.57,8.31,8.25,8.07,7.36,7.41
JAM,Jamaica,Climate Watch,Industrial Processes,All GHG,MtCO₂e,0.56,0.56,0.52,0.48,0.47,0.52,0.56,0.58,0.57,0.51,0.47,0.45,0.44,0.5,0.41,0.38,0.42,0.39,0.42,0.41,0.37,0.35,0.36,0.32,0.34,0.31,0.34,0.32,0.28,0.27,0.28,0.23,0.25
JAM,Jamaica,Climate Watch,Agriculture,All GHG,MtCO₂e,0.6,0.61,0.61,0.61,0.62,0.61,0.6,0.59,0.62,0.63,0.64,0.62,0.62,0.61,0.63,0.63,0.69,1.01,1.06,1.15,1.08,1.09,1.09,1.08,1.07,1.08,1.11,1.16,1.14,1.17,1.16,1.1,1.04
JAM,Jamaica,Climate Watch,Waste,All GHG,MtCO₂e,0.81,0.8,0.8,0.8,0.79,0.79,0.78,0.77,0.77,0.76,0.75,0.75,0.75,0.75,0.7,0.7,0.7,0.68,0.66,0.64,0.62,0.6,0.59,0.57,0.55,0.53,0.51,0.49,0.47,0.41,0.33,0.22,0.22
JAM,Jamaica,Climate Watch,Land-Use Change and Forestry,All GHG,MtCO₂e,0.14,0.14,0.14,0.14,0.16,0.16,0.16,0.23,0.22,0.22,0.22,0.21,-2.44,-2.44,-2.45,-2.45,-2.45,-2.45,-2.45,-2.45,-2.45,-2.45,0.42,0.41,0.39,0.37,0.37,0.36,0.35,0.35,0.35,0.35,0.35
JAM,Jamaica,Climate Watch,Bunker Fuels,All GHG,MtCO₂e,1.85,1.89,1.8,1.89,1.57,1.7,1.61,1.49,1.25,1.27,0.7,0.9,0.87,0.83,1.33,1.2,1.04,0.87,0.72,0.82,0.81,0.64,0.64,0.6,0.6,0.59,0.59,0.63,0.6,0.58,0.58,0.57,0.57
JAM,Jamaica,Climate Watch,Electricity/Heat,All GHG,MtCO₂e,2.35,2.24,2.2,2.93,2.83,2.77,2.82,2.64,2.52,2.63,2.76,3.01,3.27,3.16,2.82,3.78,3.71,4.32,4.55,5.99,5.71,5.6,5.56,5.54,5.49,5.28,5.1,5.28,4.09,4.8,3.67,1.99,2.06
JAM,Jamaica,Climate Watch,Building,All GHG,MtCO₂e,0.72,0.42,0.41,0.43,0.43,0.4,0.37,0.35,0.29,0.33,0.37,0.35,0.34,0.32,0.35,0.44,0.46,0.41,0.36,0.3,0.29,0.41,0.4,0.41,0.41,0.39,0.4,0.39,0.36,0.37,0.31,0.26,0.34
JAM,Jamaica,Climate Watch,Manufacturing/Construction,All GHG,MtCO₂e,1.46,1.05,1.22,2.29,2.83,1.82,2.23,2.11,2.34,2.52,1.9,1.98,1.64,1.95,4.02,5.14,5.18,3.26,3.16,1.94,1.92,2.03,2.0,1.95,1.81,1.69,1.76,1.44,2.64,1.82,2.92,3.91,3.76
JAM,Jamaica,Climate Watch,Transportation,All GHG,MtCO₂e,2.67,2.43,1.73,2.53,2.32,2.01,1.86,1.7,1.74,1.66,1.56,1.89,1.91,2.05,2.1,2.13,2.21,2.28,2.18,2.13,2.13,1.94,1.99,1.99,1.9,1.75,1.65,1.44,1.2,1.19,1.1,1.06,1.12
JAM,Jamaica,Climate Watch,Other Fuel Combustion,All GHG,MtCO₂e,0.01,0.01,0.03,0.03,0.04,0.03,0.04,0.04,0.04,0.07,0.19,0.13,0.16,0.2,0.21,0.45,0.37,0.18,0.17,0.1,0.1,0.02,0.02,0.02,0.02,0.02,0.02,0.02,0.02,0.06,0.05,0.14,0.12
JAM,Jamaica,Climate Watch,Fugitive Emissions,All GHG,MtCO₂e,2.58,2.75,2.69,1.23,0.92,0.76,0.07,0.0,0.0,0.0,0.0,0.0,0.0,0.0,0.0,0.0,0.0,0.0,0.0,0.0,0.0,0.0,0.0,0.0,0.0,0.0,0.0,0.0,0.0,0.0,0.0,0.0,0.0
JOR,Jordan,Climate Watch,Total excluding LUCF,All GHG,MtCO₂e,32.78,30.87,29.68,31.71,33.25,34.23,32.62,32.83,32.83,30.91,31.04,27.49,26.94,27.29,26.66,27.42,26.27,25.87,24.29,22.79,22.2,21.35,21.18,20.83,21.96,22.96,23.65,24.62,25.17,21.84,18.95,13.9,13.89
JOR,Jordan,Climate Watch,Total including LUCF,All GHG,MtCO₂e,32.78,30.87,29.68,31.71,33.25,34.23,32.62,32.83,32.83,30.91,31.04,27.49,26.94,27.29,26.66,27.42,26.27,25.87,24.29,22.79,22.2,21.35,21.18,20.83,21.96,22.96,23.65,24.62,25.17,21.84,18.95,13.9,13.89
JOR,Jordan,Climate Watch,Energy,All GHG,MtCO₂e,21.94,20.55,19.87,22.16,23.46,24.9,23.62,24.1,24.28,22.63,22.99,20.02,19.11,19.64,18.78,19.88,19.07,18.72,17.44,16.22,15.73,15.23,15.42,13.75,13.74,13.25,12.62,12.35,11.52,10.89,10.75,9.32,9.28
JOR,Jordan,Climate Watch,Industrial Processes,All GHG,MtCO₂e,3.14,2.84,2.62,2.59,3.1,2.9,2.75,2.65,2.63,2.48,2.45,1.94,2.39,2.3,2.47,2.38,2.24,2.23,2.15,1.96,1.96,1.75,1.47,1.53,1.52,1.77,1.88,1.9,2.15,1.85,1.69,0.87,1.09
JOR,Jordan,Climate Watch,Agriculture,All GHG,MtCO₂e,1.21,1.24,1.2,1.23,1.23,1.24,1.33,1.23,1.15,1.1,0.98,0.99,0.97,0.96,1.1,0.92,0.8,0.85,0.74,0.76,0.75,0.7,0.71,0.82,0.79,0.86,0.89,0.95,0.92,1.07,1.05,0.88,0.69
JOR,Jordan,Climate Watch,Waste,All GHG,MtCO₂e,6.5,6.25,5.99,5.73,5.47,5.2,4.93,4.85,4.77,4.7,4.62,4.54,4.47,4.39,4.31,4.24,4.16,4.06,3.96,3.87,3.77,3.67,3.57,4.74,5.91,7.08,8.25,9.42,10.59,8.03,5.45,2.83,2.83
JOR,Jordan,Climate Watch,Land-Use Change and Forestry,All GHG,MtCO₂e,0.0,0.0,0.0,0.0,0.0,0.0,0.0,0.0,0.0,0.0,0.0,0.0,0.0,0.0,0.0,0.0,0.0,0.0,0.0,0.0,0.0,0.0,0.0,0.0,0.0,0.0,0.0,0.0,0.0,0.0,0.0,0.0,0.0
JOR,Jordan,Climate Watch,Bunker Fuels,All GHG,MtCO₂e,1.06,0.8,0.55,1.51,1.26,1.61,1.3,0.93,1.03,1.14,1.16,1.04,1.15,1.12,1.02,1.04,1.07,1.23,0.77,0.88,0.68,0.69,0.9,0.72,0.7,0.87,0.93,0.79,0.72,0.66,0.61,0.46,0.68
JOR,Jordan,Climate Watch,Electricity/Heat,All GHG,MtCO₂e,8.66,8.51,8.68,9.12,9.54,10.52,10.25,11.77,12.59,11.59,11.32,9.94,9.06,8.91,8.77,8.58,7.95,7.44,7.11,7.2,7.12,6.71,6.76,5.86,6.03,5.57,5.4,5.18,4.69,4.57,4.43,3.81,3.45
JOR,Jordan,Climate Watch,Building,All GHG,MtCO₂e,2.28,1.99,2.05,2.2,2.07,2.46,1.95,1.88,1.59,1.54,1.9,1.99,1.83,2.15,2.05,2.46,2.67,2.85,2.72,2.53,2.29,2.28,2.43,2.17,2.06,2.19,2.04,1.36,1.68,1.29,1.41,1.03,1.05
JOR,Jordan,Climate Watch,Manufacturing/Construction,All GHG,MtCO₂e,1.94,1.0,0.96,1.2,1.58,1.65,2.17,1.85,2.37,1.91,2.19,2.08,2.31,2.67,2.62,2.97,3.01,2.96,2.61,2.15,2.09,2.07,2.17,1.99,2.0,1.85,1.75,1.74,1.66,1.3,1.3,1.15,1.31
JOR,Jordan,Climate Watch,Transportation,All GHG,MtCO₂e,8.04,8.13,7.3,8.69,9.23,9.34,8.5,8.02,7.22,7.29,7.04,5.47,5.35,5.29,4.75,5.22,4.88,4.97,4.51,3.93,3.86,3.8,3.68,3.41,3.33,3.29,3.14,3.08,2.82,2.82,2.73,2.59,2.79
JOR,Jordan,Climate Watch,Other Fuel Combustion,All GHG,MtCO₂e,0.7,0.67,0.65,0.73,0.81,0.7,0.54,0.46,0.48,0.24,0.49,0.46,0.4,0.43,0.42,0.49,0.42,0.41,0.39,0.37,0.33,0.33,0.33,0.27,0.27,0.3,0.25,0.94,0.63,0.89,0.86,0.72,0.66
JOR,Jordan,Climate Watch,Fugitive Emissions,All GHG,MtCO₂e,0.32,0.26,0.22,0.22,0.22,0.22,0.21,0.13,0.03,0.07,0.05,0.07,0.15,0.2,0.18,0.16,0.15,0.11,0.1,0.05,0.04,0.04,0.05,0.05,0.05,0.05,0.04,0.05,0.04,0.02,0.02,0.02,0.02
JPN,Japan,Climate Watch,Total excluding LUCF,All GHG,MtCO₂e,1099.86,1128.82,1111.54,1167.67,1203.24,1242.32,1254.52,1266.45,1303.57,1350.6,1335.12,1291.86,1234.14,1176.75,1236.06,1306.26,1272.48,1292.63,1285.95,1300.4,1294.77,1268.58,1293.79,1283.39,1257.42,1309.16,1324.23,1311.19,1290.06,1229.59,1234.25,1220.3,1202.63
JPN,Japan,Climate Watch,Total including LUCF,All GHG,MtCO₂e,1068.05,1097.01,1079.76,1135.89,1171.48,1210.55,1222.75,1216.99,1254.19,1301.26,1285.84,1242.66,1136.3,1079.01,1138.46,1208.74,1175.11,1195.32,1188.72,1203.16,1197.54,1171.37,1218.28,1207.89,1181.9,1233.65,1248.74,1235.73,1214.57,1154.15,1158.86,1144.91,1127.24
JPN,Japan,Climate Watch,Energy,All GHG,MtCO₂e,986.73,1015.97,999.94,1057.56,1094.78,1134.65,1149.17,1164.08,1202.82,1252.77,1240.69,1200.29,1143.59,1087.39,1140.68,1207.71,1171.65,1193.68,1185.99,1191.81,1183.53,1147.12,1158.13,1142.6,1103.39,1141.31,1151.5,1137.34,1126.84,1074.52,1081.46,1071.3,1059.51
JPN,Japan,Climate Watch,Industrial Processes,All GHG,MtCO₂e,84.99,85.15,83.52,81.89,80.04,78.48,75.84,72.49,70.06,66.69,63.13,59.83,57.46,56.16,61.48,63.21,65.09,62.47,62.76,70.97,73.02,82.59,95.73,100.17,112.7,124.82,128.87,128.39,116.22,108.12,105.78,102.41,96.11
JPN,Japan,Climate Watch,Agriculture,All GHG,MtCO₂e,22.96,22.42,22.66,22.58,22.65,23.22,23.26,23.38,23.91,24.04,23.92,23.99,25.01,24.71,24.84,25.77,25.68,25.9,26.12,26.1,26.26,26.41,26.98,27.19,27.38,28.55,28.96,30.15,31.33,30.96,30.72,30.18,30.46
JPN,Japan,Climate Watch,Waste,All GHG,MtCO₂e,5.19,5.27,5.41,5.63,5.78,5.97,6.25,6.51,6.78,7.1,7.38,7.74,8.08,8.48,9.07,9.58,10.06,10.59,11.08,11.53,11.97,12.46,12.94,13.42,13.96,14.48,14.9,15.31,15.67,15.98,16.3,16.41,16.55
JPN,Japan,Climate Watch,Land-Use Change and Forestry,All GHG,MtCO₂e,-31.81,-31.81,-31.78,-31.78,-31.76,-31.77,-31.77,-49.45,-49.38,-49.34,-49.28,-49.2,-97.84,-97.74,-97.6,-97.52,-97.37,-97.31,-97.24,-97.24,-97.23,-97.21,-75.51,-75.5,-75.52,-75.51,-75.49,-75.46,-75.49,-75.44,-75.39,-75.39,-75.39
JPN,Japan,Climate Watch,Bunker Fuels,All GHG,MtCO₂e,30.32,27.98,24.65,36.69,36.54,35.2,34.84,33.41,31.87,32.82,32.76,32.02,31.61,31.12,35.17,37.72,39.4,41.98,39.6,38.11,37.21,33.96,37.22,36.92,38.29,36.33,31.76,36.94,37.22,35.78,33.79,33.36,31.61
JPN,Japan,Climate Watch,Electricity/Heat,All GHG,MtCO₂e,505.04,526.83,515.08,534.95,560.22,588.81,605.96,608.94,636.0,666.77,656.76,606.85,548.79,504.56,533.56,560.07,508.52,520.01,511.29,516.73,498.12,468.16,476.39,468.29,441.91,458.94,464.38,458.47,469.97,428.36,444.53,439.18,438.63
JPN,Japan,Climate Watch,Building,All GHG,MtCO₂e,97.67,100.98,108.13,109.02,110.54,115.62,111.47,115.34,120.53,127.06,121.77,125.36,126.71,125.59,134.68,143.27,148.21,154.24,153.32,153.33,158.84,151.11,151.64,149.1,141.36,137.52,137.47,138.34,129.95,133.05,126.94,122.68,120.85
JPN,Japan,Climate Watch,Manufacturing/Construction,All GHG,MtCO₂e,171.36,178.92,171.0,186.1,193.47,194.25,193.7,200.26,207.86,214.17,213.32,216.83,210.02,198.14,209.82,229.47,232.77,232.04,229.93,230.82,233.72,231.47,236.63,232.0,228.95,252.3,259.47,260.13,255.19,252.78,254.35,258.76,260.48
JPN,Japan,Climate Watch,Transportation,All GHG,MtCO₂e,191.11,187.72,185.11,205.87,209.68,212.32,214.23,216.73,217.35,223.61,226.36,228.76,234.51,233.44,239.7,249.0,256.39,260.37,263.19,263.19,265.48,270.05,267.89,268.31,265.88,266.63,264.36,258.4,250.02,237.63,232.42,227.62,217.05
JPN,Japan,Climate Watch,Other Fuel Combustion,All GHG,MtCO₂e,17.28,17.41,16.2,17.13,16.24,18.82,19.01,17.91,16.09,16.06,17.38,17.49,19.0,21.14,18.28,21.18,21.09,22.5,23.81,23.26,23.06,21.68,20.87,20.14,20.68,21.29,21.02,17.37,17.16,18.33,18.82,18.76,18.34
JPN,Japan,Climate Watch,Fugitive Emissions,All GHG,MtCO₂e,4.28,4.12,4.43,4.49,4.63,4.83,4.8,4.89,5.0,5.1,5.1,5.0,4.57,4.54,4.64,4.73,4.66,4.53,4.44,4.48,4.31,4.64,4.71,4.78,4.62,4.63,4.81,4.64,4.55,4.38,4.4,4.29,4.16
KAZ,Kazakhstan,Climate Watch,Total excluding LUCF,All GHG,MtCO₂e,341.95,342.38,321.75,319.89,330.26,327.38,304.4,293.03,326.19,365.92,352.92,356.71,334.36,313.67,339.33,300.18,288.73,266.15,251.28,232.19,217.94,188.9,188.92,183.51,200.73,200.72,223.56,249.76,284.93,308.73,348.31,348.7,341.42
KAZ,Kazakhstan,Climate Watch,Total including LUCF,All GHG,MtCO₂e,338.98,339.41,318.77,316.9,327.27,324.4,301.42,283.17,316.33,356.06,343.06,346.85,332.84,312.16,337.82,298.68,287.21,264.63,249.77,230.68,216.44,187.39,188.23,182.8,200.09,200.25,222.88,248.97,284.14,307.94,347.53,347.93,340.65
KAZ,Kazakhstan,Climate Watch,Energy,All GHG,MtCO₂e,297.67,298.3,279.12,278.46,291.71,284.97,269.27,256.51,291.67,334.83,320.5,325.41,299.97,283.19,307.79,270.53,257.29,236.93,223.2,207.1,187.28,166.78,168.38,162.89,178.3,174.6,193.53,215.71,245.43,268.04,306.3,302.74,294.06
KAZ,Kazakhstan,Climate Watch,Industrial Processes,All GHG,MtCO₂e,7.89,7.08,7.47,6.52,6.56,6.27,5.84,5.68,5.4,4.91,4.46,3.15,3.13,2.77,2.91,2.05,1.77,1.4,1.31,0.8,0.67,0.72,0.5,0.38,0.35,0.32,0.31,0.41,0.43,0.61,0.91,0.26,0.23
KAZ,Kazakhstan,Climate Watch,Agriculture,All GHG,MtCO₂e,29.82,30.08,28.54,28.94,26.18,30.47,23.72,25.41,23.75,20.98,22.88,23.22,26.34,22.98,24.15,23.26,25.39,23.7,22.73,20.34,26.06,17.43,16.16,16.42,18.27,22.0,25.9,29.85,35.2,36.11,37.0,41.51,42.93
KAZ,Kazakhstan,Climate Watch,Waste,All GHG,MtCO₂e,6.57,6.93,6.62,5.97,5.8,5.67,5.57,5.44,5.37,5.2,5.08,4.93,4.92,4.73,4.47,4.34,4.27,4.12,4.04,3.95,3.93,3.97,3.88,3.82,3.81,3.8,3.81,3.8,3.86,3.98,4.1,4.22,4.24
KAZ,Kazakhstan,Climate Watch,Land-Use Change and Forestry,All GHG,MtCO₂e,-2.97,-2.98,-2.98,-2.98,-2.98,-2.98,-2.98,-9.86,-9.86,-9.86,-9.86,-9.86,-1.51,-1.51,-1.51,-1.5,-1.51,-1.51,-1.51,-1.51,-1.5,-1.51,-0.69,-0.71,-0.65,-0.47,-0.68,-0.79,-0.79,-0.79,-0.79,-0.77,-0.77
KAZ,Kazakhstan,Climate Watch,Bunker Fuels,All GHG,MtCO₂e,1.4,1.52,1.0,1.95,1.94,1.54,1.42,1.27,0.7,0.51,0.61,0.55,0.63,0.56,0.67,0.71,0.53,0.5,0.46,0.32,0.39,0.26,0.24,0.43,0.73,0.71,0.77,0.8,1.12,0.76,2.28,2.5,2.72
KAZ,Kazakhstan,Climate Watch,Electricity/Heat,All GHG,MtCO₂e,138.28,130.01,116.31,116.43,120.22,116.15,106.27,94.75,105.16,142.65,131.5,126.95,124.03,113.67,122.72,115.66,119.11,99.51,97.45,93.69,85.88,67.72,71.67,59.01,61.41,59.83,72.79,80.43,105.61,102.83,112.39,114.62,115.7
KAZ,Kazakhstan,Climate Watch,Building,All GHG,MtCO₂e,36.96,39.43,38.63,37.79,38.49,35.59,32.26,30.85,28.29,18.59,17.18,23.43,17.06,15.07,20.01,0.9,1.33,1.02,1.15,1.68,1.18,1.26,1.13,0.17,0.21,0.19,0.19,0.3,0.45,0.38,0.5,0.61,0.43
KAZ,Kazakhstan,Climate Watch,Manufacturing/Construction,All GHG,MtCO₂e,26.63,28.04,28.4,27.66,31.79,36.36,38.78,35.95,50.42,66.67,64.51,67.28,57.83,53.2,56.67,39.24,27.51,38.62,33.73,26.28,20.94,27.93,21.34,36.22,43.41,43.83,49.74,59.81,60.8,76.29,89.25,85.98,81.48
KAZ,Kazakhstan,Climate Watch,Transportation,All GHG,MtCO₂e,24.51,23.69,21.35,16.83,17.97,15.53,16.34,15.78,14.92,14.07,14.89,13.91,13.59,12.86,14.25,12.55,10.93,9.91,9.58,8.99,9.47,8.51,9.72,6.04,8.23,7.29,8.51,9.5,9.37,13.68,16.42,18.77,14.95
KAZ,Kazakhstan,Climate Watch,Other Fuel Combustion,All GHG,MtCO₂e,2.5,2.33,2.03,2.11,2.22,2.29,1.99,1.89,2.97,2.9,3.05,3.13,2.63,2.65,7.23,20.17,15.21,8.85,5.44,5.04,2.89,4.62,8.98,15.3,16.0,15.41,18.14,21.77,19.57,24.72,35.84,28.36,26.5
KAZ,Kazakhstan,Climate Watch,Fugitive Emissions,All GHG,MtCO₂e,68.78,74.8,72.4,77.63,81.03,79.05,73.62,77.29,89.92,89.94,89.37,90.69,84.84,85.73,86.91,82.01,83.2,79.02,75.85,71.43,66.92,56.76,55.53,46.15,49.04,48.04,44.16,43.9,49.62,50.13,51.91,54.4,55.0
KEN,Kenya,Climate Watch,Total excluding LUCF,All GHG,MtCO₂e,90.6,88.39,91.97,84.14,76.03,74.5,76.54,71.06,69.59,66.74,66.22,67.28,66.14,64.77,64.31,63.08,45.85,45.28,44.89,42.06,40.76,39.67,40.2,41.37,39.49,38.17,38.56,39.29,38.19,37.75,37.88,37.8,39.05
KEN,Kenya,Climate Watch,Total including LUCF,All GHG,MtCO₂e,83.0,80.8,84.4,76.57,68.46,66.93,68.97,79.43,77.93,75.08,74.58,75.62,81.3,79.95,79.48,78.25,61.02,60.45,60.06,57.23,55.93,54.84,36.08,37.19,35.24,34.03,34.3,35.02,33.91,33.47,33.6,33.52,34.78
KEN,Kenya,Climate Watch,Energy,All GHG,MtCO₂e,27.72,27.27,25.41,26.17,25.74,25.61,24.42,23.2,21.91,20.08,19.05,19.93,19.64,18.66,16.68,16.07,15.97,14.8,13.77,12.86,13.64,13.77,14.36,13.23,12.77,11.96,12.06,11.39,10.84,10.61,10.53,10.37,10.44
KEN,Kenya,Climate Watch,Industrial Processes,All GHG,MtCO₂e,4.15,3.7,2.45,1.99,1.81,2.11,2.01,1.84,2.05,1.64,1.44,1.39,1.8,1.73,1.48,1.36,1.24,1.09,1.01,0.89,0.67,0.59,0.6,0.62,0.73,0.77,0.91,0.79,0.74,0.72,0.76,0.72,0.76
KEN,Kenya,Climate Watch,Agriculture,All GHG,MtCO₂e,55.77,54.53,61.28,53.19,45.75,44.09,47.5,43.46,43.14,42.62,43.4,43.69,42.5,42.26,44.1,43.68,26.75,27.57,28.39,26.68,24.91,23.87,23.88,26.11,24.54,23.96,24.06,25.53,25.8,25.67,25.9,26.09,27.25
KEN,Kenya,Climate Watch,Waste,All GHG,MtCO₂e,2.95,2.89,2.82,2.78,2.74,2.68,2.61,2.55,2.48,2.41,2.34,2.27,2.2,2.12,2.05,1.97,1.89,1.81,1.72,1.63,1.54,1.45,1.36,1.4,1.45,1.49,1.54,1.58,0.81,0.75,0.69,0.62,0.6
KEN,Kenya,Climate Watch,Land-Use Change and Forestry,All GHG,MtCO₂e,-7.6,-7.59,-7.57,-7.56,-7.57,-7.57,-7.57,8.38,8.34,8.34,8.35,8.35,15.17,15.18,15.17,15.17,15.17,15.18,15.17,15.17,15.17,15.17,-4.12,-4.18,-4.24,-4.14,-4.27,-4.27,-4.28,-4.28,-4.28,-4.28,-4.28
KEN,Kenya,Climate Watch,Bunker Fuels,All GHG,MtCO₂e,1.92,1.66,1.36,2.31,2.26,2.16,2.07,2.17,1.77,1.82,2.27,2.27,1.8,1.97,1.95,2.23,2.05,1.95,1.88,1.72,1.61,1.66,1.55,1.63,1.53,1.52,1.56,1.53,1.91,1.63,1.43,1.21,1.41
KEN,Kenya,Climate Watch,Electricity/Heat,All GHG,MtCO₂e,1.51,1.2,0.72,1.25,1.47,2.41,1.39,1.29,2.36,2.06,2.14,2.78,2.57,2.94,2.16,1.8,1.87,1.59,1.17,1.03,1.14,1.59,2.2,1.43,1.12,0.61,0.58,0.5,0.55,0.49,0.46,0.41,0.43
KEN,Kenya,Climate Watch,Building,All GHG,MtCO₂e,11.39,11.45,11.16,11.05,11.08,11.27,10.85,10.7,10.23,9.9,9.76,9.48,9.43,9.24,8.7,8.56,8.36,8.2,7.82,7.49,7.55,7.48,7.53,7.42,7.02,6.72,6.55,6.38,6.01,5.74,5.65,5.53,5.43
KEN,Kenya,Climate Watch,Manufacturing/Construction,All GHG,MtCO₂e,3.67,3.28,2.72,2.7,3.03,2.91,3.02,2.88,2.52,2.03,2.02,2.81,2.44,2.1,2.23,2.14,2.28,1.91,1.73,1.56,1.81,1.64,1.52,1.3,1.43,1.56,1.78,1.56,1.56,1.58,1.49,1.42,1.43
KEN,Kenya,Climate Watch,Transportation,All GHG,MtCO₂e,10.91,11.12,10.62,10.98,9.9,8.79,8.99,8.18,6.64,5.95,5.01,4.72,5.06,4.26,3.43,3.34,3.31,2.96,2.83,2.56,2.86,2.73,2.78,2.75,2.8,2.73,2.75,2.63,2.38,2.44,2.62,2.83,2.76
KEN,Kenya,Climate Watch,Other Fuel Combustion,All GHG,MtCO₂e,0.24,0.22,0.18,0.16,0.24,0.23,0.17,0.15,0.16,0.13,0.11,0.13,0.15,0.11,0.15,0.22,0.14,0.14,0.22,0.21,0.27,0.32,0.33,0.33,0.4,0.34,0.38,0.32,0.34,0.36,0.31,0.18,0.39
KEN,Kenya,Climate Watch,Fugitive Emissions,All GHG,MtCO₂e,0.01,0.01,0.02,0.02,0.01,0.01,0.01,0.01,0.01,0.01,0.01,0.01,0.01,0.0,0.0,0.0,0.0,0.0,0.0,0.0,0.0,0.0,0.0,0.0,0.0,0.0,0.0,0.0,0.0,0.0,0.0,0.0,0.0
KGZ,Kyrgyzstan,Climate Watch,Total excluding LUCF,All GHG,MtCO₂e,19.09,18.77,17.33,17.99,19.08,16.76,16.54,16.95,16.61,16.22,16.65,13.97,13.81,14.56,14.74,13.26,12.1,12.17,12.06,11.53,10.37,9.01,9.48,9.39,10.59,10.33,10.62,9.84,12.66,17.29,21.85,29.15,31.64
KGZ,Kyrgyzstan,Climate Watch,Total including LUCF,All GHG,MtCO₂e,15.83,15.5,14.06,14.72,15.82,13.5,13.28,16.21,15.87,15.48,15.91,13.23,13.8,14.55,14.73,13.25,12.09,12.16,12.05,11.52,10.36,9.0,8.46,8.36,9.57,9.32,9.6,8.82,11.64,16.27,20.83,28.12,30.61
KGZ,Kyrgyzstan,Climate Watch,Energy,All GHG,MtCO₂e,11.29,11.13,10.02,10.79,12.06,10.23,10.2,10.67,10.19,10.07,10.84,8.38,7.31,8.01,9.19,7.97,6.88,7.08,6.99,6.64,5.71,4.33,4.85,4.85,6.05,5.81,6.07,5.13,7.13,10.76,14.41,21.78,24.28
KGZ,Kyrgyzstan,Climate Watch,Industrial Processes,All GHG,MtCO₂e,1.55,1.46,1.16,1.18,1.16,0.91,0.81,0.88,1.01,0.93,0.77,0.67,0.54,0.39,0.6,0.66,0.62,0.54,0.5,0.45,0.36,0.33,0.33,0.29,0.42,0.4,0.34,0.24,0.29,0.4,0.58,0.12,0.12
KGZ,Kyrgyzstan,Climate Watch,Agriculture,All GHG,MtCO₂e,6.05,5.98,5.95,5.82,5.67,5.43,5.34,5.21,5.24,5.05,4.87,4.74,4.63,4.53,4.14,4.0,3.89,3.78,3.68,3.71,3.56,3.61,3.56,3.49,3.42,3.3,3.43,3.65,4.46,4.92,5.26,5.49,5.68
KGZ,Kyrgyzstan,Climate Watch,Waste,All GHG,MtCO₂e,0.21,0.21,0.2,0.2,0.19,0.19,0.18,0.18,0.18,0.18,0.17,0.17,1.33,1.63,0.81,0.63,0.71,0.76,0.89,0.72,0.74,0.74,0.75,0.76,0.7,0.82,0.78,0.83,0.78,1.22,1.59,1.76,1.57
KGZ,Kyrgyzstan,Climate Watch,Land-Use Change and Forestry,All GHG,MtCO₂e,-3.27,-3.27,-3.27,-3.27,-3.27,-3.27,-3.27,-0.74,-0.74,-0.74,-0.74,-0.74,-0.01,-0.01,-0.01,-0.01,-0.01,-0.01,-0.01,-0.01,-0.01,-0.01,-1.02,-1.02,-1.01,-1.01,-1.02,-1.02,-1.02,-1.02,-1.02,-1.03,-1.03
KGZ,Kyrgyzstan,Climate Watch,Bunker Fuels,All GHG,MtCO₂e,N/A,0.03,0.0,0.03,0.02,0.06,0.32,0.32,0.01,0.15,0.09,0.16,0.83,1.03,0.9,0.74,0.87,0.39,0.15,0.1,0.11,0.07,0.12,0.12,0.16,0.14,0.21,0.19,0.04,0.05,0.19,0.22,0.27
KGZ,Kyrgyzstan,Climate Watch,Electricity/Heat,All GHG,MtCO₂e,2.67,2.82,2.35,2.19,1.58,1.51,1.84,2.76,2.29,1.65,1.89,1.78,1.68,2.14,2.3,1.94,1.96,2.08,1.67,1.67,1.63,1.77,2.02,1.75,1.82,2.42,2.49,2.21,1.2,1.52,2.71,3.94,3.93
KGZ,Kyrgyzstan,Climate Watch,Building,All GHG,MtCO₂e,4.62,4.32,4.19,5.08,6.3,4.73,2.86,1.88,1.63,0.48,0.27,0.25,0.18,0.22,0.24,0.26,0.24,0.25,0.03,0.02,0.02,0.02,0.03,N/A,N/A,N/A,N/A,N/A,N/A,N/A,N/A,N/A,N/A
KGZ,Kyrgyzstan,Climate Watch,Manufacturing/Construction,All GHG,MtCO₂e,0.52,0.54,0.46,0.84,1.14,0.8,0.83,1.78,1.41,0.74,1.53,0.57,0.65,0.43,1.05,0.97,0.73,0.74,1.6,1.69,1.5,0.62,0.84,1.16,1.18,1.06,1.01,0.56,2.67,2.94,3.41,7.61,8.5
KGZ,Kyrgyzstan,Climate Watch,Transportation,All GHG,MtCO₂e,1.48,1.66,1.41,1.15,1.52,1.88,3.37,2.75,3.24,4.04,4.04,2.85,2.04,2.33,2.01,1.8,1.2,1.12,1.22,0.96,0.8,0.91,0.87,1.16,1.26,1.29,1.21,1.15,0.51,1.62,2.77,4.76,6.17
KGZ,Kyrgyzstan,Climate Watch,Other Fuel Combustion,All GHG,MtCO₂e,0.02,0.03,0.04,0.03,0.09,0.04,0.39,0.61,0.69,1.97,1.99,1.89,1.58,1.49,1.51,1.08,0.81,0.75,0.73,0.96,0.84,0.46,0.73,0.6,1.53,0.68,0.87,0.58,2.05,3.81,4.53,4.31,4.41
KGZ,Kyrgyzstan,Climate Watch,Fugitive Emissions,All GHG,MtCO₂e,2.0,1.75,1.59,1.5,1.43,1.27,0.91,0.9,0.92,1.19,1.11,1.05,1.17,1.38,2.09,1.92,1.94,2.14,1.74,1.33,0.93,0.53,0.36,0.18,0.26,0.36,0.49,0.63,0.71,0.87,0.99,1.16,1.26
KHM,Cambodia,Climate Watch,Total excluding LUCF,All GHG,MtCO₂e,47.69,49.18,47.85,45.0,41.24,39.96,37.27,34.7,32.89,31.41,31.53,31.94,30.74,30.18,28.75,28.1,26.91,25.23,23.74,23.94,22.32,21.9,21.68,22.85,21.52,21.43,21.19,20.91,17.03,18.33,17.41,16.83,17.19
KHM,Cambodia,Climate Watch,Total including LUCF,All GHG,MtCO₂e,78.58,81.78,80.35,77.15,74.0,73.57,71.39,105.17,103.2,102.24,101.82,104.37,39.32,40.27,38.89,39.11,38.04,34.11,35.48,34.5,31.85,28.69,28.84,30.6,31.05,27.31,25.88,29.87,25.99,27.29,26.37,25.79,26.15
KHM,Cambodia,Climate Watch,Energy,All GHG,MtCO₂e,16.41,16.66,17.26,14.63,12.26,12.43,11.78,9.93,8.64,7.41,7.36,7.09,6.91,6.53,5.79,5.69,5.02,4.7,4.4,4.37,4.18,4.11,3.88,3.79,3.73,3.43,3.27,3.16,1.48,1.38,1.35,1.3,1.26
KHM,Cambodia,Climate Watch,Industrial Processes,All GHG,MtCO₂e,6.75,6.58,6.0,5.6,3.85,2.78,1.85,1.02,0.86,0.84,0.8,0.72,0.64,0.59,0.58,0.23,0.15,0.12,0.1,0.07,0.05,0.03,0.01,0.01,0.0,0.0,0.0,0.0,0.0,0.0,0.0,0.0,0.0
KHM,Cambodia,Climate Watch,Agriculture,All GHG,MtCO₂e,24.08,25.5,24.16,24.34,24.71,24.32,23.23,23.35,22.99,22.76,22.99,23.75,22.82,22.7,22.02,21.82,21.39,20.08,18.91,19.17,17.77,17.46,17.49,18.75,17.49,17.7,17.62,17.44,15.24,16.67,15.83,15.34,15.75
KHM,Cambodia,Climate Watch,Waste,All GHG,MtCO₂e,0.45,0.44,0.44,0.43,0.42,0.42,0.41,0.4,0.4,0.39,0.39,0.38,0.37,0.37,0.36,0.35,0.35,0.34,0.33,0.32,0.31,0.31,0.3,0.3,0.3,0.3,0.3,0.3,0.3,0.27,0.23,0.18,0.18
KHM,Cambodia,Climate Watch,Land-Use Change and Forestry,All GHG,MtCO₂e,30.89,32.59,32.49,32.15,32.76,33.61,34.12,70.47,70.31,70.83,70.29,72.43,8.57,10.09,10.14,11.01,11.13,8.88,11.75,10.56,9.53,6.79,7.16,7.75,9.52,5.88,4.69,8.96,8.96,8.96,8.96,8.96,8.96
KHM,Cambodia,Climate Watch,Bunker Fuels,All GHG,MtCO₂e,0.12,0.06,0.13,0.48,0.42,0.32,0.22,0.2,0.19,0.17,0.15,0.11,0.1,0.07,0.09,0.11,0.05,0.04,0.05,0.04,0.03,0.04,0.04,0.03,0.02,0.03,0.03,0.03,N/A,N/A,N/A,N/A,N/A
KHM,Cambodia,Climate Watch,Electricity/Heat,All GHG,MtCO₂e,3.56,4.05,5.16,4.49,3.44,3.65,3.39,2.39,1.53,0.73,0.9,0.91,0.89,1.04,1.23,1.22,0.95,0.78,0.67,0.61,0.59,0.43,0.38,0.34,0.31,0.26,0.2,0.16,N/A,N/A,N/A,N/A,N/A
KHM,Cambodia,Climate Watch,Building,All GHG,MtCO₂e,2.28,2.37,2.33,2.6,2.49,2.32,2.3,2.27,2.25,2.23,2.2,2.19,2.22,2.28,2.11,2.21,2.23,2.2,2.16,2.23,2.1,2.0,2.03,1.94,1.88,1.85,1.8,1.75,N/A,N/A,N/A,N/A,N/A
KHM,Cambodia,Climate Watch,Manufacturing/Construction,All GHG,MtCO₂e,2.84,2.75,2.3,0.86,0.81,0.88,0.8,0.5,0.59,0.69,0.73,0.72,0.71,0.22,0.2,0.2,0.19,0.18,0.15,0.14,0.13,0.12,0.12,0.1,0.1,0.08,0.08,0.06,N/A,N/A,N/A,N/A,N/A
KHM,Cambodia,Climate Watch,Transportation,All GHG,MtCO₂e,7.04,6.82,6.79,6.43,5.31,4.95,4.65,4.2,3.81,3.48,3.4,3.22,3.04,2.77,2.14,2.07,1.66,1.55,1.42,1.39,1.36,1.56,1.36,1.4,1.43,1.24,1.19,1.19,N/A,N/A,N/A,N/A,N/A
KHM,Cambodia,Climate Watch,Other Fuel Combustion,All GHG,MtCO₂e,0.69,0.67,0.69,0.26,0.21,0.63,0.63,0.57,0.47,0.28,0.13,0.05,0.05,0.21,0.11,N/A,N/A,N/A,N/A,N/A,N/A,N/A,N/A,N/A,N/A,N/A,N/A,N/A,N/A,N/A,N/A,N/A,N/A
KHM,Cambodia,Climate Watch,Fugitive Emissions,All GHG,MtCO₂e,0.0,0.0,0.0,0.0,0.0,0.0,0.0,0.0,0.0,0.0,0.0,0.0,0.0,0.0,0.0,0.0,0.0,0.0,0.0,0.0,0.0,0.0,0.0,0.0,0.0,0.0,0.0,0.0,0.0,0.0,0.0,0.0,0.0
KIR,Kiribati,Climate Watch,Total excluding LUCF,All GHG,MtCO₂e,0.09,0.09,0.09,0.09,0.09,0.09,0.07,0.07,0.07,0.08,0.07,0.07,0.07,0.06,0.06,0.07,0.07,0.06,0.06,0.05,0.05,0.04,0.05,0.04,0.04,0.04,0.04,0.04,0.05,0.04,0.03,0.03,0.03
KIR,Kiribati,Climate Watch,Total including LUCF,All GHG,MtCO₂e,0.09,0.09,0.09,0.09,0.09,0.09,0.07,0.07,0.07,0.08,0.07,0.07,0.07,0.06,0.06,0.07,0.07,0.06,0.06,0.05,0.05,0.04,0.05,0.04,0.04,0.04,0.04,0.04,0.05,0.04,0.03,0.03,0.03
KIR,Kiribati,Climate Watch,Energy,All GHG,MtCO₂e,0.07,0.07,0.07,0.08,0.07,0.07,0.06,0.06,0.06,0.06,0.06,0.05,0.05,0.05,0.05,0.06,0.06,0.05,0.05,0.04,0.04,0.04,0.04,0.03,0.03,0.03,0.03,0.03,0.03,0.03,0.03,0.02,0.02
KIR,Kiribati,Climate Watch,Industrial Processes,All GHG,MtCO₂e,0.01,0.01,0.0,0.0,0.0,0.0,0.0,0.0,0.0,0.0,0.0,0.0,0.0,0.0,0.0,0.0,0.0,0.0,0.0,0.0,0.0,0.0,0.0,0.0,0.0,0.0,0.0,0.0,0.0,0.0,0.0,0.0,0.0
KIR,Kiribati,Climate Watch,Agriculture,All GHG,MtCO₂e,0.01,0.01,0.01,0.01,0.01,0.01,0.01,0.01,0.01,0.01,0.01,0.01,0.01,0.01,0.01,0.01,0.01,0.01,0.01,0.01,0.01,0.01,0.01,0.01,0.01,0.01,0.01,0.01,0.01,0.01,0.01,0.01,0.01
KIR,Kiribati,Climate Watch,Waste,All GHG,MtCO₂e,0.0,0.0,0.0,0.0,0.0,0.0,0.0,0.0,0.0,0.0,0.0,0.0,0.0,0.0,0.0,0.0,0.0,0.0,0.0,0.0,0.0,0.0,0.0,0.0,0.0,0.0,0.0,0.0,0.01,0.0,0.0,0.0,0.0
KIR,Kiribati,Climate Watch,Land-Use Change and Forestry,All GHG,MtCO₂e,0.0,0.0,0.0,0.0,0.0,0.0,0.0,0.0,0.0,0.0,0.0,0.0,0.0,0.0,0.0,0.0,0.0,0.0,0.0,0.0,0.0,0.0,0.0,0.0,0.0,0.0,0.0,0.0,0.0,0.0,0.0,0.0,0.0
KIR,Kiribati,Climate Watch,Bunker Fuels,All GHG,MtCO₂e,0.0,0.0,0.0,0.0,0.0,0.0,0.0,0.0,0.0,0.0,0.0,0.0,0.0,0.01,0.01,0.01,0.01,0.01,0.01,0.0,0.01,0.0,0.0,0.0,0.0,0.0,0.0,0.0,0.0,0.0,0.0,0.0,0.0
KIR,Kiribati,Climate Watch,Electricity/Heat,All GHG,MtCO₂e,0.02,0.02,0.02,0.02,0.02,0.02,0.02,0.02,0.02,0.02,0.02,0.02,0.02,0.02,0.02,0.02,0.02,0.02,0.01,0.01,0.01,0.01,0.01,0.01,0.01,0.01,0.01,0.01,0.01,0.01,0.01,0.01,0.01
KIR,Kiribati,Climate Watch,Building,All GHG,MtCO₂e,0.01,0.01,0.01,0.01,0.01,0.01,0.01,0.01,0.01,0.01,0.01,0.01,0.01,0.0,0.0,0.0,0.0,0.0,0.0,0.0,0.0,0.0,0.0,0.01,0.0,0.01,0.0,0.0,0.0,0.0,0.0,0.0,0.0
KIR,Kiribati,Climate Watch,Manufacturing/Construction,All GHG,MtCO₂e,0.0,0.0,0.0,0.0,0.0,0.0,0.0,0.0,0.0,0.0,0.0,0.0,0.0,0.0,0.0,0.0,0.0,0.0,0.0,0.0,0.0,0.0,0.0,N/A,N/A,N/A,N/A,N/A,N/A,N/A,N/A,N/A,N/A
KIR,Kiribati,Climate Watch,Transportation,All GHG,MtCO₂e,0.03,0.03,0.03,0.03,0.03,0.03,0.02,0.02,0.03,0.03,0.02,0.02,0.02,0.03,0.03,0.03,0.03,0.03,0.03,0.03,0.02,0.02,0.02,0.01,0.02,0.02,0.02,0.02,0.02,0.02,0.01,0.01,0.01
KIR,Kiribati,Climate Watch,Other Fuel Combustion,All GHG,MtCO₂e,0.01,0.01,0.01,0.01,0.01,0.01,0.01,0.01,0.01,0.01,0.01,0.01,0.01,N/A,N/A,N/A,N/A,N/A,0.0,0.0,0.0,0.0,0.0,N/A,N/A,N/A,N/A,N/A,N/A,N/A,N/A,N/A,N/A
KIR,Kiribati,Climate Watch,Fugitive Emissions,All GHG,MtCO₂e,0.0,0.0,0.0,0.0,0.0,0.0,0.0,0.0,0.0,0.0,0.0,0.0,0.0,0.0,0.0,0.0,0.0,0.0,0.0,0.0,0.0,0.0,0.0,0.0,0.0,0.0,0.0,0.0,0.0,0.0,0.0,0.0,0.0
KNA,Saint Kitts and Nevis,Climate Watch,Total excluding LUCF,All GHG,MtCO₂e,0.28,0.26,0.26,0.27,0.27,0.27,0.27,0.26,0.25,0.25,0.25,0.27,0.26,0.26,0.25,0.26,0.24,0.23,0.25,0.23,0.23,0.22,0.21,0.2,0.19,0.17,0.17,0.16,0.21,0.14,0.14,0.14,0.14
KNA,Saint Kitts and Nevis,Climate Watch,Total including LUCF,All GHG,MtCO₂e,0.28,0.26,0.26,0.27,0.27,0.27,0.27,0.26,0.25,0.25,0.25,0.27,0.26,0.26,0.25,0.26,0.24,0.23,0.25,0.23,0.23,0.22,0.21,0.2,0.19,0.17,0.17,0.16,0.21,0.14,0.14,0.14,0.14
KNA,Saint Kitts and Nevis,Climate Watch,Energy,All GHG,MtCO₂e,0.24,0.23,0.23,0.25,0.25,0.24,0.24,0.24,0.23,0.23,0.23,0.24,0.23,0.23,0.22,0.23,0.21,0.2,0.22,0.2,0.2,0.19,0.18,0.17,0.16,0.15,0.14,0.14,0.13,0.12,0.12,0.12,0.11
KNA,Saint Kitts and Nevis,Climate Watch,Industrial Processes,All GHG,MtCO₂e,0.01,0.01,0.01,0.01,0.01,0.01,0.01,0.01,0.01,0.01,0.01,0.01,0.01,0.01,0.01,0.01,0.01,0.0,0.0,0.0,0.0,0.0,0.0,0.0,0.0,0.0,0.0,0.0,0.0,0.0,0.0,0.0,0.0
KNA,Saint Kitts and Nevis,Climate Watch,Agriculture,All GHG,MtCO₂e,0.02,0.01,0.01,0.01,0.01,0.01,0.01,0.01,0.01,0.01,0.01,0.02,0.02,0.02,0.02,0.02,0.02,0.02,0.02,0.02,0.02,0.02,0.02,0.02,0.02,0.02,0.02,0.02,0.02,0.02,0.02,0.02,0.02
KNA,Saint Kitts and Nevis,Climate Watch,Waste,All GHG,MtCO₂e,0.01,0.01,0.01,0.01,0.01,0.01,0.01,0.01,0.01,0.01,0.01,0.01,0.01,0.0,0.0,0.0,0.0,0.0,0.0,0.0,0.0,0.0,0.0,0.0,0.0,0.0,0.0,0.0,0.06,0.0,0.0,0.0,0.0
KNA,Saint Kitts and Nevis,Climate Watch,Land-Use Change and Forestry,All GHG,MtCO₂e,0.0,0.0,0.0,0.0,0.0,0.0,0.0,0.0,0.0,0.0,0.0,0.0,0.0,0.0,0.0,0.0,0.0,0.0,0.0,0.0,0.0,0.0,0.0,0.0,0.0,0.0,0.0,0.0,0.0,0.0,0.0,0.0,0.0
KNA,Saint Kitts and Nevis,Climate Watch,Bunker Fuels,All GHG,MtCO₂e,0.03,0.02,0.02,0.02,0.02,0.02,0.02,0.02,0.02,0.02,0.02,0.02,0.01,0.01,0.01,0.01,0.01,0.01,0.01,0.01,0.01,0.01,0.01,0.01,0.01,0.01,0.01,0.01,0.01,0.01,0.01,0.01,0.01
KNA,Saint Kitts and Nevis,Climate Watch,Electricity/Heat,All GHG,MtCO₂e,0.15,0.14,0.14,0.15,0.15,0.15,0.15,0.15,0.14,0.15,0.15,0.15,0.15,0.15,0.14,0.15,0.14,0.14,0.13,0.13,0.13,0.12,0.11,0.1,0.09,0.09,0.08,0.07,0.07,0.06,0.06,0.06,0.06
KNA,Saint Kitts and Nevis,Climate Watch,Building,All GHG,MtCO₂e,0.01,0.01,0.01,0.01,0.01,0.01,0.01,0.01,0.01,0.01,0.01,0.01,0.01,0.01,0.01,0.01,0.01,0.02,0.03,0.01,0.01,0.02,0.01,0.02,0.02,0.02,0.02,0.02,0.02,0.02,0.02,0.02,0.02
KNA,Saint Kitts and Nevis,Climate Watch,Manufacturing/Construction,All GHG,MtCO₂e,0.0,0.0,0.0,0.0,0.0,0.0,0.0,0.0,0.0,0.0,0.0,0.0,0.0,0.0,0.0,0.0,0.0,0.0,0.0,0.0,0.0,0.0,0.0,0.0,0.0,0.0,0.0,0.0,0.0,0.0,0.0,0.0,0.0
KNA,Saint Kitts and Nevis,Climate Watch,Transportation,All GHG,MtCO₂e,0.08,0.07,0.07,0.08,0.08,0.08,0.08,0.07,0.07,0.07,0.07,0.07,0.07,0.06,0.06,0.06,0.06,0.05,0.06,0.06,0.06,0.05,0.05,0.05,0.05,0.04,0.04,0.04,0.04,0.04,0.04,0.03,0.03
KNA,Saint Kitts and Nevis,Climate Watch,Other Fuel Combustion,All GHG,MtCO₂e,0.0,0.0,0.0,0.0,0.0,0.0,0.0,0.0,0.0,0.0,0.0,0.0,0.0,0.0,N/A,N/A,N/A,N/A,N/A,N/A,N/A,N/A,N/A,N/A,N/A,N/A,N/A,N/A,N/A,N/A,N/A,N/A,N/A
KNA,Saint Kitts and Nevis,Climate Watch,Fugitive Emissions,All GHG,MtCO₂e,0.0,0.0,0.0,0.0,0.0,0.0,0.0,0.0,0.0,0.0,0.0,0.0,0.0,0.0,0.0,0.0,0.0,0.0,0.0,0.0,0.0,0.0,0.0,0.0,0.0,0.0,0.0,0.0,0.0,0.0,0.0,0.0,0.0
KOR,South Korea,Climate Watch,Total excluding LUCF,All GHG,MtCO₂e,683.54,704.47,683.31,726.02,748.82,727.01,704.38,698.45,683.91,697.43,696.8,699.35,669.44,607.62,596.41,582.06,564.66,556.31,559.58,538.64,525.83,511.57,497.19,457.93,419.17,485.47,463.52,436.13,407.35,381.23,350.57,326.62,298.08
KOR,South Korea,Climate Watch,Total including LUCF,All GHG,MtCO₂e,637.83,658.67,637.52,680.22,703.02,681.21,658.58,647.99,633.46,646.98,646.34,648.9,609.32,547.51,536.29,521.95,504.54,496.21,499.47,478.54,465.72,451.45,454.78,415.5,376.74,443.03,421.08,393.7,364.92,338.8,308.14,284.19,255.65
KOR,South Korea,Climate Watch,Energy,All GHG,MtCO₂e,556.38,581.47,565.57,609.35,635.31,615.98,597.62,596.6,585.05,600.28,601.6,604.2,575.17,517.43,508.63,497.54,479.75,474.0,475.86,456.96,450.31,439.74,429.09,391.74,355.13,413.73,394.46,368.9,342.62,320.31,294.31,275.9,251.98
KOR,South Korea,Climate Watch,Industrial Processes,All GHG,MtCO₂e,99.7,95.71,90.6,89.72,86.56,84.08,80.28,75.34,73.32,71.4,69.0,68.9,67.35,63.28,61.09,57.51,57.62,54.16,55.79,52.62,46.39,42.52,39.04,36.54,33.55,39.18,36.92,35.71,33.73,30.98,27.01,22.64,18.96
KOR,South Korea,Climate Watch,Agriculture,All GHG,MtCO₂e,15.74,15.44,15.15,14.81,14.68,14.56,14.55,14.54,14.36,14.73,15.09,14.64,15.07,14.79,14.67,14.77,14.27,14.63,14.33,13.97,14.08,14.36,14.73,15.34,16.11,17.01,16.84,16.53,16.33,16.25,15.88,15.56,15.68
KOR,South Korea,Climate Watch,Waste,All GHG,MtCO₂e,11.72,11.85,11.99,12.13,12.27,12.39,11.92,11.97,11.18,11.02,11.11,11.61,11.85,12.12,12.02,12.25,13.02,13.52,13.6,15.1,15.05,14.96,14.33,14.32,14.38,15.55,15.3,14.99,14.67,13.68,13.37,12.52,11.47
KOR,South Korea,Climate Watch,Land-Use Change and Forestry,All GHG,MtCO₂e,-45.71,-45.8,-45.79,-45.8,-45.8,-45.8,-45.8,-50.46,-50.45,-50.45,-50.46,-50.44,-60.12,-60.11,-60.12,-60.11,-60.12,-60.1,-60.11,-60.11,-60.11,-60.12,-42.41,-42.43,-42.43,-42.43,-42.43,-42.43,-42.43,-42.43,-42.43,-42.43,-42.43
KOR,South Korea,Climate Watch,Bunker Fuels,All GHG,MtCO₂e,47.67,42.28,41.53,44.0,47.08,48.41,49.21,43.96,40.53,40.04,39.98,40.73,41.43,38.48,41.23,41.07,42.95,41.29,36.78,35.22,31.97,32.03,32.8,33.91,32.28,32.08,29.2,23.87,20.74,14.53,11.89,9.21,6.23
KOR,South Korea,Climate Watch,Electricity/Heat,All GHG,MtCO₂e,327.52,345.63,336.89,372.15,392.3,372.1,358.4,356.97,360.42,364.19,362.49,357.84,326.11,286.08,273.82,259.33,247.35,232.41,235.39,210.14,205.67,199.41,187.63,164.84,153.63,168.83,150.01,128.56,115.99,102.47,90.64,79.95,66.98
KOR,South Korea,Climate Watch,Building,All GHG,MtCO₂e,45.19,46.12,47.27,47.04,50.23,49.82,49.43,46.52,43.94,48.82,50.9,52.34,52.75,49.54,50.28,50.18,51.85,56.88,53.89,56.87,57.75,57.31,60.69,63.72,53.94,71.13,70.36,66.72,61.41,63.07,61.02,60.31,62.99
KOR,South Korea,Climate Watch,Manufacturing/Construction,All GHG,MtCO₂e,66.66,74.83,70.14,71.48,78.55,77.35,75.92,80.57,73.94,80.49,84.68,92.97,93.51,81.15,84.97,82.55,78.01,81.1,79.81,82.57,80.64,77.61,78.46,70.07,63.03,73.23,74.82,77.3,77.38,72.4,66.64,61.74,52.33
KOR,South Korea,Climate Watch,Transportation,All GHG,MtCO₂e,108.44,105.49,101.12,108.53,103.86,105.78,103.59,100.73,94.62,93.05,89.68,87.21,88.71,87.07,86.14,90.61,87.85,87.94,90.82,90.22,88.27,82.79,79.5,73.41,66.64,79.81,78.06,74.04,65.96,62.76,55.63,50.02,44.6
KOR,South Korea,Climate Watch,Other Fuel Combustion,All GHG,MtCO₂e,5.99,6.7,7.47,7.43,7.63,7.99,7.24,8.8,9.0,10.41,10.34,10.38,10.72,10.02,9.62,10.97,11.01,12.03,12.05,13.28,14.11,14.83,14.48,15.24,13.35,16.03,16.22,16.72,15.06,11.29,10.23,9.77,8.88
KOR,South Korea,Climate Watch,Fugitive Emissions,All GHG,MtCO₂e,2.59,2.7,2.67,2.72,2.74,2.94,3.04,3.01,3.12,3.33,3.51,3.46,3.37,3.57,3.81,3.91,3.68,3.65,3.89,3.89,3.88,7.79,8.34,4.47,4.54,4.71,4.99,5.56,6.83,8.31,10.15,14.11,16.2
KWT,Kuwait,Climate Watch,Total excluding LUCF,All GHG,MtCO₂e,133.26,128.19,121.4,127.4,129.72,126.98,129.85,125.08,122.0,123.71,120.59,117.58,110.65,108.2,109.64,102.89,105.5,102.01,92.58,86.96,80.5,79.02,76.36,68.92,66.98,62.71,60.19,60.65,60.98,52.57,35.38,10.64,42.52
KWT,Kuwait,Climate Watch,Total including LUCF,All GHG,MtCO₂e,133.25,128.19,121.39,127.4,129.71,126.97,129.85,125.07,121.99,123.7,120.58,117.57,110.63,108.18,109.62,102.86,105.47,101.98,92.56,86.94,80.48,78.99,76.34,68.9,66.96,62.69,60.17,60.63,60.96,52.55,35.36,10.62,42.5
KWT,Kuwait,Climate Watch,Energy,All GHG,MtCO₂e,125.26,120.29,113.76,119.74,122.49,119.97,122.81,118.56,115.94,117.71,115.14,112.36,105.75,103.55,104.78,98.42,101.18,97.89,88.4,83.15,77.07,75.98,73.27,65.74,63.9,59.42,56.97,57.51,58.42,50.54,33.9,9.8,40.79
KWT,Kuwait,Climate Watch,Industrial Processes,All GHG,MtCO₂e,4.83,4.63,4.44,4.55,4.26,4.17,4.33,3.87,3.49,3.5,3.03,2.88,2.64,2.41,2.71,2.4,2.31,2.15,2.27,1.91,1.59,1.31,1.33,1.46,1.44,1.71,1.68,1.69,1.19,0.91,0.67,0.29,1.0
KWT,Kuwait,Climate Watch,Agriculture,All GHG,MtCO₂e,0.55,0.55,0.54,0.54,0.5,0.5,0.47,0.46,0.43,0.41,0.39,0.37,0.35,0.39,0.36,0.32,0.31,0.31,0.3,0.33,0.31,0.25,0.32,0.31,0.28,0.27,0.26,0.21,0.17,0.14,0.07,0.06,0.2
KWT,Kuwait,Climate Watch,Waste,All GHG,MtCO₂e,2.61,2.72,2.65,2.57,2.46,2.34,2.24,2.19,2.14,2.09,2.02,1.96,1.9,1.85,1.8,1.75,1.7,1.65,1.6,1.56,1.52,1.48,1.44,1.4,1.36,1.32,1.28,1.24,1.2,0.98,0.73,0.49,0.54
KWT,Kuwait,Climate Watch,Land-Use Change and Forestry,All GHG,MtCO₂e,0.0,0.0,0.0,0.0,0.0,0.0,0.0,-0.01,-0.01,-0.01,-0.01,-0.01,-0.02,-0.02,-0.02,-0.02,-0.02,-0.02,-0.02,-0.02,-0.02,-0.02,-0.02,-0.02,-0.02,-0.02,-0.02,-0.02,-0.02,-0.02,-0.02,-0.02,-0.02
KWT,Kuwait,Climate Watch,Bunker Fuels,All GHG,MtCO₂e,6.02,4.83,4.61,6.55,6.58,6.53,6.21,6.55,6.18,5.83,5.91,7.31,6.5,3.67,5.39,5.01,4.35,4.05,4.27,4.53,3.11,2.51,2.63,3.27,3.41,3.35,2.97,3.0,2.77,2.08,2.24,0.44,1.09
KWT,Kuwait,Climate Watch,Electricity/Heat,All GHG,MtCO₂e,60.99,60.89,57.48,58.38,60.04,59.25,61.13,60.45,58.06,57.67,57.34,55.15,53.52,53.83,53.35,50.52,49.0,46.55,42.7,38.9,39.6,37.52,33.43,30.52,25.85,22.08,20.82,20.47,20.94,15.94,11.84,4.6,20.55
KWT,Kuwait,Climate Watch,Building,All GHG,MtCO₂e,1.06,0.98,0.87,1.06,1.05,0.92,0.89,0.68,0.79,0.67,0.66,0.62,0.58,0.51,0.52,0.47,0.44,0.43,0.38,0.37,0.36,0.35,0.33,0.33,0.32,0.32,0.31,0.31,0.29,0.26,0.26,0.06,0.17
KWT,Kuwait,Climate Watch,Manufacturing/Construction,All GHG,MtCO₂e,14.97,14.27,13.76,13.58,14.03,13.8,12.51,12.03,10.6,13.17,12.79,13.84,11.31,9.82,9.2,7.46,10.61,11.54,8.0,8.43,6.68,7.13,7.62,5.47,6.47,4.27,4.67,6.01,6.19,7.18,5.26,0.99,4.06
KWT,Kuwait,Climate Watch,Transportation,All GHG,MtCO₂e,17.7,16.22,13.56,16.74,16.32,15.49,14.9,14.44,13.99,13.51,13.19,12.83,12.5,12.04,10.83,9.84,9.52,8.4,7.76,7.29,6.71,6.32,6.21,6.19,6.02,5.87,5.62,5.5,5.2,4.93,4.67,1.96,2.93
KWT,Kuwait,Climate Watch,Fugitive Emissions,All GHG,MtCO₂e,30.54,27.94,28.1,29.99,31.05,30.51,33.4,30.97,32.5,32.69,31.16,29.92,27.83,27.35,30.87,30.13,31.61,30.97,29.56,28.16,23.72,24.67,25.67,23.24,25.22,26.87,25.55,25.21,25.81,22.23,11.87,2.18,13.09
LAO,Laos,Climate Watch,Total excluding LUCF,All GHG,MtCO₂e,36.64,36.35,32.46,31.79,31.84,31.41,28.19,20.85,15.96,15.53,14.66,13.55,13.78,12.88,12.03,11.47,10.88,10.44,10.49,10.03,9.78,9.46,9.07,7.63,7.75,8.22,7.94,7.9,7.86,7.48,7.46,7.14,7.24
LAO,Laos,Climate Watch,Total including LUCF,All GHG,MtCO₂e,45.91,46.05,45.35,42.29,41.37,41.1,39.93,31.39,26.68,26.41,25.32,23.17,30.87,26.69,25.3,30.4,24.58,25.78,28.73,23.87,23.26,21.97,21.52,21.04,22.43,20.61,20.96,20.88,20.83,20.45,20.44,20.12,20.22
LAO,Laos,Climate Watch,Energy,All GHG,MtCO₂e,20.14,19.29,18.28,18.6,19.25,18.97,15.81,9.05,4.83,4.64,4.03,3.91,3.82,3.58,3.36,2.94,2.75,2.39,2.31,2.22,2.15,2.08,1.95,0.85,0.83,0.8,0.75,0.67,0.64,0.61,0.59,0.55,0.51
LAO,Laos,Climate Watch,Industrial Processes,All GHG,MtCO₂e,5.12,5.72,2.56,2.18,2.01,1.67,1.45,1.31,0.96,0.94,0.68,0.59,0.55,0.47,0.23,0.22,0.21,0.14,0.13,0.13,0.12,0.05,0.05,0.04,0.04,0.04,0.04,0.01,0.01,0.01,0.01,0.0,0.0
LAO,Laos,Climate Watch,Agriculture,All GHG,MtCO₂e,11.15,11.11,11.39,10.79,10.36,10.55,10.72,10.27,9.95,9.74,9.75,8.86,9.23,8.65,8.28,8.15,7.77,7.76,7.89,7.53,7.36,7.19,6.93,6.58,6.69,7.17,6.92,6.96,6.93,6.56,6.53,6.24,6.35
LAO,Laos,Climate Watch,Waste,All GHG,MtCO₂e,0.24,0.23,0.23,0.22,0.22,0.22,0.22,0.21,0.21,0.21,0.2,0.19,0.19,0.18,0.17,0.16,0.16,0.16,0.15,0.15,0.15,0.14,0.14,0.16,0.19,0.21,0.23,0.26,0.28,0.31,0.33,0.35,0.38
LAO,Laos,Climate Watch,Land-Use Change and Forestry,All GHG,MtCO₂e,9.27,9.7,12.89,10.49,9.54,9.69,11.74,10.54,10.72,10.88,10.66,9.61,17.09,13.81,13.26,18.93,13.69,15.33,18.24,13.84,13.48,12.51,12.45,13.4,14.68,12.39,13.02,12.98,12.98,12.98,12.98,12.98,12.98
LAO,Laos,Climate Watch,Bunker Fuels,All GHG,MtCO₂e,0.02,0.01,0.04,0.17,0.17,0.11,0.12,0.12,0.12,0.12,0.12,0.12,0.12,0.12,0.12,0.12,0.12,0.12,0.12,0.12,0.12,0.12,0.12,N/A,N/A,N/A,N/A,N/A,N/A,N/A,N/A,N/A,N/A
LAO,Laos,Climate Watch,Electricity/Heat,All GHG,MtCO₂e,14.82,14.46,13.78,14.05,14.1,13.98,10.91,3.73,N/A,N/A,N/A,N/A,N/A,N/A,N/A,N/A,N/A,N/A,N/A,N/A,N/A,N/A,N/A,N/A,N/A,N/A,N/A,N/A,N/A,N/A,N/A,N/A,N/A
LAO,Laos,Climate Watch,Building,All GHG,MtCO₂e,1.28,1.29,1.31,1.3,1.28,1.3,1.28,1.28,1.27,1.25,1.29,1.32,1.35,1.39,1.43,1.33,1.24,1.21,1.18,1.15,1.12,1.1,1.07,N/A,N/A,N/A,N/A,N/A,N/A,N/A,N/A,N/A,N/A
LAO,Laos,Climate Watch,Manufacturing/Construction,All GHG,MtCO₂e,1.39,0.93,0.65,0.68,0.64,0.56,0.53,1.64,1.27,1.42,1.02,1.04,0.9,0.65,0.55,0.41,0.42,0.15,0.15,0.12,0.12,0.09,0.09,N/A,N/A,N/A,N/A,N/A,N/A,N/A,N/A,N/A,N/A
LAO,Laos,Climate Watch,Transportation,All GHG,MtCO₂e,2.6,2.54,2.49,2.51,3.18,3.09,3.04,2.39,2.28,1.96,1.72,1.54,1.55,1.54,1.37,1.2,1.09,1.02,0.98,0.94,0.91,0.88,0.79,N/A,N/A,N/A,N/A,N/A,N/A,N/A,N/A,N/A,N/A
LAO,Laos,Climate Watch,Other Fuel Combustion,All GHG,MtCO₂e,0.0,0.0,0.0,0.0,0.0,0.0,N/A,N/A,N/A,N/A,N/A,N/A,N/A,N/A,N/A,N/A,N/A,N/A,N/A,N/A,N/A,N/A,N/A,N/A,N/A,N/A,N/A,N/A,N/A,N/A,N/A,N/A,N/A
LAO,Laos,Climate Watch,Fugitive Emissions,All GHG,MtCO₂e,0.06,0.06,0.05,0.04,0.05,0.04,0.04,0.02,0.01,0.01,0.01,0.01,0.01,0.01,0.01,0.0,0.0,0.0,0.0,0.0,0.0,0.0,0.0,0.01,0.01,0.0,0.0,0.0,0.0,0.0,0.0,0.0,0.0
LBN,Lebanon,Climate Watch,Total excluding LUCF,All GHG,MtCO₂e,15.78,22.02,27.07,32.17,32.51,34.18,32.57,31.62,29.61,27.51,29.09,26.56,25.97,26.83,23.37,19.51,20.51,21.39,21.88,21.23,20.45,20.38,18.97,20.16,19.2,18.86,16.66,15.64,13.34,12.15,8.48,8.15,6.67
LBN,Lebanon,Climate Watch,Total including LUCF,All GHG,MtCO₂e,15.7,21.94,26.99,32.09,32.43,34.1,32.49,31.55,29.54,27.44,29.01,26.48,25.98,26.84,23.38,19.52,20.52,21.4,21.88,21.24,20.46,20.38,18.98,20.17,19.21,18.87,16.68,15.65,13.36,12.16,8.49,8.16,6.68
LBN,Lebanon,Climate Watch,Energy,All GHG,MtCO₂e,9.77,16.22,21.27,25.94,25.79,27.39,25.9,25.05,22.93,21.08,21.48,18.95,18.66,19.72,16.7,13.07,14.53,14.84,15.57,15.41,15.46,15.5,14.34,16.01,15.23,15.58,13.64,13.12,11.38,10.39,7.12,7.14,5.68
LBN,Lebanon,Climate Watch,Industrial Processes,All GHG,MtCO₂e,2.45,2.24,2.23,2.66,3.21,3.3,3.24,3.24,3.42,3.32,3.14,3.3,3.26,3.17,2.88,2.76,2.44,3.11,2.93,2.58,1.9,1.87,1.77,1.45,1.44,0.93,0.85,0.53,0.21,0.24,0.17,0.13,0.14
LBN,Lebanon,Climate Watch,Agriculture,All GHG,MtCO₂e,0.72,0.73,0.76,0.79,0.77,0.79,0.77,0.75,0.76,0.75,0.76,0.73,0.58,0.6,0.57,0.57,0.55,0.57,0.62,0.61,0.58,0.62,0.59,0.59,0.59,0.57,0.56,0.55,0.48,0.52,0.49,0.48,0.45
LBN,Lebanon,Climate Watch,Waste,All GHG,MtCO₂e,2.85,2.83,2.8,2.77,2.74,2.71,2.65,2.59,2.5,2.37,3.7,3.58,3.46,3.35,3.23,3.11,2.99,2.87,2.75,2.63,2.51,2.39,2.27,2.11,1.94,1.77,1.61,1.44,1.28,1.0,0.7,0.39,0.39
LBN,Lebanon,Climate Watch,Land-Use Change and Forestry,All GHG,MtCO₂e,-0.08,-0.08,-0.08,-0.08,-0.08,-0.08,-0.08,-0.08,-0.08,-0.08,-0.08,-0.08,0.01,0.01,0.01,0.01,0.01,0.01,0.01,0.01,0.01,0.01,0.01,0.01,0.01,0.01,0.01,0.01,0.01,0.01,0.01,0.01,0.01
LBN,Lebanon,Climate Watch,Bunker Fuels,All GHG,MtCO₂e,0.73,0.42,0.31,0.87,0.85,0.87,0.79,0.66,0.74,0.83,0.67,0.72,0.71,0.56,0.54,0.42,0.33,0.47,0.41,0.4,0.41,0.41,0.4,0.41,0.34,0.35,0.34,0.67,0.47,0.39,0.38,0.27,0.16
LBN,Lebanon,Climate Watch,Electricity/Heat,All GHG,MtCO₂e,1.96,7.65,12.37,15.55,15.39,15.72,14.72,14.32,13.55,12.26,11.18,11.73,11.29,10.0,9.65,8.08,8.26,7.38,7.52,8.61,8.59,7.69,7.26,8.18,8.05,5.95,4.99,3.63,3.54,3.2,2.63,3.18,2.81
LBN,Lebanon,Climate Watch,Building,All GHG,MtCO₂e,0.55,0.74,0.82,0.78,0.81,0.83,0.84,0.84,0.78,0.9,0.83,0.82,1.31,3.29,1.5,1.3,1.45,1.45,2.06,1.14,1.86,2.21,1.74,1.95,1.58,3.94,3.09,3.77,3.16,2.69,0.8,0.99,0.62
LBN,Lebanon,Climate Watch,Manufacturing/Construction,All GHG,MtCO₂e,0.67,0.6,0.53,0.87,1.15,1.16,1.09,1.2,1.19,0.99,1.13,1.16,0.82,1.14,0.96,0.53,0.79,1.82,1.84,1.53,1.12,1.73,1.2,1.49,0.99,1.38,1.08,1.4,1.01,0.6,0.34,0.56,0.33
LBN,Lebanon,Climate Watch,Transportation,All GHG,MtCO₂e,6.58,7.22,7.44,8.66,8.35,9.58,9.11,8.58,7.33,6.91,8.34,5.22,5.21,5.28,4.59,3.16,4.02,4.17,4.14,4.13,3.87,3.86,4.13,4.39,4.6,4.31,4.47,4.32,3.66,3.89,3.34,2.41,1.92
LBN,Lebanon,Climate Watch,Other Fuel Combustion,All GHG,MtCO₂e,N/A,N/A,0.1,0.06,0.08,0.08,0.14,0.1,0.07,N/A,N/A,N/A,N/A,N/A,N/A,N/A,N/A,N/A,N/A,N/A,N/A,N/A,N/A,N/A,N/A,N/A,N/A,N/A,N/A,N/A,N/A,N/A,N/A
LBN,Lebanon,Climate Watch,Fugitive Emissions,All GHG,MtCO₂e,0.01,0.01,0.01,0.01,0.01,0.01,0.01,0.01,0.01,0.01,0.01,0.01,0.03,0.01,0.01,0.01,0.01,0.01,0.01,0.01,0.01,0.01,0.01,0.01,0.01,0.01,0.01,0.01,0.01,0.01,0.0,0.0,0.0
LBR,Liberia,Climate Watch,Total excluding LUCF,All GHG,MtCO₂e,1.52,1.49,1.49,1.7,1.28,1.35,1.34,1.52,1.43,1.52,1.57,1.44,1.33,1.3,1.04,1.1,1.13,1.05,0.95,0.87,0.81,0.78,0.77,0.74,0.84,0.79,0.73,0.73,0.73,0.73,0.74,0.7,0.82
LBR,Liberia,Climate Watch,Total including LUCF,All GHG,MtCO₂e,14.97,14.91,14.95,15.39,14.72,14.83,14.83,16.03,15.27,15.01,15.03,14.95,14.78,15.53,14.53,14.54,14.78,14.46,14.4,14.37,14.22,14.19,14.2,14.17,14.27,14.2,14.16,14.25,14.24,14.25,14.26,14.22,14.33
LBR,Liberia,Climate Watch,Energy,All GHG,MtCO₂e,0.63,0.59,0.64,0.83,0.49,0.58,0.57,0.61,0.63,0.83,0.9,0.82,0.7,0.51,0.51,0.58,0.63,0.61,0.51,0.47,0.42,0.4,0.38,0.38,0.48,0.45,0.42,0.42,0.42,0.42,0.4,0.38,0.43
LBR,Liberia,Climate Watch,Industrial Processes,All GHG,MtCO₂e,0.24,0.26,0.21,0.18,0.17,0.15,0.13,0.15,0.14,0.1,0.07,0.06,0.05,0.05,0.06,0.08,0.08,0.07,0.06,0.02,0.03,0.03,0.03,0.01,0.01,0.01,0.01,0.01,0.0,0.01,0.01,0.0,0.02
LBR,Liberia,Climate Watch,Agriculture,All GHG,MtCO₂e,0.51,0.49,0.5,0.55,0.48,0.49,0.52,0.64,0.53,0.47,0.48,0.45,0.46,0.64,0.38,0.35,0.33,0.28,0.29,0.31,0.28,0.28,0.28,0.28,0.29,0.27,0.24,0.26,0.25,0.26,0.29,0.29,0.33
LBR,Liberia,Climate Watch,Waste,All GHG,MtCO₂e,0.15,0.14,0.14,0.14,0.13,0.13,0.13,0.12,0.12,0.12,0.11,0.11,0.11,0.1,0.1,0.1,0.09,0.09,0.09,0.08,0.08,0.08,0.08,0.07,0.07,0.06,0.06,0.06,0.05,0.05,0.04,0.03,0.03
LBR,Liberia,Climate Watch,Land-Use Change and Forestry,All GHG,MtCO₂e,13.45,13.43,13.46,13.69,13.44,13.48,13.49,14.51,13.84,13.5,13.47,13.51,13.46,14.23,13.49,13.44,13.65,13.41,13.45,13.5,13.41,13.4,13.43,13.42,13.43,13.41,13.42,13.52,13.52,13.52,13.52,13.52,13.52
LBR,Liberia,Climate Watch,Bunker Fuels,All GHG,MtCO₂e,0.03,0.03,0.03,0.03,0.03,0.03,0.03,0.03,0.05,0.05,0.05,0.05,0.05,0.04,0.04,0.04,0.04,0.04,0.04,0.04,0.04,0.04,0.04,0.05,0.04,0.05,0.05,0.05,0.05,0.05,0.05,0.05,0.08
LBR,Liberia,Climate Watch,Electricity/Heat,All GHG,MtCO₂e,0.2,0.19,0.24,0.22,0.21,0.27,0.23,0.24,0.23,0.23,0.24,0.23,0.21,0.2,0.21,0.21,0.17,0.17,0.16,0.17,0.17,0.17,0.16,0.16,0.25,0.24,0.23,0.23,0.23,0.23,0.23,0.21,0.25
LBR,Liberia,Climate Watch,Building,All GHG,MtCO₂e,0.01,0.01,0.0,0.0,0.0,0.0,0.0,0.0,0.0,N/A,N/A,N/A,N/A,N/A,0.0,0.0,0.0,0.0,0.0,0.0,0.0,0.01,0.01,0.01,0.01,0.01,0.01,0.02,0.02,0.02,0.02,0.02,0.02
LBR,Liberia,Climate Watch,Manufacturing/Construction,All GHG,MtCO₂e,0.02,0.02,0.01,0.02,0.02,0.01,0.02,0.02,0.02,0.05,0.09,0.06,0.04,0.01,0.02,0.03,0.04,0.06,N/A,N/A,N/A,N/A,N/A,N/A,N/A,N/A,N/A,N/A,N/A,N/A,N/A,N/A,N/A
LBR,Liberia,Climate Watch,Transportation,All GHG,MtCO₂e,0.38,0.36,0.36,0.57,0.25,0.28,0.31,0.34,0.37,0.54,0.54,0.5,0.43,0.29,0.27,0.33,0.37,0.34,0.31,0.26,0.23,0.19,0.12,0.12,0.12,0.11,0.11,0.1,0.1,0.1,0.09,0.08,0.11
LBR,Liberia,Climate Watch,Other Fuel Combustion,All GHG,MtCO₂e,0.02,0.02,0.02,0.01,0.01,0.01,0.01,0.01,0.01,0.02,0.02,0.02,0.02,0.01,0.01,0.01,0.05,0.04,0.03,0.04,0.03,0.03,0.09,0.09,0.09,0.08,0.08,0.07,0.07,0.07,0.06,0.06,0.06
LBR,Liberia,Climate Watch,Fugitive Emissions,All GHG,MtCO₂e,0.0,0.0,0.0,0.0,0.0,0.0,0.0,0.0,0.0,0.0,0.0,0.0,0.0,0.0,0.0,0.0,0.0,0.0,0.0,0.0,0.0,0.0,0.0,0.0,0.0,0.0,0.0,0.0,0.0,0.0,0.0,0.0,0.0
LBY,Libya,Climate Watch,Total excluding LUCF,All GHG,MtCO₂e,103.82,108.51,68.82,106.86,102.51,95.06,75.55,79.54,88.4,103.03,117.51,66.83,120.17,113.9,115.97,111.67,115.53,113.48,104.94,101.87,93.67,94.02,97.24,93.6,95.22,95.22,101.78,99.22,91.55,78.51,71.89,79.04,75.05
LBY,Libya,Climate Watch,Total including LUCF,All GHG,MtCO₂e,103.82,108.51,68.82,106.86,102.51,95.06,75.55,79.54,88.4,103.03,117.51,66.83,120.17,113.9,115.97,111.67,115.53,113.48,104.94,101.87,93.67,94.02,97.24,93.6,95.22,95.22,101.78,99.22,91.55,78.51,71.89,79.04,75.05
LBY,Libya,Climate Watch,Energy,All GHG,MtCO₂e,94.71,99.64,60.06,97.87,93.33,86.04,66.83,70.57,78.88,95.37,110.31,59.13,110.86,105.21,107.9,103.78,107.89,106.77,98.51,95.76,87.93,88.69,92.02,88.21,89.82,90.28,96.4,94.05,86.38,74.09,67.52,74.85,70.71
LBY,Libya,Climate Watch,Industrial Processes,All GHG,MtCO₂e,3.2,3.09,2.98,3.17,3.48,3.45,3.25,3.56,4.14,2.23,1.85,2.37,4.03,3.6,3.15,3.06,3.03,2.39,2.34,2.31,2.13,1.92,1.92,1.88,1.93,1.71,2.14,2.04,2.23,1.51,1.54,1.34,1.47
LBY,Libya,Climate Watch,Agriculture,All GHG,MtCO₂e,3.03,2.95,2.99,3.09,3.02,2.95,2.9,2.88,2.92,3.02,3.0,2.99,2.98,2.87,2.78,2.77,2.64,2.43,2.29,2.09,1.98,1.87,1.84,2.14,2.2,2.04,2.15,2.13,2.04,2.12,2.16,2.28,2.32
LBY,Libya,Climate Watch,Waste,All GHG,MtCO₂e,2.89,2.84,2.78,2.73,2.68,2.62,2.57,2.52,2.47,2.41,2.36,2.33,2.3,2.22,2.14,2.05,1.97,1.89,1.8,1.72,1.63,1.55,1.46,1.37,1.29,1.19,1.1,1.0,0.9,0.79,0.68,0.56,0.55
LBY,Libya,Climate Watch,Land-Use Change and Forestry,All GHG,MtCO₂e,0.0,0.0,0.0,0.0,0.0,0.0,0.0,0.0,0.0,0.0,0.0,0.0,0.0,0.0,0.0,0.0,0.0,0.0,0.0,0.0,0.0,0.0,0.0,0.0,0.0,0.0,0.0,0.0,0.0,0.0,0.0,0.0,0.0
LBY,Libya,Climate Watch,Bunker Fuels,All GHG,MtCO₂e,0.99,1.09,0.36,1.07,1.03,0.87,0.44,0.42,0.61,1.17,1.67,0.39,1.69,1.77,1.98,2.05,2.09,1.66,1.79,1.64,1.55,1.54,2.23,1.91,1.91,1.83,1.9,1.21,1.17,1.03,0.94,0.93,0.89
LBY,Libya,Climate Watch,Electricity/Heat,All GHG,MtCO₂e,23.68,23.63,19.5,24.22,24.07,23.06,21.06,26.17,25.8,27.91,26.2,19.25,26.74,26.24,25.7,24.96,26.3,24.85,21.49,22.37,20.77,19.61,19.41,18.8,18.05,17.15,17.3,17.12,14.39,12.03,11.82,11.89,11.71
LBY,Libya,Climate Watch,Building,All GHG,MtCO₂e,1.29,1.27,1.25,1.31,1.4,1.45,1.4,1.37,1.81,2.08,2.31,1.39,2.34,2.29,1.97,1.82,1.85,2.66,2.67,2.78,2.73,2.66,2.57,2.53,2.36,2.33,2.24,2.1,1.95,1.76,1.64,1.58,1.46
LBY,Libya,Climate Watch,Manufacturing/Construction,All GHG,MtCO₂e,2.44,2.21,1.47,2.19,2.59,2.65,2.77,3.38,4.86,4.69,2.54,2.51,3.5,4.23,3.66,2.77,2.74,3.84,3.75,3.18,3.16,3.3,3.17,3.03,2.98,3.09,2.71,2.74,2.37,2.03,2.4,2.21,2.09
LBY,Libya,Climate Watch,Transportation,All GHG,MtCO₂e,18.07,17.36,17.17,17.55,17.25,17.7,18.77,15.57,20.07,18.17,17.33,13.97,18.7,16.01,13.82,12.1,13.29,13.19,12.7,12.18,12.0,11.77,11.4,11.21,10.19,10.34,10.77,9.75,9.05,7.62,6.48,6.39,6.34
LBY,Libya,Climate Watch,Fugitive Emissions,All GHG,MtCO₂e,49.23,55.17,20.68,52.6,48.03,41.16,22.83,24.08,26.34,42.52,61.93,22.02,59.58,56.44,62.76,62.14,63.7,62.25,57.91,55.25,49.28,51.34,55.46,52.64,56.24,57.38,63.38,62.34,58.62,50.64,45.18,52.79,49.12
LCA,Saint Lucia,Climate Watch,Total excluding LUCF,All GHG,MtCO₂e,0.63,0.6,0.57,0.59,0.6,0.6,0.57,0.57,0.57,0.57,0.57,0.57,0.66,0.6,0.6,0.59,0.58,0.56,0.56,0.53,0.51,0.52,0.5,0.62,0.72,0.8,0.91,1.01,1.11,0.31,0.29,0.27,0.25
LCA,Saint Lucia,Climate Watch,Total including LUCF,All GHG,MtCO₂e,0.48,0.45,0.42,0.44,0.45,0.45,0.43,0.42,0.43,0.43,0.43,0.42,0.54,0.48,0.47,0.47,0.46,0.43,0.44,0.41,0.39,0.4,0.36,0.48,0.58,0.66,0.77,0.87,0.97,0.17,0.15,0.13,0.12
LCA,Saint Lucia,Climate Watch,Energy,All GHG,MtCO₂e,0.55,0.53,0.49,0.52,0.53,0.53,0.5,0.5,0.51,0.51,0.51,0.5,0.51,0.45,0.45,0.44,0.43,0.41,0.42,0.4,0.38,0.39,0.37,0.37,0.35,0.32,0.32,0.3,0.28,0.25,0.23,0.2,0.2
LCA,Saint Lucia,Climate Watch,Industrial Processes,All GHG,MtCO₂e,0.03,0.03,0.03,0.02,0.02,0.02,0.02,0.02,0.02,0.02,0.02,0.02,0.02,0.02,0.01,0.01,0.01,0.01,0.01,0.01,0.01,0.0,0.0,0.0,0.0,0.0,0.0,0.0,0.0,0.0,0.0,0.0,0.0
LCA,Saint Lucia,Climate Watch,Agriculture,All GHG,MtCO₂e,0.04,0.03,0.04,0.04,0.04,0.04,0.04,0.04,0.04,0.03,0.04,0.03,0.04,0.03,0.03,0.03,0.03,0.04,0.03,0.04,0.03,0.03,0.04,0.04,0.04,0.04,0.04,0.04,0.04,0.05,0.05,0.05,0.05
LCA,Saint Lucia,Climate Watch,Waste,All GHG,MtCO₂e,0.01,0.01,0.01,0.01,0.01,0.01,0.01,0.01,0.01,0.01,0.01,0.01,0.1,0.1,0.1,0.1,0.1,0.1,0.1,0.09,0.09,0.09,0.09,0.21,0.32,0.44,0.55,0.67,0.79,0.01,0.01,0.01,0.01
LCA,Saint Lucia,Climate Watch,Land-Use Change and Forestry,All GHG,MtCO₂e,-0.15,-0.15,-0.15,-0.15,-0.15,-0.15,-0.15,-0.15,-0.15,-0.15,-0.15,-0.15,-0.12,-0.12,-0.12,-0.12,-0.12,-0.12,-0.12,-0.12,-0.12,-0.12,-0.14,-0.14,-0.14,-0.14,-0.14,-0.14,-0.14,-0.14,-0.14,-0.14,-0.14
LCA,Saint Lucia,Climate Watch,Bunker Fuels,All GHG,MtCO₂e,0.15,0.09,0.09,0.11,0.1,0.11,0.1,0.1,0.1,0.1,0.11,0.1,0.11,0.11,0.11,0.1,0.08,0.1,0.08,0.06,0.04,0.09,0.08,0.07,0.07,0.07,0.06,0.06,0.06,0.06,0.06,0.05,0.05
LCA,Saint Lucia,Climate Watch,Electricity/Heat,All GHG,MtCO₂e,0.26,0.24,0.23,0.26,0.26,0.26,0.26,0.25,0.25,0.25,0.25,0.25,0.25,0.22,0.22,0.22,0.21,0.2,0.19,0.19,0.18,0.19,0.18,0.17,0.16,0.15,0.14,0.14,0.13,0.12,0.11,0.1,0.1
LCA,Saint Lucia,Climate Watch,Building,All GHG,MtCO₂e,0.03,0.03,0.03,0.03,0.03,0.03,0.03,0.03,0.03,0.03,0.03,0.02,0.03,0.03,0.03,0.03,0.03,0.03,0.03,0.04,0.04,0.03,0.03,0.03,0.02,0.02,0.02,0.01,0.01,0.01,0.01,0.01,0.01
LCA,Saint Lucia,Climate Watch,Manufacturing/Construction,All GHG,MtCO₂e,0.01,0.01,0.01,0.01,0.01,0.01,0.01,0.01,0.01,0.01,0.01,0.01,0.01,0.0,0.0,0.0,0.0,0.0,0.0,0.0,0.0,0.0,0.0,0.0,0.0,0.0,0.0,0.0,0.0,0.0,0.0,0.0,0.0
LCA,Saint Lucia,Climate Watch,Transportation,All GHG,MtCO₂e,0.25,0.23,0.22,0.22,0.22,0.22,0.21,0.21,0.21,0.21,0.21,0.21,0.21,0.19,0.19,0.19,0.18,0.17,0.19,0.17,0.16,0.17,0.15,0.16,0.17,0.15,0.16,0.14,0.14,0.12,0.11,0.09,0.09
LCA,Saint Lucia,Climate Watch,Other Fuel Combustion,All GHG,MtCO₂e,0.01,0.01,0.01,0.01,0.01,0.01,0.01,0.01,0.01,0.01,0.01,0.01,0.01,0.0,0.0,0.0,0.0,0.0,0.0,0.0,0.0,0.0,0.0,0.0,0.0,0.0,0.0,0.0,0.0,0.0,0.0,0.0,0.0
LCA,Saint Lucia,Climate Watch,Fugitive Emissions,All GHG,MtCO₂e,0.0,0.0,0.0,0.0,0.0,0.0,0.0,0.0,0.0,0.0,0.0,0.0,0.0,0.0,0.0,0.0,0.0,0.0,0.0,0.0,0.0,0.0,0.0,0.0,0.0,0.0,0.0,0.0,0.0,0.0,0.0,0.0,0.0
LIE,Liechtenstein,Climate Watch,Total excluding LUCF,All GHG,MtCO₂e,0.18,0.18,0.18,0.18,0.18,0.19,0.18,0.19,0.2,0.23,0.22,0.21,0.22,0.24,0.25,0.23,0.26,0.26,0.26,0.26,0.25,0.24,0.24,0.25,0.25,0.24,0.23,0.23,0.23,0.24,0.23,0.23,0.2
LIE,Liechtenstein,Climate Watch,Total including LUCF,All GHG,MtCO₂e,0.18,0.18,0.18,0.18,0.18,0.19,0.18,0.19,0.2,0.23,0.22,0.21,0.25,0.27,0.28,0.26,0.29,0.29,0.29,0.29,0.28,0.27,0.27,0.27,0.28,0.27,0.25,0.25,0.25,0.26,0.25,0.25,0.22
LIE,Liechtenstein,Climate Watch,Energy,All GHG,MtCO₂e,0.15,0.15,0.14,0.15,0.14,0.16,0.15,0.16,0.16,0.19,0.19,0.18,0.19,0.21,0.22,0.2,0.23,0.23,0.23,0.23,0.22,0.22,0.22,0.23,0.23,0.22,0.21,0.2,0.2,0.22,0.21,0.21,0.2
LIE,Liechtenstein,Climate Watch,Industrial Processes,All GHG,MtCO₂e,0.01,0.01,0.01,0.01,0.01,0.01,0.01,0.01,0.01,0.01,0.01,0.01,0.01,0.01,0.01,0.01,0.01,0.01,0.01,0.01,0.01,0.0,0.0,0.0,0.0,0.0,0.0,0.0,0.0,0.0,0.0,0.0,0.0
LIE,Liechtenstein,Climate Watch,Agriculture,All GHG,MtCO₂e,0.02,0.02,0.02,0.02,0.02,0.02,0.02,0.02,0.02,0.02,0.02,0.02,0.02,0.02,0.02,0.02,0.02,0.02,0.02,0.02,0.02,0.02,0.02,0.02,0.02,0.02,0.02,0.02,0.02,0.02,0.02,0.02,0.0
LIE,Liechtenstein,Climate Watch,Waste,All GHG,MtCO₂e,0.0,0.0,0.0,0.0,0.0,0.0,0.0,0.0,0.0,0.0,0.0,0.0,0.0,0.0,0.0,0.0,0.0,0.0,0.0,0.0,0.0,0.0,0.0,0.0,0.0,0.0,0.0,0.0,0.0,0.0,0.0,0.0,0.0
LIE,Liechtenstein,Climate Watch,Land-Use Change and Forestry,All GHG,MtCO₂e,0.0,0.0,0.0,0.0,0.0,0.0,0.0,0.0,0.0,0.0,0.0,0.0,0.03,0.03,0.03,0.03,0.03,0.03,0.03,0.03,0.03,0.03,0.02,0.02,0.02,0.02,0.02,0.02,0.02,0.02,0.02,0.02,0.02
LIE,Liechtenstein,Climate Watch,Fugitive Emissions,All GHG,MtCO₂e,0.0,0.0,0.0,0.0,0.0,0.0,0.0,0.0,0.0,0.0,0.0,0.0,0.0,0.0,0.0,0.0,0.0,0.0,0.0,0.0,0.0,0.0,0.0,0.0,0.0,0.0,0.0,0.0,0.0,0.0,0.0,0.0,0.0
LKA,Sri Lanka,Climate Watch,Total excluding LUCF,All GHG,MtCO₂e,35.65,37.84,37.75,38.12,35.75,36.37,37.56,34.26,31.85,29.39,32.29,30.48,28.4,26.95,27.62,27.2,26.2,27.65,25.52,25.33,23.95,23.08,23.21,23.82,24.31,26.79,28.59,28.61,30.56,26.65,23.43,18.54,19.02
LKA,Sri Lanka,Climate Watch,Total including LUCF,All GHG,MtCO₂e,37.42,39.62,39.53,39.9,37.55,38.17,39.37,34.75,32.35,29.91,32.81,31.01,30.73,29.28,29.96,29.55,28.56,30.02,27.89,27.7,26.32,25.45,27.71,28.36,28.83,31.29,33.12,33.1,35.04,31.14,27.92,23.03,23.51
LKA,Sri Lanka,Climate Watch,Energy,All GHG,MtCO₂e,20.89,23.61,23.39,25.07,23.14,24.7,24.92,21.26,19.75,16.75,19.82,17.94,16.39,15.44,15.83,16.63,15.47,17.06,15.91,15.51,14.48,14.03,14.15,12.73,11.93,11.67,11.66,9.06,9.09,8.56,8.69,7.55,7.4
LKA,Sri Lanka,Climate Watch,Industrial Processes,All GHG,MtCO₂e,2.9,2.29,2.08,1.83,1.58,1.53,1.44,1.24,1.07,1.07,1.1,1.05,0.95,0.98,0.92,0.87,0.81,0.76,0.7,0.59,0.52,0.54,0.48,0.46,0.42,0.45,0.43,0.41,0.42,0.32,0.37,0.2,0.2
LKA,Sri Lanka,Climate Watch,Agriculture,All GHG,MtCO₂e,6.63,6.77,7.17,6.18,6.05,5.24,6.37,7.02,6.37,7.02,6.93,7.14,6.83,6.4,6.86,5.84,6.17,6.21,5.43,5.89,5.76,5.48,5.72,5.96,5.49,6.4,6.41,7.25,7.36,7.06,6.84,6.65,7.3
LKA,Sri Lanka,Climate Watch,Waste,All GHG,MtCO₂e,5.23,5.17,5.11,5.05,4.98,4.91,4.83,4.74,4.65,4.55,4.45,4.34,4.23,4.12,3.99,3.87,3.74,3.61,3.48,3.34,3.19,3.03,2.86,4.67,6.47,8.28,10.08,11.89,13.69,10.71,7.53,4.14,4.13
LKA,Sri Lanka,Climate Watch,Land-Use Change and Forestry,All GHG,MtCO₂e,1.78,1.78,1.78,1.78,1.8,1.8,1.81,0.5,0.5,0.51,0.52,0.53,2.34,2.34,2.34,2.35,2.36,2.37,2.37,2.38,2.37,2.37,4.5,4.54,4.52,4.5,4.53,4.49,4.49,4.49,4.49,4.49,4.49
LKA,Sri Lanka,Climate Watch,Bunker Fuels,All GHG,MtCO₂e,2.38,2.26,1.75,3.31,3.56,3.56,3.6,2.49,2.82,2.13,2.2,1.9,1.01,0.87,0.95,0.87,1.41,1.5,0.79,0.72,0.82,0.71,0.84,0.75,0.83,0.88,1.26,1.11,1.11,1.11,0.96,0.98,1.23
LKA,Sri Lanka,Climate Watch,Electricity/Heat,All GHG,MtCO₂e,7.7,8.35,9.52,9.74,8.18,9.52,8.71,6.81,6.84,4.07,6.51,5.19,3.43,4.13,4.04,4.12,3.41,4.67,4.47,3.97,3.52,3.08,3.33,1.57,1.33,1.51,1.21,0.36,0.44,0.42,0.79,0.32,0.15
LKA,Sri Lanka,Climate Watch,Building,All GHG,MtCO₂e,3.08,3.22,3.29,3.18,3.12,3.12,3.12,3.15,3.21,3.26,3.35,3.45,4.13,4.0,3.89,3.84,3.83,3.8,3.7,3.72,3.65,3.75,3.75,3.83,3.83,3.83,3.77,3.72,3.77,3.78,3.78,3.74,3.71
LKA,Sri Lanka,Climate Watch,Manufacturing/Construction,All GHG,MtCO₂e,1.02,1.35,0.93,1.06,1.0,0.86,1.0,1.47,1.14,1.15,1.27,1.14,1.16,1.14,1.2,1.26,1.29,1.32,0.96,1.3,1.0,0.96,0.92,1.08,1.06,0.87,0.79,0.52,0.66,0.7,0.65,0.41,0.45
LKA,Sri Lanka,Climate Watch,Transportation,All GHG,MtCO₂e,8.99,10.36,9.1,10.44,10.19,10.7,11.55,9.44,8.21,7.9,8.17,7.54,7.06,5.62,6.14,6.7,6.11,6.44,5.96,5.77,5.42,5.32,5.25,5.5,4.96,4.75,5.17,3.77,3.55,3.06,2.86,2.57,2.55
LKA,Sri Lanka,Climate Watch,Other Fuel Combustion,All GHG,MtCO₂e,0.09,0.32,0.55,0.64,0.65,0.49,0.53,0.39,0.36,0.37,0.52,0.61,0.61,0.55,0.57,0.71,0.83,0.84,0.82,0.75,0.9,0.93,0.9,0.76,0.74,0.7,0.72,0.7,0.66,0.6,0.6,0.51,0.53
LKA,Sri Lanka,Climate Watch,Fugitive Emissions,All GHG,MtCO₂e,0.01,0.01,0.01,0.0,0.0,0.0,0.0,0.0,0.0,0.0,0.0,0.0,0.0,0.0,0.0,0.0,0.0,0.0,0.0,0.0,0.0,0.0,0.0,0.0,0.0,0.0,0.0,0.0,0.0,0.0,0.0,0.0,0.0
LSO,Lesotho,Climate Watch,Total excluding LUCF,All GHG,MtCO₂e,3.86,4.51,3.21,3.71,3.83,4.12,3.69,3.74,3.96,3.84,4.67,4.64,3.88,3.85,3.73,3.77,3.67,3.72,3.53,3.56,3.48,3.67,3.66,3.72,3.16,3.35,3.24,3.23,3.3,3.27,3.27,3.05,3.0
LSO,Lesotho,Climate Watch,Total including LUCF,All GHG,MtCO₂e,3.86,4.51,3.21,3.71,3.83,4.12,3.69,3.74,3.96,3.84,4.67,4.64,3.88,3.85,3.73,3.77,3.67,3.72,3.53,3.56,3.48,3.67,3.66,3.73,3.24,3.36,3.24,3.23,3.31,3.28,3.27,3.06,3.01
LSO,Lesotho,Climate Watch,Energy,All GHG,MtCO₂e,2.54,3.24,2.09,2.3,2.28,2.4,2.13,2.14,2.35,2.21,2.92,2.88,2.16,2.1,2.01,1.96,1.92,1.9,1.87,1.83,1.8,1.77,1.75,1.73,1.71,1.68,1.64,1.62,1.58,1.54,1.5,1.45,1.4
LSO,Lesotho,Climate Watch,Industrial Processes,All GHG,MtCO₂e,0.05,0.05,0.04,0.04,0.04,0.03,0.03,0.03,0.03,0.03,0.03,0.03,0.03,0.02,0.02,0.02,0.01,0.01,0.01,0.01,0.01,0.01,0.0,0.0,0.0,0.0,0.0,0.0,0.0,0.0,0.0,0.0,0.0
LSO,Lesotho,Climate Watch,Agriculture,All GHG,MtCO₂e,1.07,1.02,0.89,1.18,1.33,1.49,1.34,1.38,1.4,1.43,1.55,1.55,1.52,1.54,1.53,1.61,1.56,1.63,1.47,1.55,1.49,1.71,1.73,1.81,1.28,1.5,1.42,1.44,1.51,1.56,1.6,1.44,1.45
LSO,Lesotho,Climate Watch,Waste,All GHG,MtCO₂e,0.2,0.2,0.2,0.19,0.19,0.19,0.19,0.19,0.18,0.18,0.18,0.18,0.18,0.18,0.18,0.18,0.18,0.18,0.18,0.18,0.18,0.18,0.18,0.18,0.17,0.17,0.17,0.17,0.2,0.16,0.16,0.16,0.16
LSO,Lesotho,Climate Watch,Land-Use Change and Forestry,All GHG,MtCO₂e,0.0,0.0,0.0,0.0,0.0,0.0,0.0,0.0,0.0,0.0,0.0,0.0,0.0,0.0,0.0,0.0,0.0,0.0,0.0,0.0,0.0,0.0,0.0,0.01,0.08,0.01,0.0,0.01,0.01,0.01,0.01,0.01,0.01
LSO,Lesotho,Climate Watch,Bunker Fuels,All GHG,MtCO₂e,0.0,0.0,0.0,0.0,0.0,0.0,0.0,0.0,0.0,0.0,0.0,0.0,0.0,0.0,0.0,0.0,0.0,0.0,0.0,0.0,0.0,0.0,0.0,0.0,0.0,0.0,0.0,0.0,0.0,0.0,0.0,0.0,0.0
LSO,Lesotho,Climate Watch,Electricity/Heat,All GHG,MtCO₂e,0.0,0.0,0.0,0.0,0.0,0.0,0.0,N/A,N/A,N/A,N/A,N/A,N/A,N/A,N/A,N/A,N/A,N/A,N/A,N/A,N/A,N/A,N/A,N/A,N/A,N/A,N/A,N/A,N/A,N/A,N/A,N/A,N/A
LSO,Lesotho,Climate Watch,Building,All GHG,MtCO₂e,0.17,0.15,0.16,0.12,0.12,0.12,0.11,0.1,0.1,0.11,0.11,0.12,0.12,0.13,0.1,0.11,0.11,0.1,0.13,0.12,0.12,0.11,0.11,0.11,0.11,0.11,0.1,0.1,0.1,0.1,0.09,0.09,0.09
LSO,Lesotho,Climate Watch,Manufacturing/Construction,All GHG,MtCO₂e,1.86,2.62,1.51,1.65,1.63,1.78,1.52,1.58,1.82,1.68,2.37,2.36,1.64,1.59,1.56,1.53,1.51,1.48,1.46,1.43,1.41,1.38,1.36,1.35,1.33,1.31,1.28,1.26,1.23,1.19,1.16,1.11,1.06
LSO,Lesotho,Climate Watch,Transportation,All GHG,MtCO₂e,0.5,0.47,0.42,0.53,0.53,0.5,0.5,0.47,0.43,0.42,0.44,0.41,0.4,0.39,0.35,0.32,0.31,0.32,0.28,0.28,0.28,0.27,0.27,0.27,0.27,0.26,0.26,0.26,0.26,0.25,0.25,0.25,0.25
LSO,Lesotho,Climate Watch,Fugitive Emissions,All GHG,MtCO₂e,0.0,0.0,0.0,0.0,0.0,0.0,0.0,0.0,0.0,0.0,0.0,0.0,0.0,0.0,0.0,0.0,0.0,0.0,0.0,0.0,0.0,0.0,0.0,0.0,0.0,0.0,0.0,0.0,0.0,0.0,0.0,0.0,0.0
LTU,Lithuania,Climate Watch,Total excluding LUCF,All GHG,MtCO₂e,20.19,21.02,20.68,20.73,20.58,20.75,20.81,20.73,20.43,20.72,21.51,21.28,22.07,20.86,22.67,23.03,22.55,22.31,21.36,20.56,20.4,20.04,19.82,21.65,24.44,23.65,23.92,23.34,24.98,26.84,32.88,46.96,45.22
LTU,Lithuania,Climate Watch,Total including LUCF,All GHG,MtCO₂e,24.53,25.37,25.02,25.07,24.93,25.11,25.18,19.65,19.35,19.71,20.49,20.25,27.14,25.93,27.77,28.13,27.65,27.4,26.47,25.71,25.55,25.21,25.51,27.34,30.16,29.39,29.66,29.11,30.74,32.61,38.65,52.76,51.03
LTU,Lithuania,Climate Watch,Energy,All GHG,MtCO₂e,11.66,12.23,11.86,11.93,11.89,11.55,11.52,11.31,11.19,11.56,12.22,12.15,13.0,12.07,13.31,13.37,13.2,13.14,12.2,11.55,11.53,11.44,10.79,12.46,14.88,14.14,14.5,14.01,15.02,15.99,19.83,35.1,33.01
LTU,Lithuania,Climate Watch,Industrial Processes,All GHG,MtCO₂e,2.33,2.26,2.17,2.21,2.14,2.23,2.23,2.16,2.02,1.88,1.88,1.73,1.63,1.27,1.82,1.76,1.59,1.35,1.25,1.16,1.1,0.96,1.02,0.95,1.01,0.8,0.71,0.65,0.66,0.62,1.06,0.01,0.01
LTU,Lithuania,Climate Watch,Agriculture,All GHG,MtCO₂e,5.14,5.43,5.5,5.42,5.33,5.63,5.69,5.84,5.73,5.73,5.81,5.78,5.75,5.81,5.81,6.05,5.9,5.94,5.98,5.9,5.82,5.68,6.11,6.33,6.63,6.8,6.8,6.78,7.4,8.33,10.1,9.97,10.31
LTU,Lithuania,Climate Watch,Waste,All GHG,MtCO₂e,1.06,1.1,1.16,1.18,1.22,1.35,1.37,1.42,1.48,1.56,1.6,1.62,1.69,1.7,1.73,1.84,1.87,1.89,1.93,1.96,1.96,1.95,1.91,1.91,1.91,1.91,1.91,1.9,1.91,1.9,1.88,1.86,1.83
LTU,Lithuania,Climate Watch,Land-Use Change and Forestry,All GHG,MtCO₂e,4.35,4.35,4.34,4.34,4.35,4.36,4.37,-1.07,-1.07,-1.02,-1.02,-1.02,5.07,5.07,5.1,5.1,5.09,5.09,5.11,5.15,5.16,5.17,5.69,5.69,5.72,5.73,5.74,5.77,5.76,5.77,5.77,5.8,5.8
LTU,Lithuania,Climate Watch,Bunker Fuels,All GHG,MtCO₂e,0.8,0.79,0.75,1.0,1.03,0.88,0.81,0.49,0.27,0.49,0.58,0.62,0.6,0.52,0.52,0.58,0.6,0.6,0.46,0.45,0.43,0.41,0.37,0.31,0.25,0.29,0.52,0.57,0.61,0.63,1.13,0.99,0.71
LTU,Lithuania,Climate Watch,Electricity/Heat,All GHG,MtCO₂e,2.54,2.83,2.7,2.37,2.55,2.67,3.0,3.28,3.24,3.94,4.52,4.56,5.44,4.93,4.94,4.77,5.27,5.72,5.42,5.25,5.35,5.55,5.08,6.06,7.51,6.66,7.13,6.43,7.29,7.36,8.68,14.75,13.69
LTU,Lithuania,Climate Watch,Building,All GHG,MtCO₂e,1.3,1.35,1.18,1.27,1.36,1.3,1.23,1.1,1.2,1.31,1.33,1.41,1.39,1.26,1.26,1.3,1.35,1.22,1.16,1.15,1.11,1.05,1.08,1.28,1.37,1.6,1.83,2.12,2.43,2.56,2.96,6.38,5.68
LTU,Lithuania,Climate Watch,Manufacturing/Construction,All GHG,MtCO₂e,1.22,1.27,1.18,1.29,1.25,1.17,1.15,1.18,1.31,1.41,1.47,1.37,1.27,1.18,1.47,1.62,1.62,1.51,1.23,1.14,1.12,1.05,1.08,1.19,1.53,1.56,1.53,1.74,2.04,1.99,3.04,6.2,6.14
LTU,Lithuania,Climate Watch,Transportation,All GHG,MtCO₂e,6.12,6.24,6.26,6.42,6.19,5.82,5.56,5.18,4.88,4.39,4.39,4.36,4.39,4.25,5.15,5.17,4.45,4.17,3.93,3.59,3.53,3.41,3.13,3.51,3.94,3.74,3.34,3.04,2.5,3.17,4.14,6.27,5.68
LTU,Lithuania,Climate Watch,Other Fuel Combustion,All GHG,MtCO₂e,0.3,0.27,0.26,0.25,0.23,0.24,0.24,0.24,0.26,0.24,0.24,0.24,0.24,0.21,0.24,0.25,0.24,0.22,0.21,0.19,0.19,0.18,0.19,0.22,0.31,0.36,0.43,0.43,0.5,0.65,0.74,1.22,1.52
LTU,Lithuania,Climate Watch,Fugitive Emissions,All GHG,MtCO₂e,0.18,0.27,0.28,0.33,0.3,0.34,0.34,0.34,0.32,0.27,0.27,0.21,0.27,0.24,0.26,0.26,0.28,0.3,0.25,0.23,0.23,0.21,0.22,0.21,0.22,0.23,0.23,0.26,0.26,0.26,0.28,0.29,0.3
LUX,Luxembourg,Climate Watch,Total excluding LUCF,All GHG,MtCO₂e,8.11,9.25,8.9,10.57,10.39,10.1,9.93,10.21,10.72,11.24,11.75,11.98,12.11,11.51,12.1,12.18,12.76,12.97,12.73,11.28,10.87,10.1,9.52,8.97,8.58,9.26,9.76,9.67,11.82,12.66,12.45,12.76,12.27
LUX,Luxembourg,Climate Watch,Total including LUCF,All GHG,MtCO₂e,7.84,8.98,8.63,10.3,10.12,9.83,9.65,9.97,10.48,11.0,11.51,11.74,11.59,11.0,11.58,11.66,12.25,12.45,12.21,10.77,10.35,9.58,8.97,8.34,7.94,8.62,9.12,9.03,11.18,12.02,11.81,12.12,11.63
LUX,Luxembourg,Climate Watch,Energy,All GHG,MtCO₂e,6.92,8.05,7.65,9.31,9.15,8.83,8.68,8.99,9.48,10.0,10.53,10.73,10.87,10.29,10.86,10.92,11.52,11.72,11.45,10.05,9.57,8.86,8.23,7.61,7.26,7.94,8.44,8.36,10.46,11.35,11.05,11.36,10.85
LUX,Luxembourg,Climate Watch,Industrial Processes,All GHG,MtCO₂e,0.42,0.4,0.44,0.44,0.42,0.43,0.41,0.39,0.42,0.43,0.44,0.44,0.42,0.41,0.43,0.46,0.46,0.46,0.47,0.43,0.48,0.46,0.52,0.49,0.47,0.46,0.44,0.45,0.5,0.44,0.53,0.52,0.54
LUX,Luxembourg,Climate Watch,Agriculture,All GHG,MtCO₂e,0.62,0.66,0.66,0.67,0.67,0.69,0.69,0.68,0.66,0.66,0.64,0.65,0.67,0.66,0.65,0.64,0.63,0.64,0.65,0.64,0.66,0.61,0.61,0.71,0.68,0.69,0.7,0.7,0.69,0.7,0.7,0.71,0.71
LUX,Luxembourg,Climate Watch,Waste,All GHG,MtCO₂e,0.15,0.15,0.15,0.15,0.15,0.15,0.15,0.15,0.15,0.15,0.15,0.15,0.15,0.16,0.16,0.16,0.16,0.16,0.16,0.16,0.16,0.16,0.16,0.17,0.17,0.17,0.16,0.16,0.16,0.17,0.17,0.17,0.17
LUX,Luxembourg,Climate Watch,Land-Use Change and Forestry,All GHG,MtCO₂e,-0.28,-0.28,-0.28,-0.28,-0.28,-0.27,-0.28,-0.24,-0.24,-0.24,-0.24,-0.24,-0.51,-0.51,-0.51,-0.51,-0.51,-0.51,-0.51,-0.51,-0.51,-0.51,-0.55,-0.64,-0.64,-0.64,-0.64,-0.64,-0.64,-0.64,-0.64,-0.64,-0.64
LUX,Luxembourg,Climate Watch,Bunker Fuels,All GHG,MtCO₂e,1.95,1.88,1.64,1.81,1.85,1.73,1.53,1.38,1.22,1.12,1.12,1.21,1.3,1.26,1.32,1.31,1.22,1.3,1.28,1.18,1.13,1.04,0.97,1.0,0.85,0.76,0.62,0.57,0.5,0.4,0.4,0.41,0.4
LUX,Luxembourg,Climate Watch,Electricity/Heat,All GHG,MtCO₂e,0.21,0.25,0.24,0.25,0.25,0.27,0.28,0.49,0.71,0.76,1.12,1.09,1.29,1.25,1.11,1.27,1.42,1.36,1.38,1.17,1.16,0.42,0.24,0.18,0.16,0.45,0.74,0.91,1.39,1.77,1.75,1.86,1.73
LUX,Luxembourg,Climate Watch,Building,All GHG,MtCO₂e,1.39,1.61,1.58,1.61,1.61,1.68,1.63,1.56,1.35,1.51,1.48,1.36,1.65,1.57,1.57,1.5,1.59,1.62,1.7,1.65,1.61,1.67,1.63,1.4,1.57,1.51,1.55,1.38,1.37,1.43,1.45,1.57,1.3
LUX,Luxembourg,Climate Watch,Manufacturing/Construction,All GHG,MtCO₂e,0.78,0.96,0.93,1.01,0.99,0.97,0.97,0.97,1.0,1.01,1.06,1.09,1.12,1.04,1.22,1.27,1.36,1.28,1.29,1.14,1.26,1.45,1.31,1.55,1.5,2.14,2.55,2.57,4.01,4.51,4.23,4.67,5.1
LUX,Luxembourg,Climate Watch,Transportation,All GHG,MtCO₂e,4.44,5.11,4.78,6.35,6.21,5.81,5.7,5.88,6.32,6.61,6.76,7.08,6.68,6.32,6.85,6.76,7.03,7.35,6.97,5.98,5.42,5.21,4.96,4.35,3.91,3.74,3.53,3.43,3.6,3.55,3.52,3.22,2.69
LUX,Luxembourg,Climate Watch,Other Fuel Combustion,All GHG,MtCO₂e,0.07,0.07,0.07,0.06,0.06,0.06,0.07,0.06,0.06,0.06,0.06,0.05,0.07,0.07,0.06,0.06,0.05,0.05,0.05,0.06,0.06,0.07,0.06,0.09,0.09,0.07,0.05,0.03,0.06,0.06,0.07,0.02,0.02
LUX,Luxembourg,Climate Watch,Fugitive Emissions,All GHG,MtCO₂e,0.03,0.03,0.03,0.03,0.03,0.04,0.04,0.04,0.04,0.05,0.05,0.05,0.06,0.06,0.06,0.06,0.06,0.06,0.06,0.05,0.05,0.04,0.03,0.03,0.03,0.03,0.03,0.03,0.02,0.02,0.02,0.02,0.02
LVA,Latvia,Climate Watch,Total excluding LUCF,All GHG,MtCO₂e,10.74,11.41,11.24,11.89,12.03,11.54,11.59,11.76,11.75,11.82,11.9,12.14,12.79,11.68,12.44,12.76,12.36,11.86,11.71,11.77,11.51,11.48,10.99,11.81,12.52,12.97,13.56,13.56,15.31,18.37,21.6,24.25,25.96
LVA,Latvia,Climate Watch,Total including LUCF,All GHG,MtCO₂e,10.85,11.51,11.34,11.98,12.12,11.63,11.67,11.98,11.96,12.08,12.16,12.39,1.87,0.72,1.46,1.73,1.29,0.77,0.61,0.62,0.32,0.28,0.96,1.55,2.1,2.51,3.06,3.06,4.64,7.7,10.93,13.58,15.28
LVA,Latvia,Climate Watch,Energy,All GHG,MtCO₂e,6.42,7.07,6.86,7.52,7.75,7.25,7.3,7.33,7.29,7.44,7.53,7.83,8.61,7.78,8.51,8.96,8.62,8.21,8.09,8.06,7.84,7.86,7.41,8.02,8.65,9.07,9.58,9.58,10.84,12.45,14.54,17.99,19.53
LVA,Latvia,Climate Watch,Industrial Processes,All GHG,MtCO₂e,0.83,0.82,0.82,0.84,0.84,0.73,0.64,0.75,0.82,0.79,0.81,0.8,0.67,0.39,0.37,0.35,0.32,0.26,0.25,0.24,0.22,0.2,0.17,0.22,0.17,0.17,0.16,0.13,0.11,0.05,0.2,0.06,0.06
LVA,Latvia,Climate Watch,Agriculture,All GHG,MtCO₂e,3.0,3.02,3.06,3.02,2.93,3.06,3.1,3.13,3.03,2.97,2.92,2.87,2.83,2.82,2.88,2.8,2.77,2.73,2.7,2.77,2.71,2.66,2.67,2.86,2.99,3.03,3.14,3.17,3.69,5.19,6.1,5.39,5.57
LVA,Latvia,Climate Watch,Waste,All GHG,MtCO₂e,0.49,0.5,0.51,0.51,0.51,0.51,0.55,0.55,0.61,0.62,0.63,0.65,0.68,0.69,0.69,0.65,0.65,0.66,0.66,0.7,0.73,0.76,0.74,0.72,0.71,0.7,0.68,0.67,0.66,0.68,0.76,0.81,0.78
LVA,Latvia,Climate Watch,Land-Use Change and Forestry,All GHG,MtCO₂e,0.11,0.11,0.1,0.09,0.09,0.08,0.08,0.22,0.22,0.26,0.26,0.25,-10.92,-10.96,-10.97,-11.03,-11.06,-11.09,-11.1,-11.15,-11.19,-11.2,-10.03,-10.26,-10.42,-10.46,-10.5,-10.51,-10.67,-10.67,-10.67,-10.68,-10.68
LVA,Latvia,Climate Watch,Bunker Fuels,All GHG,MtCO₂e,0.77,0.89,0.83,1.39,0.58,1.25,1.37,1.13,1.07,1.14,1.12,1.04,1.16,1.18,0.95,0.81,0.83,1.01,0.79,0.72,0.74,0.7,0.11,0.12,0.14,0.33,0.41,0.56,0.97,0.76,0.66,0.75,1.73
LVA,Latvia,Climate Watch,Electricity/Heat,All GHG,MtCO₂e,1.04,1.5,1.42,1.88,2.0,1.61,1.91,1.89,1.81,2.1,1.99,2.2,2.39,2.0,2.07,2.12,2.24,2.22,2.25,2.46,2.5,2.63,2.73,3.27,3.7,3.84,4.34,4.11,4.48,5.33,7.1,8.85,9.87
LVA,Latvia,Climate Watch,Building,All GHG,MtCO₂e,1.03,1.08,1.0,1.02,1.09,1.06,1.02,1.03,1.11,1.1,1.17,1.2,1.3,1.25,1.23,1.28,1.28,1.24,1.24,1.18,1.13,1.13,0.97,1.09,1.12,1.22,1.37,1.38,1.97,2.36,2.42,3.27,2.84
LVA,Latvia,Climate Watch,Manufacturing/Construction,All GHG,MtCO₂e,0.64,0.7,0.72,0.71,0.79,0.65,0.67,0.79,0.88,0.92,1.1,1.06,1.17,0.89,1.11,1.21,1.19,1.13,1.12,1.1,1.05,1.01,1.04,1.19,1.32,1.42,1.25,1.37,1.44,1.58,1.59,1.85,2.57
LVA,Latvia,Climate Watch,Transportation,All GHG,MtCO₂e,3.12,3.2,3.11,3.3,3.33,3.32,3.16,3.14,2.97,2.84,2.81,2.91,3.27,3.2,3.64,3.85,3.41,3.09,2.96,2.82,2.67,2.59,2.19,1.98,2.01,2.04,2.0,2.08,2.18,2.36,2.55,2.91,3.18
LVA,Latvia,Climate Watch,Other Fuel Combustion,All GHG,MtCO₂e,0.51,0.49,0.5,0.49,0.45,0.44,0.41,0.38,0.37,0.37,0.37,0.39,0.38,0.33,0.34,0.39,0.39,0.38,0.39,0.37,0.32,0.34,0.32,0.32,0.31,0.35,0.41,0.41,0.54,0.58,0.64,0.84,0.79
LVA,Latvia,Climate Watch,Fugitive Emissions,All GHG,MtCO₂e,0.08,0.11,0.11,0.11,0.1,0.17,0.13,0.12,0.15,0.11,0.09,0.07,0.1,0.11,0.11,0.11,0.11,0.15,0.13,0.13,0.17,0.16,0.17,0.18,0.19,0.2,0.21,0.22,0.23,0.23,0.24,0.27,0.28
MAR,Morocco,Climate Watch,Total excluding LUCF,All GHG,MtCO₂e,102.92,104.25,97.43,101.51,94.64,92.97,88.58,89.41,87.02,85.52,85.07,87.43,86.62,81.61,80.37,75.87,73.67,70.72,67.15,59.81,58.4,55.5,50.44,49.23,47.05,46.15,44.19,43.58,42.84,39.64,39.33,37.68,36.47
MAR,Morocco,Climate Watch,Total including LUCF,All GHG,MtCO₂e,101.02,102.31,95.5,99.57,92.7,91.04,86.64,87.97,85.58,84.08,83.64,85.99,82.1,77.08,75.84,71.35,69.15,66.2,62.63,55.28,53.88,50.97,45.55,44.34,42.16,41.26,39.3,38.69,37.95,34.75,34.44,32.79,31.58
MAR,Morocco,Climate Watch,Energy,All GHG,MtCO₂e,68.52,68.79,63.56,67.38,60.77,59.35,56.46,56.57,54.9,52.91,53.66,52.18,47.87,44.66,45.17,42.79,42.07,41.28,39.52,34.2,34.47,33.31,30.64,30.15,28.59,27.89,26.71,27.06,25.96,23.79,23.06,21.51,20.54
MAR,Morocco,Climate Watch,Industrial Processes,All GHG,MtCO₂e,7.04,7.49,6.72,7.12,6.9,6.95,6.99,6.92,6.81,7.61,7.54,6.82,6.83,6.83,6.45,5.97,5.37,5.16,5.13,4.95,4.88,4.8,3.92,3.65,3.62,3.54,3.27,3.22,3.24,3.4,3.31,3.17,2.5
MAR,Morocco,Climate Watch,Agriculture,All GHG,MtCO₂e,14.84,15.64,15.01,15.05,15.24,15.18,13.9,14.97,14.61,14.58,13.74,14.13,13.45,13.12,13.24,13.09,13.69,13.23,12.93,12.58,12.46,12.29,12.27,11.91,11.43,11.4,11.0,10.19,10.62,10.04,11.19,11.9,12.34
MAR,Morocco,Climate Watch,Waste,All GHG,MtCO₂e,12.52,12.34,12.15,11.96,11.73,11.49,11.23,10.96,10.7,10.43,10.14,14.31,18.48,16.99,15.51,14.02,12.53,11.05,9.56,8.08,6.59,5.11,3.62,3.52,3.42,3.32,3.22,3.12,3.02,2.41,1.77,1.1,1.09
MAR,Morocco,Climate Watch,Land-Use Change and Forestry,All GHG,MtCO₂e,-1.91,-1.94,-1.93,-1.94,-1.94,-1.94,-1.94,-1.44,-1.44,-1.44,-1.43,-1.44,-4.52,-4.52,-4.52,-4.52,-4.52,-4.52,-4.52,-4.52,-4.52,-4.52,-4.89,-4.89,-4.89,-4.89,-4.89,-4.89,-4.89,-4.89,-4.89,-4.89,-4.89
MAR,Morocco,Climate Watch,Bunker Fuels,All GHG,MtCO₂e,2.46,1.64,1.33,2.92,2.79,2.61,2.5,2.5,2.38,2.2,2.06,2.24,2.23,2.0,1.99,1.99,1.77,1.62,1.46,0.97,0.95,0.95,0.96,0.98,0.95,0.84,0.81,0.78,0.71,0.75,0.73,0.63,0.86
MAR,Morocco,Climate Watch,Electricity/Heat,All GHG,MtCO₂e,32.13,30.38,28.51,28.98,23.41,22.62,21.71,22.32,21.68,19.16,20.6,20.0,17.79,15.9,16.95,16.75,17.02,16.89,15.98,14.58,14.12,13.28,11.28,11.05,10.67,10.68,9.99,11.74,10.24,9.29,8.44,7.87,7.95
MAR,Morocco,Climate Watch,Building,All GHG,MtCO₂e,8.97,8.77,8.66,8.4,8.07,7.95,7.78,7.48,7.35,7.06,6.94,6.61,6.42,6.27,6.31,6.12,5.83,5.65,5.6,4.49,4.43,4.3,4.18,4.1,3.89,3.74,3.54,3.44,3.31,3.17,2.96,2.78,2.47
MAR,Morocco,Climate Watch,Manufacturing/Construction,All GHG,MtCO₂e,6.65,7.62,6.72,7.65,7.88,7.94,6.93,7.49,7.73,8.79,8.88,8.64,7.67,7.24,7.65,6.8,6.78,6.68,6.41,4.17,5.38,5.63,5.56,5.8,5.42,5.39,5.53,4.66,5.58,5.0,5.86,5.66,5.41
MAR,Morocco,Climate Watch,Transportation,All GHG,MtCO₂e,17.87,18.97,16.94,19.29,18.49,17.99,17.35,16.67,15.68,15.48,14.92,14.7,13.89,13.2,12.48,11.39,10.73,10.42,10.01,9.54,9.15,8.74,8.32,7.91,7.4,6.96,6.52,6.1,5.75,5.32,4.89,4.41,3.98
MAR,Morocco,Climate Watch,Other Fuel Combustion,All GHG,MtCO₂e,2.81,2.95,2.65,2.98,2.84,2.77,2.63,2.53,2.39,2.34,2.25,2.16,2.05,2.01,1.73,1.68,1.66,1.6,1.51,1.42,1.37,1.34,1.28,1.28,1.2,1.12,1.11,1.1,1.07,0.99,0.88,0.76,0.71
MAR,Morocco,Climate Watch,Fugitive Emissions,All GHG,MtCO₂e,0.08,0.09,0.08,0.09,0.08,0.08,0.08,0.08,0.08,0.08,0.08,0.06,0.05,0.04,0.04,0.05,0.04,0.03,0.02,0.01,0.01,0.01,0.01,0.01,0.01,0.01,0.01,0.01,0.01,0.02,0.02,0.02,0.02
MDA,Moldova,Climate Watch,Total excluding LUCF,All GHG,MtCO₂e,12.42,14.12,13.19,13.64,13.45,12.86,12.91,12.68,12.57,12.03,12.93,13.25,13.06,12.07,12.77,12.84,12.58,12.94,12.56,12.57,11.97,11.8,11.58,12.43,14.03,15.55,17.26,19.19,21.3,24.39,27.92,32.91,38.97
MDA,Moldova,Climate Watch,Total including LUCF,All GHG,MtCO₂e,12.6,14.3,13.38,13.83,13.62,13.03,13.08,12.3,12.2,11.64,12.54,12.87,12.11,11.13,11.82,11.89,11.64,12.0,11.62,11.63,11.03,10.87,11.34,12.2,13.8,15.32,17.03,18.96,21.07,24.17,27.69,32.69,38.74
MDA,Moldova,Climate Watch,Energy,All GHG,MtCO₂e,8.31,9.8,8.92,9.2,8.9,8.43,8.63,8.47,8.22,7.7,8.72,8.94,8.86,8.06,8.26,8.34,8.38,8.78,8.38,8.35,7.75,7.56,7.26,7.81,9.12,10.06,11.12,12.75,14.61,17.86,20.86,25.66,31.71
MDA,Moldova,Climate Watch,Industrial Processes,All GHG,MtCO₂e,0.92,0.93,0.92,0.95,0.88,0.8,0.68,0.67,0.69,0.7,0.66,0.65,0.57,0.55,0.99,0.89,0.64,0.53,0.44,0.38,0.34,0.28,0.26,0.3,0.3,0.35,0.27,0.33,0.42,0.51,0.59,0.12,0.13
MDA,Moldova,Climate Watch,Agriculture,All GHG,MtCO₂e,1.28,1.48,1.43,1.55,1.71,1.66,1.61,1.54,1.64,1.59,1.51,1.63,1.57,1.49,1.61,1.83,1.86,1.94,2.08,2.15,2.15,2.15,2.14,2.29,2.42,2.85,3.48,3.61,3.7,3.37,3.77,4.54,4.69
MDA,Moldova,Climate Watch,Waste,All GHG,MtCO₂e,1.91,1.91,1.92,1.94,1.95,1.97,1.99,2.01,2.02,2.05,2.03,2.04,2.05,1.98,1.9,1.78,1.71,1.69,1.67,1.68,1.73,1.82,1.92,2.04,2.19,2.29,2.39,2.5,2.57,2.66,2.71,2.59,2.44
MDA,Moldova,Climate Watch,Land-Use Change and Forestry,All GHG,MtCO₂e,0.18,0.18,0.19,0.19,0.17,0.17,0.17,-0.39,-0.37,-0.38,-0.39,-0.38,-0.95,-0.94,-0.94,-0.94,-0.94,-0.94,-0.94,-0.94,-0.93,-0.93,-0.23,-0.23,-0.23,-0.23,-0.23,-0.23,-0.23,-0.23,-0.23,-0.23,-0.23
MDA,Moldova,Climate Watch,Bunker Fuels,All GHG,MtCO₂e,0.15,0.13,0.06,0.16,0.18,0.15,0.1,0.07,0.08,0.07,0.07,0.06,0.06,0.06,0.05,0.04,0.04,0.04,0.03,0.04,0.06,0.05,0.06,0.04,0.05,0.07,0.06,0.03,0.03,0.07,0.1,0.23,0.22
MDA,Moldova,Climate Watch,Electricity/Heat,All GHG,MtCO₂e,3.12,3.88,3.61,3.35,3.27,3.01,3.58,3.63,3.28,2.81,3.57,3.53,3.73,3.8,3.74,3.72,3.81,3.79,3.7,4.2,4.02,4.33,4.08,4.38,4.97,5.16,6.0,6.21,8.09,10.52,13.16,12.71,13.7
MDA,Moldova,Climate Watch,Building,All GHG,MtCO₂e,1.31,1.67,1.48,1.56,1.51,1.5,1.36,1.33,1.36,1.45,1.5,1.5,1.53,1.23,1.13,1.39,1.6,1.67,1.65,1.36,1.16,1.06,1.03,1.26,1.29,1.46,1.49,2.38,2.31,2.53,1.89,0.93,0.9
MDA,Moldova,Climate Watch,Manufacturing/Construction,All GHG,MtCO₂e,0.68,0.85,0.81,1.13,1.08,0.96,0.78,0.77,0.9,0.8,1.07,1.04,0.96,0.59,0.7,0.86,0.74,1.01,0.65,0.56,0.52,0.5,0.5,0.46,0.61,0.73,0.7,0.99,1.0,1.25,1.2,2.17,2.06
MDA,Moldova,Climate Watch,Transportation,All GHG,MtCO₂e,2.29,2.28,2.06,2.21,2.14,2.1,2.09,1.99,1.82,1.76,1.67,1.9,1.78,1.55,1.64,1.35,1.23,1.22,1.29,1.16,0.99,0.73,0.73,0.74,1.11,1.41,1.43,1.34,1.35,1.48,2.29,2.34,2.5
MDA,Moldova,Climate Watch,Other Fuel Combustion,All GHG,MtCO₂e,0.4,0.47,0.37,0.36,0.33,0.32,0.23,0.18,0.18,0.18,0.17,0.22,0.22,0.22,0.25,0.21,0.22,0.22,0.27,0.3,0.33,0.27,0.26,0.36,0.53,0.64,0.7,1.09,1.19,1.37,1.55,6.66,11.64
MDA,Moldova,Climate Watch,Fugitive Emissions,All GHG,MtCO₂e,0.5,0.65,0.59,0.59,0.58,0.53,0.58,0.58,0.67,0.69,0.73,0.74,0.65,0.67,0.81,0.81,0.77,0.88,0.82,0.76,0.72,0.67,0.67,0.62,0.62,0.66,0.81,0.74,0.67,0.69,0.77,0.85,0.91
MDG,Madagascar,Climate Watch,Total excluding LUCF,All GHG,MtCO₂e,33.52,33.06,32.45,32.9,31.16,32.5,33.06,30.5,30.45,29.34,30.59,29.33,29.48,29.33,28.62,29.67,28.03,29.61,25.82,27.04,24.44,26.78,27.95,28.51,28.86,27.9,27.99,27.88,27.24,27.41,26.99,26.71,26.68
MDG,Madagascar,Climate Watch,Total including LUCF,All GHG,MtCO₂e,43.45,42.73,42.13,42.53,40.88,42.45,42.96,40.72,39.93,39.37,40.2,39.68,51.71,51.02,49.86,51.2,49.76,51.68,47.24,48.38,45.71,48.34,56.04,57.38,57.71,56.48,57.1,56.46,55.78,55.95,55.53,55.24,55.22
MDG,Madagascar,Climate Watch,Energy,All GHG,MtCO₂e,8.3,7.95,6.91,7.73,6.98,7.17,6.76,5.9,5.59,5.44,5.21,4.63,4.29,4.09,4.19,4.02,3.92,3.93,3.81,3.65,3.2,3.81,3.73,3.7,3.6,3.35,3.19,3.22,2.72,2.76,2.68,2.63,2.52
MDG,Madagascar,Climate Watch,Industrial Processes,All GHG,MtCO₂e,0.89,0.85,0.8,0.73,0.67,0.64,0.56,0.5,0.48,0.5,0.48,0.45,0.42,0.37,0.34,0.35,0.26,0.22,0.2,0.18,0.08,0.06,0.03,0.03,0.03,0.02,0.03,0.02,0.02,0.03,0.03,0.03,0.03
MDG,Madagascar,Climate Watch,Agriculture,All GHG,MtCO₂e,24.19,24.13,24.62,24.32,23.39,24.58,25.63,23.99,24.28,23.31,24.8,24.15,24.67,24.77,23.99,25.21,23.76,24.97,21.32,22.73,20.67,22.44,23.72,24.32,24.78,24.09,24.36,24.23,24.1,24.52,24.18,23.95,24.04
MDG,Madagascar,Climate Watch,Waste,All GHG,MtCO₂e,0.13,0.12,0.12,0.12,0.12,0.12,0.11,0.11,0.11,0.11,0.1,0.1,0.1,0.1,0.1,0.09,0.09,0.48,0.48,0.48,0.48,0.47,0.47,0.46,0.45,0.43,0.42,0.4,0.39,0.11,0.1,0.1,0.1
MDG,Madagascar,Climate Watch,Land-Use Change and Forestry,All GHG,MtCO₂e,9.93,9.67,9.68,9.63,9.72,9.95,9.9,10.22,9.47,10.02,9.61,10.35,22.24,21.68,21.24,21.53,21.74,22.06,21.42,21.34,21.27,21.56,28.09,28.86,28.85,28.58,29.11,28.58,28.54,28.54,28.54,28.54,28.54
MDG,Madagascar,Climate Watch,Bunker Fuels,All GHG,MtCO₂e,0.12,0.06,0.07,0.17,0.17,0.15,0.15,0.13,0.13,0.16,0.19,0.18,0.2,0.14,0.19,0.2,0.2,0.2,0.18,0.14,0.08,0.19,0.18,0.18,0.17,0.17,0.17,0.16,0.16,0.15,0.15,0.15,0.14
MDG,Madagascar,Climate Watch,Electricity/Heat,All GHG,MtCO₂e,1.73,1.68,1.24,1.53,1.27,1.42,1.24,1.34,1.13,1.1,0.98,0.65,0.45,0.38,0.42,0.36,0.38,0.36,0.38,0.37,0.28,0.34,0.35,0.28,0.28,0.19,0.12,0.23,0.2,0.19,0.19,0.2,0.19
MDG,Madagascar,Climate Watch,Building,All GHG,MtCO₂e,4.13,4.04,3.94,3.84,3.89,3.83,3.67,2.72,2.68,2.65,2.65,2.63,2.59,2.55,2.55,2.48,2.41,2.36,2.24,2.16,2.09,2.25,2.19,2.09,2.08,2.04,1.99,1.96,1.64,1.88,1.84,1.79,1.74
MDG,Madagascar,Climate Watch,Manufacturing/Construction,All GHG,MtCO₂e,0.64,0.56,0.31,0.66,0.51,0.56,0.56,0.65,0.63,0.6,0.55,0.34,0.34,0.3,0.31,0.29,0.3,0.35,0.29,0.27,0.22,0.33,0.27,0.29,0.29,0.26,0.26,0.22,N/A,0.01,0.01,0.01,0.01
MDG,Madagascar,Climate Watch,Transportation,All GHG,MtCO₂e,1.55,1.4,1.18,1.43,1.21,1.26,1.24,1.2,1.16,1.09,1.04,1.01,0.91,0.86,0.91,0.89,0.83,0.86,0.9,0.85,0.61,0.88,0.93,0.92,0.85,0.75,0.71,0.69,0.71,0.63,0.61,0.6,0.54
MDG,Madagascar,Climate Watch,Other Fuel Combustion,All GHG,MtCO₂e,0.26,0.28,0.24,0.26,0.1,0.09,0.05,N/A,N/A,N/A,N/A,N/A,N/A,N/A,N/A,N/A,N/A,N/A,N/A,N/A,N/A,N/A,N/A,0.12,0.1,0.11,0.11,0.12,0.17,0.04,0.03,0.02,0.03
MDG,Madagascar,Climate Watch,Fugitive Emissions,All GHG,MtCO₂e,0.0,0.0,0.0,0.0,0.0,0.0,0.0,0.0,0.0,0.0,0.0,0.0,0.0,0.0,0.0,0.0,0.0,0.0,0.0,0.0,0.0,0.0,0.0,0.0,0.0,0.0,0.0,0.0,0.0,0.0,0.0,0.0,0.0
MDV,Maldives,Climate Watch,Total excluding LUCF,All GHG,MtCO₂e,2.38,2.44,2.13,2.37,2.14,1.89,1.78,1.6,1.64,1.4,1.4,1.26,1.2,1.14,1.07,1.0,0.95,0.79,0.84,0.66,0.74,0.59,0.56,0.52,0.4,0.42,0.35,0.32,0.26,0.25,0.26,0.19,0.19
MDV,Maldives,Climate Watch,Total including LUCF,All GHG,MtCO₂e,2.38,2.44,2.13,2.37,2.14,1.89,1.78,1.6,1.64,1.4,1.4,1.26,1.2,1.14,1.07,1.0,0.95,0.79,0.84,0.66,0.74,0.59,0.56,0.52,0.4,0.42,0.35,0.32,0.26,0.25,0.26,0.19,0.19
MDV,Maldives,Climate Watch,Energy,All GHG,MtCO₂e,1.93,2.0,1.72,1.98,1.78,1.55,1.47,1.31,1.36,1.13,1.14,1.01,0.96,0.92,0.87,0.81,0.77,0.63,0.69,0.53,0.61,0.48,0.46,0.43,0.31,0.34,0.28,0.26,0.2,0.2,0.22,0.16,0.16
MDV,Maldives,Climate Watch,Industrial Processes,All GHG,MtCO₂e,0.22,0.21,0.2,0.18,0.16,0.14,0.13,0.11,0.1,0.1,0.09,0.09,0.08,0.07,0.06,0.06,0.05,0.04,0.03,0.02,0.02,0.01,0.0,0.0,0.0,0.0,0.0,0.0,0.0,0.0,0.0,0.0,0.0
MDV,Maldives,Climate Watch,Agriculture,All GHG,MtCO₂e,0.0,0.0,0.0,0.0,0.0,0.0,0.0,0.0,0.0,0.0,0.0,0.0,0.0,0.0,0.0,0.0,0.0,0.0,0.0,0.0,0.0,0.0,0.0,0.0,0.0,0.0,0.0,0.0,0.0,0.0,0.0,0.0,0.0
MDV,Maldives,Climate Watch,Waste,All GHG,MtCO₂e,0.23,0.22,0.22,0.21,0.2,0.2,0.19,0.18,0.18,0.17,0.16,0.16,0.15,0.14,0.14,0.13,0.13,0.12,0.12,0.11,0.11,0.1,0.1,0.09,0.08,0.08,0.07,0.06,0.05,0.05,0.04,0.03,0.03
MDV,Maldives,Climate Watch,Land-Use Change and Forestry,All GHG,MtCO₂e,0.0,0.0,0.0,0.0,0.0,0.0,0.0,0.0,0.0,0.0,0.0,0.0,0.0,0.0,0.0,0.0,0.0,0.0,0.0,0.0,0.0,0.0,0.0,0.0,0.0,0.0,0.0,0.0,0.0,0.0,0.0,0.0,0.0
MDV,Maldives,Climate Watch,Bunker Fuels,All GHG,MtCO₂e,0.23,0.24,0.2,0.23,0.25,0.23,0.22,0.25,0.78,0.47,0.38,0.18,0.15,0.19,0.17,0.14,0.15,0.1,0.12,0.09,0.1,0.12,0.24,0.27,0.25,0.21,0.19,0.18,0.16,0.13,0.14,0.11,0.11
MDV,Maldives,Climate Watch,Electricity/Heat,All GHG,MtCO₂e,0.66,0.68,0.68,0.7,0.64,0.59,0.54,0.53,0.49,0.36,0.36,0.34,0.32,0.35,0.34,0.28,0.27,0.22,0.23,0.2,0.19,0.16,0.16,0.1,0.08,0.07,0.06,0.06,0.05,0.04,0.03,0.03,0.03
MDV,Maldives,Climate Watch,Building,All GHG,MtCO₂e,0.06,0.06,0.04,0.06,0.05,0.05,0.05,0.05,0.07,0.06,0.03,0.04,0.04,0.04,0.04,0.02,0.04,0.03,0.05,0.02,0.01,0.0,0.02,0.01,N/A,N/A,N/A,N/A,N/A,N/A,N/A,N/A,N/A
MDV,Maldives,Climate Watch,Manufacturing/Construction,All GHG,MtCO₂e,0.07,0.07,0.06,0.08,0.06,0.04,0.04,0.03,0.03,0.02,0.02,0.02,0.02,0.02,0.02,0.02,0.02,0.01,0.01,0.01,0.01,0.01,0.01,0.01,0.01,0.01,0.01,0.01,0.01,0.01,0.01,0.0,0.0
MDV,Maldives,Climate Watch,Transportation,All GHG,MtCO₂e,1.14,1.19,0.92,1.15,1.02,0.87,0.84,0.71,0.77,0.69,0.73,0.61,0.59,0.51,0.48,0.49,0.45,0.37,0.4,0.3,0.4,0.31,0.28,0.31,0.22,0.25,0.21,0.19,0.15,0.16,0.19,0.13,0.12
MDV,Maldives,Climate Watch,Fugitive Emissions,All GHG,MtCO₂e,0.0,0.0,0.0,0.0,0.0,0.0,0.0,0.0,0.0,0.0,0.0,0.0,0.0,0.0,0.0,0.0,0.0,0.0,0.0,0.0,0.0,0.0,0.0,0.0,0.0,0.0,0.0,0.0,0.0,0.0,0.0,0.0,0.0
MEX,Mexico,Climate Watch,Total excluding LUCF,All GHG,MtCO₂e,650.45,647.64,634.7,691.67,674.05,698.68,699.17,690.48,675.76,678.48,694.72,688.4,667.34,649.04,659.63,655.53,642.89,621.91,598.61,586.6,560.33,549.27,546.9,520.11,532.01,507.53,483.54,463.95,484.46,457.54,439.26,436.38,416.87
MEX,Mexico,Climate Watch,Total including LUCF,All GHG,MtCO₂e,666.3,663.68,651.56,708.93,689.51,715.34,715.07,705.55,689.85,695.11,709.7,704.91,601.51,584.13,594.75,590.17,578.16,557.77,532.49,523.95,495.32,483.28,574.96,548.14,565.24,531.88,507.63,488.65,509.15,482.23,463.96,461.08,441.56
MEX,Mexico,Climate Watch,Energy,All GHG,MtCO₂e,433.33,430.82,420.39,482.5,469.49,498.16,504.0,502.87,498.01,513.26,523.54,514.66,500.01,484.81,498.52,497.23,491.03,475.82,459.18,449.51,426.54,419.08,418.4,393.67,405.39,383.01,360.3,342.98,360.17,335.02,325.85,323.1,303.03
MEX,Mexico,Climate Watch,Industrial Processes,All GHG,MtCO₂e,58.61,58.11,56.63,54.21,51.72,49.09,46.33,43.38,43.21,41.17,41.62,41.5,40.27,39.51,39.01,37.69,34.28,30.32,26.93,23.95,22.21,19.63,19.0,18.98,17.87,17.58,16.89,13.94,16.24,14.99,14.02,13.81,13.42
MEX,Mexico,Climate Watch,Agriculture,All GHG,MtCO₂e,101.41,102.53,102.42,100.82,99.87,99.71,98.4,95.13,95.51,95.07,93.17,95.96,92.82,92.04,90.58,90.83,89.49,90.24,88.47,90.17,89.39,89.26,88.85,87.95,90.17,88.3,87.65,88.94,90.64,90.81,89.22,90.02,91.71
MEX,Mexico,Climate Watch,Waste,All GHG,MtCO₂e,57.11,56.17,55.27,54.15,52.97,51.73,50.43,49.1,39.04,28.98,36.39,36.28,34.24,32.68,31.52,29.77,28.09,25.52,24.03,22.97,22.19,21.3,20.65,19.51,18.59,18.64,18.7,18.09,17.4,16.73,10.17,9.44,8.7
MEX,Mexico,Climate Watch,Land-Use Change and Forestry,All GHG,MtCO₂e,15.84,16.04,16.86,17.26,15.47,16.66,15.9,15.07,14.08,16.63,14.98,16.51,-65.84,-64.91,-64.88,-65.35,-64.74,-64.13,-66.11,-62.65,-65.02,-65.99,28.06,28.04,33.23,24.35,24.1,24.69,24.69,24.69,24.69,24.69,24.69
MEX,Mexico,Climate Watch,Bunker Fuels,All GHG,MtCO₂e,14.77,10.35,6.18,15.21,14.8,14.49,14.02,13.08,12.38,11.72,11.68,11.18,10.78,10.54,12.83,12.76,11.88,11.43,11.18,10.88,10.66,11.92,12.11,12.02,11.19,9.8,9.35,9.48,9.65,7.23,6.14,5.54,5.33
MEX,Mexico,Climate Watch,Electricity/Heat,All GHG,MtCO₂e,172.37,197.32,179.72,196.26,189.29,195.23,197.25,194.11,192.56,202.06,212.84,205.05,195.86,194.07,186.84,194.23,191.07,192.11,185.09,186.83,175.14,173.06,168.86,153.18,159.24,141.89,127.7,122.29,130.84,114.53,107.9,106.91,94.5
MEX,Mexico,Climate Watch,Building,All GHG,MtCO₂e,25.74,26.7,26.56,22.64,23.38,24.02,24.28,25.09,25.42,25.24,26.21,25.93,26.27,25.67,26.72,26.75,27.44,27.0,27.94,27.39,28.52,28.33,28.97,26.36,28.65,27.58,27.95,28.18,28.18,26.93,26.45,24.49,23.47
MEX,Mexico,Climate Watch,Manufacturing/Construction,All GHG,MtCO₂e,45.29,43.18,51.06,56.14,50.99,68.66,62.14,66.27,59.26,66.04,61.73,68.22,62.42,52.32,64.63,62.39,66.47,58.98,56.53,52.61,51.66,48.08,53.13,52.07,56.61,55.2,55.1,49.53,51.11,50.24,51.95,52.28,53.55
MEX,Mexico,Climate Watch,Transportation,All GHG,MtCO₂e,133.79,108.43,110.28,154.5,151.66,155.77,160.4,154.86,155.56,154.98,156.88,156.02,154.92,151.96,155.51,149.35,141.37,133.99,126.31,119.74,112.96,110.98,108.63,103.96,101.16,98.52,94.4,92.02,100.29,94.46,92.33,92.02,85.98
MEX,Mexico,Climate Watch,Other Fuel Combustion,All GHG,MtCO₂e,9.51,5.92,6.01,9.57,10.36,10.02,9.84,9.7,8.98,8.98,9.47,8.92,8.63,8.67,8.48,8.18,7.88,7.48,7.08,6.75,6.33,6.57,6.64,6.66,6.04,6.06,5.68,5.26,5.11,5.42,5.39,5.34,5.16
MEX,Mexico,Climate Watch,Fugitive Emissions,All GHG,MtCO₂e,46.63,49.27,46.75,43.39,43.8,44.45,50.09,52.83,56.24,55.97,56.42,50.52,51.92,52.11,56.34,56.33,56.8,56.26,56.23,56.19,51.94,52.06,52.16,51.45,53.69,53.75,49.46,45.69,44.65,43.43,41.83,42.06,40.38
MHL,Marshall Islands,Climate Watch,Total excluding LUCF,All GHG,MtCO₂e,0.14,0.15,0.15,0.15,0.15,0.15,0.15,0.15,0.14,0.14,0.14,0.14,0.14,0.14,0.13,0.13,0.13,0.12,0.12,0.11,0.12,0.11,0.1,0.1,0.1,0.09,0.09,0.09,0.09,0.08,0.08,0.0,0.0
MHL,Marshall Islands,Climate Watch,Total including LUCF,All GHG,MtCO₂e,0.14,0.15,0.15,0.15,0.15,0.15,0.15,0.15,0.14,0.14,0.14,0.14,0.14,0.14,0.13,0.13,0.13,0.12,0.12,0.11,0.12,0.11,0.1,0.1,0.1,0.09,0.09,0.09,0.09,0.08,0.08,0.0,0.0
MHL,Marshall Islands,Climate Watch,Energy,All GHG,MtCO₂e,0.14,0.15,0.15,0.15,0.15,0.15,0.15,0.15,0.14,0.14,0.14,0.14,0.14,0.14,0.13,0.13,0.13,0.12,0.12,0.11,0.12,0.11,0.1,0.1,0.1,0.09,0.09,0.09,0.09,0.08,0.08,0.0,0.0
MHL,Marshall Islands,Climate Watch,Industrial Processes,All GHG,MtCO₂e,0.0,0.0,0.0,0.0,0.0,0.0,0.0,0.0,0.0,0.0,0.0,0.0,0.0,0.0,0.0,0.0,0.0,0.0,0.0,0.0,0.0,0.0,0.0,0.0,0.0,0.0,0.0,0.0,0.0,0.0,0.0,N/A,N/A
MHL,Marshall Islands,Climate Watch,Agriculture,All GHG,MtCO₂e,0.0,0.0,0.0,0.0,0.0,0.0,0.0,0.0,0.0,0.0,0.0,0.0,0.0,0.0,0.0,0.0,0.0,0.0,0.0,0.0,0.0,0.0,0.0,0.0,0.0,0.0,0.0,0.0,0.0,0.0,0.0,0.0,N/A
MHL,Marshall Islands,Climate Watch,Land-Use Change and Forestry,All GHG,MtCO₂e,0.0,0.0,0.0,0.0,0.0,0.0,0.0,0.0,0.0,0.0,0.0,0.0,0.0,0.0,0.0,0.0,0.0,0.0,0.0,0.0,0.0,0.0,0.0,0.0,0.0,0.0,0.0,0.0,0.0,0.0,0.0,0.0,N/A
MHL,Marshall Islands,Climate Watch,Bunker Fuels,All GHG,MtCO₂e,0.01,0.01,0.01,0.01,0.01,0.01,0.01,0.01,0.01,0.01,0.01,0.01,0.01,0.01,0.01,0.01,0.01,0.01,0.01,0.01,0.01,0.01,0.01,0.01,0.01,0.01,0.01,0.01,0.01,0.01,0.01,N/A,N/A
MHL,Marshall Islands,Climate Watch,Electricity/Heat,All GHG,MtCO₂e,0.06,0.06,0.06,0.06,0.06,0.06,0.06,0.06,0.06,0.06,0.05,0.05,0.06,0.06,0.06,0.07,0.07,0.07,0.07,0.07,0.07,0.07,0.07,0.06,0.06,0.06,0.06,0.06,0.05,0.05,0.05,N/A,N/A
MHL,Marshall Islands,Climate Watch,Building,All GHG,MtCO₂e,0.0,0.0,0.0,0.0,0.0,0.0,0.0,0.0,0.0,0.0,0.0,0.0,0.0,0.0,0.0,0.0,0.0,0.0,0.0,0.0,0.0,0.0,0.0,0.0,0.0,0.0,0.0,0.0,0.0,0.0,0.0,N/A,N/A
MHL,Marshall Islands,Climate Watch,Transportation,All GHG,MtCO₂e,0.08,0.09,0.09,0.09,0.09,0.09,0.09,0.09,0.09,0.08,0.09,0.09,0.08,0.07,0.07,0.07,0.05,0.04,0.04,0.04,0.04,0.04,0.04,0.04,0.04,0.04,0.04,0.03,0.03,0.03,0.03,N/A,N/A
MKD,North Macedonia,Climate Watch,Total excluding LUCF,All GHG,MtCO₂e,11.78,11.03,11.1,12.24,11.34,11.85,11.33,11.45,11.72,12.05,12.98,13.43,12.47,12.57,13.26,13.45,12.95,12.95,12.66,12.9,12.13,12.72,12.67,13.0,13.92,13.16,14.29,12.72,12.8,12.95,12.62,13.08,13.43
MKD,North Macedonia,Climate Watch,Total including LUCF,All GHG,MtCO₂e,11.79,11.05,11.1,12.24,11.34,11.85,11.33,11.46,11.72,12.05,12.99,13.43,12.47,12.57,13.26,13.46,12.95,12.95,12.66,12.9,12.13,12.72,12.7,13.0,13.93,13.16,14.3,12.72,12.8,12.96,12.62,13.08,13.43
MKD,North Macedonia,Climate Watch,Energy,All GHG,MtCO₂e,8.01,7.23,7.17,8.36,7.31,7.82,7.32,7.52,7.84,8.24,9.21,9.6,8.71,8.92,9.54,9.72,9.24,9.27,8.93,9.26,8.49,9.05,8.9,9.23,10.02,9.15,10.21,8.64,8.68,8.98,8.64,8.63,8.85
MKD,North Macedonia,Climate Watch,Industrial Processes,All GHG,MtCO₂e,1.21,1.2,1.2,1.2,1.19,1.19,1.19,1.19,1.18,1.17,1.17,1.16,1.15,1.14,1.14,1.13,1.12,1.11,1.11,1.1,1.09,1.09,1.09,1.09,1.08,1.08,1.08,1.08,1.08,1.07,1.08,1.08,1.08
MKD,North Macedonia,Climate Watch,Agriculture,All GHG,MtCO₂e,1.05,1.1,1.26,1.24,1.4,1.44,1.45,1.41,1.38,1.36,1.36,1.45,1.42,1.37,1.44,1.48,1.48,1.46,1.52,1.45,1.45,1.49,1.59,1.6,1.74,1.86,1.99,1.99,2.05,1.85,1.85,2.34,2.47
MKD,North Macedonia,Climate Watch,Waste,All GHG,MtCO₂e,1.52,1.5,1.48,1.45,1.43,1.4,1.37,1.34,1.31,1.28,1.25,1.21,1.18,1.15,1.14,1.13,1.12,1.1,1.1,1.09,1.1,1.09,1.1,1.08,1.08,1.07,1.02,1.01,0.98,1.05,1.05,1.03,1.02
MKD,North Macedonia,Climate Watch,Land-Use Change and Forestry,All GHG,MtCO₂e,0.0,0.01,0.0,0.0,0.0,0.0,0.0,0.0,0.0,0.0,0.01,0.0,0.0,0.0,0.0,0.01,0.0,0.0,0.0,0.0,0.0,0.0,0.03,0.0,0.01,0.0,0.0,0.0,0.0,0.0,0.0,0.0,0.0
MKD,North Macedonia,Climate Watch,Bunker Fuels,All GHG,MtCO₂e,0.08,0.05,0.05,0.08,0.07,0.06,0.05,0.04,0.04,0.03,0.03,0.01,0.02,0.01,0.02,0.02,0.01,0.02,0.02,0.02,0.07,0.07,0.09,0.11,0.05,0.09,0.08,0.1,0.06,0.06,0.02,0.02,0.02
MKD,North Macedonia,Climate Watch,Electricity/Heat,All GHG,MtCO₂e,4.36,3.27,3.56,4.34,3.63,4.16,3.59,4.01,4.46,4.8,5.71,5.97,5.33,5.84,6.08,6.04,5.9,5.93,5.97,6.13,5.83,6.54,6.15,6.29,6.98,6.09,6.61,6.09,5.95,5.92,5.7,5.7,5.64
MKD,North Macedonia,Climate Watch,Building,All GHG,MtCO₂e,0.23,0.25,0.26,0.3,0.3,0.33,0.33,0.33,0.3,0.32,0.42,0.4,0.48,0.5,0.38,0.55,0.56,0.61,0.59,0.64,0.47,0.26,0.31,0.62,0.36,0.21,0.24,0.18,0.3,0.11,0.47,0.39,0.44
MKD,North Macedonia,Climate Watch,Manufacturing/Construction,All GHG,MtCO₂e,0.84,1.14,1.07,1.07,0.94,0.88,1.04,1.06,1.14,1.27,1.38,1.45,1.25,0.97,1.53,1.63,1.42,1.35,0.92,1.12,0.86,0.9,1.05,0.89,1.25,0.92,1.16,0.88,0.9,1.12,1.37,1.42,1.64
MKD,North Macedonia,Climate Watch,Transportation,All GHG,MtCO₂e,2.3,2.28,1.99,2.35,2.18,2.18,2.09,1.83,1.65,1.58,1.39,1.45,1.38,1.32,1.23,1.2,1.05,1.05,1.03,1.01,1.01,0.97,1.0,1.1,1.04,1.52,1.71,0.9,0.96,1.49,0.79,0.79,0.79
MKD,North Macedonia,Climate Watch,Other Fuel Combustion,All GHG,MtCO₂e,0.04,0.04,0.04,0.04,0.04,0.04,0.05,0.05,0.05,0.05,0.04,0.03,0.03,0.03,0.05,0.04,0.06,0.08,0.16,0.05,0.06,0.11,0.14,0.1,0.14,0.2,0.29,0.39,0.38,0.14,0.14,0.14,0.14
MKD,North Macedonia,Climate Watch,Fugitive Emissions,All GHG,MtCO₂e,0.24,0.24,0.25,0.26,0.23,0.24,0.22,0.23,0.25,0.23,0.26,0.3,0.24,0.27,0.29,0.25,0.25,0.25,0.26,0.31,0.25,0.27,0.24,0.23,0.24,0.21,0.2,0.2,0.2,0.19,0.18,0.19,0.2
MLI,Mali,Climate Watch,Total excluding LUCF,All GHG,MtCO₂e,47.3,48.37,46.95,44.68,42.7,41.26,40.21,35.86,34.48,33.58,32.55,31.74,30.87,29.03,28.68,27.3,26.26,25.99,25.09,22.77,22.12,21.76,22.08,20.6,19.23,18.03,17.7,16.65,16.25,15.94,15.68,15.58,15.64
MLI,Mali,Climate Watch,Total including LUCF,All GHG,MtCO₂e,47.3,48.37,46.95,44.68,42.7,41.26,40.21,35.86,34.48,33.58,32.55,31.74,30.87,29.03,28.68,27.3,26.26,25.99,25.1,22.78,22.12,21.77,24.71,25.49,24.45,20.06,19.22,18.83,18.43,18.12,17.86,17.76,17.83
MLI,Mali,Climate Watch,Energy,All GHG,MtCO₂e,8.18,7.91,7.24,6.64,6.24,5.95,5.41,4.31,3.98,3.9,3.92,3.9,3.57,3.24,2.67,2.65,2.46,2.2,2.01,1.93,1.92,2.12,1.9,0.97,0.93,0.73,0.65,0.6,0.55,0.5,0.46,0.43,0.42
MLI,Mali,Climate Watch,Industrial Processes,All GHG,MtCO₂e,0.78,0.74,0.66,0.46,0.45,0.32,0.31,0.29,0.3,0.22,0.04,0.04,0.04,0.03,0.03,0.02,0.02,0.01,0.01,0.01,0.01,0.01,0.0,0.0,0.0,0.02,0.01,0.01,0.01,0.01,0.01,0.01,0.01
MLI,Mali,Climate Watch,Agriculture,All GHG,MtCO₂e,37.58,38.98,38.34,36.89,35.33,34.33,33.87,30.65,29.6,28.89,28.04,27.25,26.73,25.25,25.49,24.16,23.33,23.34,22.65,20.43,19.81,19.26,19.81,19.3,17.99,17.02,16.81,15.83,15.49,15.25,15.05,15.03,15.1
MLI,Mali,Climate Watch,Waste,All GHG,MtCO₂e,0.76,0.74,0.71,0.69,0.67,0.65,0.63,0.61,0.59,0.57,0.55,0.54,0.52,0.51,0.49,0.47,0.45,0.44,0.42,0.41,0.39,0.37,0.36,0.33,0.3,0.27,0.24,0.21,0.2,0.18,0.15,0.11,0.11
MLI,Mali,Climate Watch,Land-Use Change and Forestry,All GHG,MtCO₂e,0.0,0.0,0.0,0.0,0.0,0.0,0.0,0.0,0.0,0.0,0.0,0.0,0.0,0.0,0.0,0.0,0.0,0.0,0.0,0.0,0.0,0.0,2.63,4.88,5.22,2.03,1.51,2.18,2.18,2.18,2.18,2.18,2.18
MLI,Mali,Climate Watch,Bunker Fuels,All GHG,MtCO₂e,0.18,0.17,0.15,0.2,0.22,0.2,0.21,0.2,0.18,0.19,0.06,0.1,0.1,0.1,0.09,0.06,0.06,0.08,0.05,0.06,0.07,0.07,0.08,N/A,N/A,N/A,N/A,N/A,N/A,N/A,N/A,N/A,N/A
MLI,Mali,Climate Watch,Electricity/Heat,All GHG,MtCO₂e,1.87,1.8,1.67,1.74,2.11,1.89,1.25,1.96,1.87,1.45,1.13,1.16,1.15,1.03,0.9,0.9,0.65,0.59,0.55,0.39,0.48,0.7,0.62,N/A,N/A,N/A,N/A,N/A,N/A,N/A,N/A,N/A,N/A
MLI,Mali,Climate Watch,Building,All GHG,MtCO₂e,1.19,1.16,1.05,1.01,0.99,0.95,0.91,0.96,0.88,0.86,0.82,0.81,0.8,0.77,0.59,0.6,0.59,0.59,0.54,0.51,0.53,0.5,0.51,N/A,N/A,N/A,N/A,N/A,N/A,N/A,N/A,N/A,N/A
MLI,Mali,Climate Watch,Manufacturing/Construction,All GHG,MtCO₂e,0.23,0.22,0.22,0.22,0.21,0.2,0.44,0.08,0.04,N/A,N/A,N/A,0.0,N/A,N/A,0.0,0.0,0.01,0.01,N/A,0.01,0.01,0.0,N/A,N/A,N/A,N/A,N/A,N/A,N/A,N/A,N/A,N/A
MLI,Mali,Climate Watch,Transportation,All GHG,MtCO₂e,4.63,4.47,4.07,3.46,2.76,2.75,2.63,1.23,1.11,1.46,1.95,1.92,1.62,1.43,1.18,1.14,1.22,1.02,0.91,1.02,0.91,0.92,0.78,N/A,N/A,N/A,N/A,N/A,N/A,N/A,N/A,N/A,N/A
MLI,Mali,Climate Watch,Other Fuel Combustion,All GHG,MtCO₂e,0.26,0.25,0.23,0.2,0.17,0.17,0.17,0.07,0.08,0.13,0.01,0.02,0.0,0.01,N/A,N/A,N/A,N/A,N/A,N/A,N/A,N/A,N/A,N/A,N/A,N/A,N/A,N/A,N/A,N/A,N/A,N/A,N/A
MLI,Mali,Climate Watch,Fugitive Emissions,All GHG,MtCO₂e,0.0,0.0,0.0,0.0,0.0,0.0,0.0,0.0,0.0,0.0,0.0,0.0,0.0,0.0,0.0,0.0,0.0,0.0,0.0,0.0,0.0,0.0,0.0,0.0,0.0,0.0,0.0,0.0,0.0,0.0,0.0,0.0,0.0
MLT,Malta,Climate Watch,Total excluding LUCF,All GHG,MtCO₂e,2.44,2.28,2.24,2.26,2.14,2.1,1.85,2.13,2.81,2.81,3.14,2.96,2.97,2.89,3.09,3.16,3.07,3.0,2.94,2.94,2.64,2.8,2.43,2.7,2.65,2.75,2.59,2.64,2.77,3.07,2.42,2.45,2.54
MLT,Malta,Climate Watch,Total including LUCF,All GHG,MtCO₂e,2.44,2.28,2.23,2.26,2.14,2.09,1.85,2.13,2.81,2.81,3.14,2.96,2.97,2.89,3.09,3.16,3.07,3.0,2.94,2.94,2.64,2.8,2.43,2.7,2.65,2.75,2.59,2.64,2.77,3.07,2.42,2.45,2.54
MLT,Malta,Climate Watch,Energy,All GHG,MtCO₂e,1.91,1.76,1.74,1.78,1.66,1.61,1.37,1.68,2.38,2.39,2.74,2.59,2.61,2.53,2.74,2.73,2.67,2.64,2.61,2.62,2.33,2.51,2.15,2.43,2.39,2.49,2.34,2.4,2.53,2.83,2.19,2.23,2.33
MLT,Malta,Climate Watch,Industrial Processes,All GHG,MtCO₂e,0.25,0.24,0.23,0.22,0.23,0.25,0.24,0.22,0.21,0.2,0.19,0.16,0.14,0.13,0.11,0.09,0.08,0.04,0.02,0.02,0.02,0.01,0.01,0.0,0.0,0.0,0.0,0.0,0.0,0.0,0.0,0.0,0.0
MLT,Malta,Climate Watch,Agriculture,All GHG,MtCO₂e,0.08,0.08,0.09,0.08,0.08,0.08,0.09,0.09,0.09,0.09,0.09,0.09,0.1,0.11,0.12,0.12,0.12,0.12,0.12,0.12,0.12,0.12,0.12,0.13,0.12,0.13,0.13,0.13,0.14,0.14,0.14,0.13,0.13
MLT,Malta,Climate Watch,Waste,All GHG,MtCO₂e,0.21,0.2,0.19,0.18,0.16,0.16,0.16,0.15,0.13,0.12,0.12,0.12,0.12,0.13,0.12,0.21,0.2,0.19,0.18,0.18,0.17,0.16,0.15,0.14,0.13,0.12,0.12,0.11,0.1,0.1,0.09,0.08,0.07
MLT,Malta,Climate Watch,Land-Use Change and Forestry,All GHG,MtCO₂e,0.0,0.0,0.0,0.0,0.0,0.0,0.0,0.0,0.0,0.0,0.0,0.0,0.0,0.0,0.0,0.0,0.0,0.0,0.0,0.0,0.0,0.0,0.0,0.0,0.0,0.0,0.0,0.0,0.0,0.0,0.0,0.0,0.0
MLT,Malta,Climate Watch,Bunker Fuels,All GHG,MtCO₂e,7.27,6.52,7.27,7.84,7.64,7.36,6.07,5.34,4.28,4.14,4.15,4.65,5.01,3.93,3.24,3.01,2.71,2.4,3.46,3.19,2.66,2.61,2.49,0.32,0.32,0.63,0.27,0.36,0.34,0.34,0.4,0.37,0.31
MLT,Malta,Climate Watch,Electricity/Heat,All GHG,MtCO₂e,0.81,0.78,0.82,0.75,0.7,0.71,0.56,0.85,1.61,1.65,2.03,1.91,1.87,1.87,1.99,2.04,2.0,1.98,2.05,2.15,1.94,1.98,1.59,1.7,1.63,1.6,1.64,1.59,1.82,2.12,1.55,1.61,1.78
MLT,Malta,Climate Watch,Building,All GHG,MtCO₂e,0.1,0.09,0.09,0.1,0.1,0.13,0.14,0.15,0.13,0.12,0.11,0.08,0.11,0.09,0.1,0.1,0.09,0.1,0.1,0.1,0.09,0.08,0.08,0.08,0.06,0.1,0.11,0.11,0.1,0.1,0.1,0.1,0.09
MLT,Malta,Climate Watch,Manufacturing/Construction,All GHG,MtCO₂e,0.09,0.09,0.08,0.06,0.05,0.05,0.06,0.06,0.06,0.05,0.03,0.02,0.03,0.02,0.04,0.04,0.03,0.03,N/A,N/A,N/A,N/A,N/A,0.01,0.01,N/A,N/A,N/A,N/A,N/A,N/A,N/A,N/A
MLT,Malta,Climate Watch,Transportation,All GHG,MtCO₂e,0.75,0.64,0.6,0.72,0.68,0.62,0.6,0.6,0.56,0.56,0.56,0.57,0.58,0.53,0.6,0.55,0.53,0.51,0.46,0.37,0.29,0.44,0.47,0.61,0.67,0.76,0.56,0.71,0.61,0.61,0.54,0.52,0.46
MLT,Malta,Climate Watch,Other Fuel Combustion,All GHG,MtCO₂e,0.06,0.04,0.04,0.05,0.04,0.02,0.01,0.01,0.01,0.01,0.02,0.02,0.02,0.02,0.02,0.02,0.02,0.03,0.01,0.01,0.01,0.01,0.01,0.03,0.03,0.03,0.04,N/A,N/A,N/A,N/A,N/A,N/A
MLT,Malta,Climate Watch,Fugitive Emissions,All GHG,MtCO₂e,0.1,0.13,0.11,0.1,0.09,0.07,0.0,0.0,0.0,0.0,0.0,0.0,0.0,0.0,0.0,0.0,0.0,0.0,0.0,0.0,0.0,0.0,0.0,0.0,0.0,0.0,0.0,0.0,0.0,0.0,0.0,0.0,0.0
MMR,Myanmar,Climate Watch,Total excluding LUCF,All GHG,MtCO₂e,108.41,111.77,113.68,112.68,111.65,136.9,121.85,117.31,113.65,108.07,104.86,101.14,101.99,99.97,99.05,100.59,97.96,94.41,90.76,87.86,83.47,82.86,82.96,80.75,75.66,73.79,74.94,74.91,71.4,68.14,64.8,61.06,61.86
MMR,Myanmar,Climate Watch,Total including LUCF,All GHG,MtCO₂e,215.08,224.49,231.83,222.5,222.34,245.65,231.96,239.23,232.77,225.04,222.58,213.48,244.37,238.92,227.9,242.82,231.48,227.12,236.87,222.16,207.85,208.0,229.12,232.32,226.78,220.0,222.35,226.18,222.66,219.4,216.07,212.32,213.13
MMR,Myanmar,Climate Watch,Energy,All GHG,MtCO₂e,38.1,39.62,42.54,43.0,42.16,42.21,32.55,30.23,28.01,24.52,22.88,19.64,19.02,18.37,18.91,21.5,20.99,21.69,20.9,20.71,18.34,18.16,19.05,18.2,17.4,16.48,16.39,16.15,14.82,13.72,13.19,12.76,12.97
MMR,Myanmar,Climate Watch,Industrial Processes,All GHG,MtCO₂e,3.34,2.8,2.53,2.18,1.95,2.32,1.19,0.61,0.73,0.63,0.56,0.35,0.27,0.37,0.37,0.34,0.32,0.31,0.29,0.35,0.26,0.24,0.31,0.27,0.26,0.32,0.33,0.33,0.32,0.26,0.28,0.31,0.3
MMR,Myanmar,Climate Watch,Agriculture,All GHG,MtCO₂e,61.43,63.86,63.17,62.05,62.09,86.92,82.69,81.1,79.61,77.68,76.26,76.05,77.65,76.25,74.88,73.95,71.92,67.76,65.02,62.36,60.56,60.24,59.47,58.24,54.06,53.18,54.57,54.99,53.1,51.38,49.09,46.52,47.13
MMR,Myanmar,Climate Watch,Waste,All GHG,MtCO₂e,5.53,5.49,5.45,5.45,5.45,5.46,5.42,5.37,5.31,5.24,5.17,5.1,5.05,4.98,4.89,4.8,4.73,4.65,4.54,4.43,4.31,4.23,4.13,4.04,3.94,3.81,3.65,3.44,3.16,2.78,2.24,1.47,1.46
MMR,Myanmar,Climate Watch,Land-Use Change and Forestry,All GHG,MtCO₂e,106.67,112.72,118.15,109.82,110.69,108.75,110.11,121.92,119.12,116.96,117.72,112.35,142.38,138.95,128.85,142.23,133.52,132.71,146.11,134.31,124.38,125.14,146.15,151.56,151.12,146.2,147.41,151.27,151.26,151.26,151.26,151.26,151.26
MMR,Myanmar,Climate Watch,Bunker Fuels,All GHG,MtCO₂e,0.07,0.03,0.08,0.24,0.23,0.23,0.29,0.14,0.13,0.13,0.12,0.07,0.07,0.06,0.06,0.06,0.05,0.04,0.06,0.06,0.05,0.06,0.06,0.05,0.05,0.07,0.05,0.03,0.05,0.03,0.11,0.02,0.02
MMR,Myanmar,Climate Watch,Electricity/Heat,All GHG,MtCO₂e,7.93,9.73,9.54,8.56,8.67,9.25,7.36,5.69,4.76,3.33,3.2,2.97,2.75,2.17,2.89,3.12,3.12,3.12,3.1,3.18,2.73,2.39,2.78,3.17,2.91,2.87,2.69,2.49,2.2,1.9,1.71,1.61,1.59
MMR,Myanmar,Climate Watch,Building,All GHG,MtCO₂e,11.62,12.47,12.62,12.67,12.63,12.65,12.08,11.05,10.99,10.93,10.87,10.81,10.76,10.95,10.91,10.87,10.83,10.72,10.53,10.18,9.95,9.73,9.53,9.43,9.47,9.31,9.16,9.3,9.27,9.0,9.05,8.84,8.97
MMR,Myanmar,Climate Watch,Manufacturing/Construction,All GHG,MtCO₂e,3.22,7.16,8.47,8.99,8.54,8.29,3.95,5.42,4.95,4.01,3.68,2.45,2.35,2.05,2.0,1.94,1.99,2.06,1.92,2.53,1.48,2.36,2.39,1.42,1.14,1.23,1.01,0.97,0.93,0.76,1.13,0.96,0.97
MMR,Myanmar,Climate Watch,Transportation,All GHG,MtCO₂e,13.28,5.18,6.13,6.63,6.37,6.19,4.63,4.52,4.14,3.67,3.16,2.45,2.39,2.28,2.17,4.58,4.07,4.85,4.4,3.96,3.55,2.88,3.58,3.07,3.01,2.45,2.98,2.77,1.86,1.62,1.06,1.28,1.37
MMR,Myanmar,Climate Watch,Other Fuel Combustion,All GHG,MtCO₂e,1.78,4.75,5.46,5.81,5.66,5.54,4.25,3.28,2.92,2.36,1.76,0.74,0.55,0.74,0.74,0.76,0.77,0.74,0.74,0.69,0.49,0.65,0.63,1.03,0.79,0.56,0.47,0.53,0.49,0.37,0.18,0.0,0.0
MMR,Myanmar,Climate Watch,Fugitive Emissions,All GHG,MtCO₂e,0.28,0.31,0.33,0.34,0.29,0.29,0.28,0.27,0.25,0.22,0.22,0.22,0.22,0.19,0.2,0.22,0.22,0.21,0.21,0.17,0.16,0.14,0.14,0.08,0.08,0.07,0.08,0.08,0.07,0.06,0.06,0.06,0.06
MNE,Montenegro,Climate Watch,Total excluding LUCF,All GHG,MtCO₂e,3.45,3.37,3.35,3.43,3.33,3.11,2.98,3.2,3.04,3.09,3.18,3.38,3.55,2.69,3.79,3.36,3.4,3.17,3.26,3.0,2.54,2.45,2.67,2.61,3.43,3.28,3.16,2.78,2.7,2.72,3.02,3.02,3.62
MNE,Montenegro,Climate Watch,Total including LUCF,All GHG,MtCO₂e,3.48,3.39,3.38,3.45,3.37,3.16,3.01,3.24,3.08,3.13,3.23,3.42,-0.57,-1.44,-0.34,-0.76,-0.73,-0.95,-0.87,-1.13,-1.58,-1.67,2.34,2.27,3.09,2.94,2.83,2.44,2.36,2.38,2.69,2.68,3.28
MNE,Montenegro,Climate Watch,Energy,All GHG,MtCO₂e,2.77,2.68,2.64,2.72,2.62,2.38,2.27,2.48,2.34,2.39,2.46,2.67,2.72,1.85,2.81,2.2,2.29,2.11,2.08,1.92,1.8,1.7,1.91,1.76,2.54,2.38,2.27,1.89,1.86,1.86,2.16,2.01,2.56
MNE,Montenegro,Climate Watch,Industrial Processes,All GHG,MtCO₂e,0.18,0.18,0.17,0.16,0.15,0.14,0.12,0.12,0.12,0.13,0.14,0.15,0.23,0.21,0.33,0.48,0.41,0.41,0.48,0.4,0.06,0.05,0.05,0.05,0.05,0.05,0.05,0.05,0.05,0.05,0.05,0.05,0.06
MNE,Montenegro,Climate Watch,Agriculture,All GHG,MtCO₂e,0.36,0.38,0.4,0.42,0.43,0.45,0.45,0.47,0.45,0.44,0.46,0.43,0.48,0.5,0.52,0.55,0.57,0.53,0.59,0.53,0.55,0.57,0.56,0.64,0.69,0.72,0.71,0.7,0.65,0.66,0.67,0.82,0.86
MNE,Montenegro,Climate Watch,Waste,All GHG,MtCO₂e,0.14,0.14,0.14,0.14,0.14,0.13,0.13,0.13,0.13,0.13,0.13,0.12,0.12,0.13,0.13,0.12,0.12,0.12,0.12,0.11,0.11,0.11,0.1,0.1,0.1,0.09,0.09,0.09,0.08,0.08,0.07,0.07,0.07
MNE,Montenegro,Climate Watch,Land-Use Change and Forestry,All GHG,MtCO₂e,0.02,0.02,0.02,0.02,0.03,0.05,0.03,0.04,0.04,0.03,0.04,0.04,-4.12,-4.12,-4.12,-4.12,-4.12,-4.12,-4.12,-4.12,-4.12,-4.12,-0.33,-0.34,-0.33,-0.34,-0.34,-0.34,-0.34,-0.34,-0.34,-0.34,-0.34
MNE,Montenegro,Climate Watch,Bunker Fuels,All GHG,MtCO₂e,0.05,0.04,0.01,0.07,0.07,0.06,0.06,0.06,0.05,0.04,0.04,0.03,0.01,0.01,0.04,0.03,0.05,0.04,N/A,N/A,N/A,N/A,N/A,N/A,N/A,N/A,N/A,N/A,N/A,N/A,N/A,N/A,N/A
MNE,Montenegro,Climate Watch,Electricity/Heat,All GHG,MtCO₂e,1.49,1.39,1.6,1.53,1.49,1.29,1.26,1.56,1.49,1.54,1.59,1.78,1.74,0.82,1.54,1.01,1.28,1.13,N/A,N/A,N/A,N/A,N/A,N/A,N/A,N/A,N/A,N/A,N/A,N/A,N/A,N/A,N/A
MNE,Montenegro,Climate Watch,Building,All GHG,MtCO₂e,0.11,0.11,0.1,0.11,0.11,0.11,0.12,0.11,0.11,0.08,0.08,0.08,0.1,0.1,0.09,0.08,0.12,0.09,N/A,N/A,N/A,N/A,N/A,N/A,N/A,N/A,N/A,N/A,N/A,N/A,N/A,N/A,N/A
MNE,Montenegro,Climate Watch,Manufacturing/Construction,All GHG,MtCO₂e,0.19,0.22,0.2,0.21,0.2,0.21,0.17,0.18,0.18,0.2,0.12,0.1,0.12,0.26,0.52,0.45,0.34,0.37,N/A,N/A,N/A,N/A,N/A,N/A,N/A,N/A,N/A,N/A,N/A,N/A,N/A,N/A,N/A
MNE,Montenegro,Climate Watch,Transportation,All GHG,MtCO₂e,0.93,0.91,0.7,0.82,0.78,0.72,0.67,0.57,0.5,0.51,0.63,0.66,0.71,0.64,0.62,0.62,0.47,0.48,N/A,N/A,N/A,N/A,N/A,N/A,N/A,N/A,N/A,N/A,N/A,N/A,N/A,N/A,N/A
MNE,Montenegro,Climate Watch,Other Fuel Combustion,All GHG,MtCO₂e,0.01,0.01,0.01,0.01,0.01,0.01,0.01,0.02,0.02,0.03,0.01,0.0,0.0,0.0,0.0,0.01,0.04,0.01,N/A,N/A,N/A,N/A,N/A,N/A,N/A,N/A,N/A,N/A,N/A,N/A,N/A,N/A,N/A
MNE,Montenegro,Climate Watch,Fugitive Emissions,All GHG,MtCO₂e,0.04,0.04,0.04,0.04,0.04,0.03,0.03,0.04,0.04,0.04,0.04,0.05,0.05,0.02,0.04,0.03,0.04,0.04,0.04,0.04,0.04,0.04,0.39,0.55,0.78,0.71,0.71,0.56,0.6,0.57,0.68,0.62,0.6
MNG,Mongolia,Climate Watch,Total excluding LUCF,All GHG,MtCO₂e,59.63,56.48,54.18,57.6,54.12,52.11,48.85,45.96,44.69,42.26,39.78,36.54,32.75,35.36,34.28,34.1,31.38,28.48,25.68,25.93,26.11,28.1,30.72,29.94,29.22,28.81,27.98,28.69,27.72,29.54,30.75,33.01,30.76
MNG,Mongolia,Climate Watch,Total including LUCF,All GHG,MtCO₂e,82.01,78.87,76.63,80.04,76.62,74.65,71.42,68.76,67.44,65.01,62.52,59.29,56.35,59.07,57.86,57.73,54.94,52.01,49.21,49.4,49.65,51.55,54.97,53.78,53.64,54.0,51.75,52.29,51.3,53.12,54.34,56.59,54.35
MNG,Mongolia,Climate Watch,Energy,All GHG,MtCO₂e,25.07,24.19,22.54,24.91,23.27,21.29,19.66,18.39,19.21,19.67,18.27,16.91,15.2,14.31,13.4,13.43,12.77,11.42,9.88,9.61,9.89,9.25,9.24,8.8,8.73,8.7,8.87,10.47,10.53,12.12,13.13,15.13,13.35
MNG,Mongolia,Climate Watch,Industrial Processes,All GHG,MtCO₂e,0.69,0.65,0.6,0.56,0.49,0.37,0.26,0.25,0.25,0.16,0.21,0.21,0.22,0.14,0.17,0.15,0.13,0.11,0.09,0.1,0.09,0.06,0.07,0.07,0.07,0.07,0.07,0.07,0.06,0.06,0.09,0.12,0.17
MNG,Mongolia,Climate Watch,Agriculture,All GHG,MtCO₂e,33.49,31.27,30.67,31.74,30.0,30.1,28.59,27.0,24.91,22.13,21.01,19.15,17.07,20.66,20.47,20.29,18.27,16.74,15.51,16.02,15.95,18.61,21.24,20.9,20.27,19.89,18.89,17.99,16.98,17.21,17.38,17.61,17.1
MNG,Mongolia,Climate Watch,Waste,All GHG,MtCO₂e,0.38,0.37,0.37,0.38,0.36,0.35,0.34,0.32,0.31,0.3,0.29,0.27,0.26,0.25,0.24,0.23,0.21,0.21,0.2,0.19,0.18,0.17,0.17,0.16,0.15,0.15,0.15,0.15,0.15,0.15,0.15,0.15,0.14
MNG,Mongolia,Climate Watch,Land-Use Change and Forestry,All GHG,MtCO₂e,22.37,22.39,22.45,22.44,22.5,22.53,22.57,22.79,22.76,22.75,22.74,22.76,23.61,23.71,23.59,23.63,23.56,23.54,23.52,23.48,23.53,23.45,24.26,23.85,24.42,25.19,23.77,23.6,23.58,23.59,23.59,23.59,23.59
MNG,Mongolia,Climate Watch,Bunker Fuels,All GHG,MtCO₂e,0.12,0.07,0.06,0.14,0.12,0.09,0.06,0.07,0.06,0.1,0.09,0.08,0.05,0.05,0.1,0.13,0.13,0.06,0.07,0.08,0.07,0.07,0.06,0.05,0.07,0.08,0.09,0.06,N/A,N/A,N/A,N/A,0.01
MNG,Mongolia,Climate Watch,Electricity/Heat,All GHG,MtCO₂e,15.47,14.61,13.04,13.69,13.62,12.83,11.77,11.76,11.72,11.18,10.13,9.36,8.94,8.34,7.98,8.06,7.59,7.69,6.67,6.51,7.0,6.43,6.6,6.16,6.27,5.52,5.88,6.62,6.67,7.25,8.04,8.28,6.65
MNG,Mongolia,Climate Watch,Building,All GHG,MtCO₂e,1.44,1.55,1.45,1.31,1.87,1.66,1.81,1.24,1.38,1.87,1.52,1.64,1.71,1.69,0.8,0.94,0.76,1.23,0.75,0.77,0.72,0.54,0.64,0.31,0.3,0.43,0.25,0.33,0.84,0.86,0.52,1.72,0.92
MNG,Mongolia,Climate Watch,Manufacturing/Construction,All GHG,MtCO₂e,2.22,2.23,2.21,2.5,1.96,1.78,1.44,1.49,1.9,2.22,2.43,2.0,1.63,1.42,1.63,1.6,2.2,0.75,0.7,0.69,0.65,0.61,0.63,0.87,0.98,1.55,1.1,1.97,1.84,2.42,2.67,3.45,2.83
MNG,Mongolia,Climate Watch,Transportation,All GHG,MtCO₂e,3.16,2.84,2.93,2.86,2.28,2.21,1.85,2.11,2.08,2.02,2.07,1.8,1.52,1.54,1.69,1.6,1.33,1.08,1.21,1.04,1.08,0.97,1.01,0.85,0.82,0.84,0.9,0.86,0.7,1.03,0.92,1.03,1.61
MNG,Mongolia,Climate Watch,Other Fuel Combustion,All GHG,MtCO₂e,1.76,1.8,1.43,2.69,1.8,1.16,1.46,0.82,1.18,1.36,1.16,1.11,0.65,0.86,0.99,0.97,0.67,0.48,0.37,0.42,0.27,0.53,0.2,0.47,0.22,0.23,0.6,0.57,0.36,0.41,0.8,0.41,1.08
MNG,Mongolia,Climate Watch,Fugitive Emissions,All GHG,MtCO₂e,1.02,1.16,1.48,1.85,1.74,1.66,1.33,0.97,0.96,1.01,0.96,0.99,0.74,0.45,0.3,0.27,0.22,0.2,0.19,0.18,0.17,0.16,0.15,0.14,0.13,0.13,0.13,0.13,0.13,0.15,0.18,0.24,0.26
MOZ,Mozambique,Climate Watch,Total excluding LUCF,All GHG,MtCO₂e,47.89,41.98,40.09,41.68,42.93,39.16,37.84,36.98,37.09,35.91,33.85,31.45,32.0,30.12,32.51,31.34,32.24,33.39,31.67,31.17,30.2,27.03,25.41,25.27,25.82,22.58,23.64,23.48,22.97,22.71,22.05,21.47,21.74
MOZ,Mozambique,Climate Watch,Total including LUCF,All GHG,MtCO₂e,119.49,114.7,112.05,115.1,121.02,116.7,117.22,106.32,108.26,108.1,105.97,99.83,109.28,99.6,104.91,101.83,102.99,104.03,99.98,98.9,93.35,96.44,74.26,75.63,76.61,72.68,74.78,90.2,89.69,89.43,88.77,88.19,88.46
MOZ,Mozambique,Climate Watch,Energy,All GHG,MtCO₂e,17.39,14.52,13.25,14.77,15.64,14.64,13.02,11.6,10.92,10.03,9.01,7.69,6.29,6.38,6.38,6.08,8.69,8.73,8.64,8.25,7.3,6.71,7.7,6.82,6.69,5.68,5.47,5.45,5.28,5.41,5.16,4.95,5.15
MOZ,Mozambique,Climate Watch,Industrial Processes,All GHG,MtCO₂e,1.75,1.69,1.67,1.64,1.51,1.48,1.5,1.13,1.1,1.04,1.0,0.91,1.47,1.51,1.69,2.26,1.98,1.96,2.32,1.54,1.66,1.26,0.43,0.11,0.11,0.11,0.09,0.03,0.03,0.02,0.02,0.04,0.04
MOZ,Mozambique,Climate Watch,Agriculture,All GHG,MtCO₂e,20.09,17.38,17.05,17.41,18.19,15.72,16.25,17.43,18.48,18.5,17.71,16.94,18.54,16.76,19.18,17.95,16.73,18.08,16.3,17.17,17.24,15.28,13.72,15.0,15.9,13.9,15.43,15.59,15.52,15.41,15.25,15.11,15.21
MOZ,Mozambique,Climate Watch,Waste,All GHG,MtCO₂e,8.66,8.39,8.12,7.85,7.59,7.33,7.07,6.82,6.58,6.35,6.13,5.91,5.69,5.47,5.26,5.05,4.84,4.63,4.42,4.2,3.99,3.78,3.56,3.34,3.12,2.89,2.65,2.41,2.14,1.87,1.62,1.37,1.34
MOZ,Mozambique,Climate Watch,Land-Use Change and Forestry,All GHG,MtCO₂e,71.6,72.73,71.97,73.42,78.1,77.54,79.37,69.34,71.16,72.18,72.12,68.38,77.28,69.49,72.4,70.49,70.76,70.64,68.31,67.73,63.15,69.41,48.85,50.36,50.79,50.1,51.14,66.72,66.72,66.72,66.72,66.72,66.72
MOZ,Mozambique,Climate Watch,Bunker Fuels,All GHG,MtCO₂e,0.07,0.07,0.06,0.11,0.11,0.09,0.13,0.12,0.14,0.14,0.12,0.12,0.21,0.22,0.19,0.2,0.18,0.15,0.26,0.26,0.14,0.13,0.14,0.11,0.09,0.09,0.07,0.07,0.14,0.12,0.1,0.14,0.22
MOZ,Mozambique,Climate Watch,Electricity/Heat,All GHG,MtCO₂e,2.16,1.89,1.77,1.86,1.74,1.94,1.8,0.79,0.29,0.26,0.19,0.18,0.03,0.02,0.02,0.01,0.02,0.02,0.04,0.04,0.04,0.05,0.05,0.02,0.02,0.03,0.03,0.03,0.03,0.06,0.09,0.13,0.11
MOZ,Mozambique,Climate Watch,Building,All GHG,MtCO₂e,4.9,4.78,4.65,4.55,4.46,4.39,4.31,4.21,4.1,4.0,3.89,3.79,3.59,3.86,4.12,3.91,6.86,7.09,6.94,6.73,6.07,5.56,6.69,5.72,5.61,4.68,4.53,4.29,4.19,4.11,4.06,4.02,4.08
MOZ,Mozambique,Climate Watch,Manufacturing/Construction,All GHG,MtCO₂e,1.06,0.79,0.72,0.94,0.88,0.83,0.76,0.65,0.77,0.71,0.55,0.61,0.47,0.47,0.4,0.37,0.3,0.27,0.31,0.31,0.24,0.22,0.08,0.17,0.17,0.09,0.07,0.24,0.24,0.23,0.18,0.17,0.17
MOZ,Mozambique,Climate Watch,Transportation,All GHG,MtCO₂e,4.43,4.25,3.34,3.67,3.32,3.34,3.54,3.2,3.08,2.63,2.43,2.1,1.74,1.57,1.4,1.43,1.15,1.06,1.16,1.15,0.93,0.86,0.86,0.86,0.86,0.84,0.83,0.74,0.71,0.86,0.7,0.51,0.62
MOZ,Mozambique,Climate Watch,Other Fuel Combustion,All GHG,MtCO₂e,0.13,0.06,0.03,0.04,0.0,0.11,0.17,0.19,0.06,0.03,0.02,0.02,0.02,0.02,0.02,0.02,0.02,0.01,0.02,0.02,0.01,0.02,0.01,0.04,0.03,0.02,0.02,0.14,0.1,0.13,0.12,0.12,0.15
MOZ,Mozambique,Climate Watch,Fugitive Emissions,All GHG,MtCO₂e,4.73,2.75,2.74,3.72,5.23,4.02,2.43,2.56,2.62,2.4,1.94,0.98,0.45,0.43,0.42,0.35,0.34,0.28,0.17,0.01,0.01,0.01,0.01,0.01,0.01,0.01,0.01,0.01,0.01,0.01,0.01,0.01,0.01
MRT,Mauritania,Climate Watch,Total excluding LUCF,All GHG,MtCO₂e,19.68,19.49,19.08,18.43,17.66,17.33,16.84,17.36,15.79,14.96,14.96,14.15,14.03,13.57,12.13,13.12,12.99,11.63,11.77,11.67,11.65,11.34,10.88,10.53,9.93,9.54,9.23,8.62,8.36,8.42,8.13,8.18,7.91
MRT,Mauritania,Climate Watch,Total including LUCF,All GHG,MtCO₂e,18.6,18.41,17.99,17.34,16.58,16.25,15.76,17.76,16.18,15.35,15.36,14.55,14.43,13.97,12.52,13.52,13.39,12.02,12.16,12.06,12.04,11.74,11.27,10.93,10.33,9.93,9.63,9.01,8.76,8.82,8.53,8.58,8.3
MRT,Mauritania,Climate Watch,Energy,All GHG,MtCO₂e,9.19,8.94,8.64,8.03,7.73,7.42,6.97,7.52,6.21,5.6,5.83,5.31,5.22,5.21,4.28,4.51,4.29,3.22,3.47,3.28,3.4,3.09,2.71,2.78,2.65,2.62,2.62,2.5,2.29,2.25,2.18,2.11,2.03
MRT,Mauritania,Climate Watch,Industrial Processes,All GHG,MtCO₂e,0.06,0.05,0.05,0.04,0.04,0.04,0.03,0.03,0.03,0.03,0.03,0.02,0.02,0.02,0.02,0.02,0.01,0.01,0.01,0.01,0.01,0.01,0.01,0.01,0.0,0.0,0.0,0.0,0.0,0.0,0.0,0.0,0.0
MRT,Mauritania,Climate Watch,Agriculture,All GHG,MtCO₂e,10.26,10.33,10.23,10.2,9.74,9.72,9.69,9.66,9.41,9.2,8.97,8.7,8.67,8.23,7.71,8.48,8.58,8.29,8.18,8.28,8.14,8.16,8.07,7.62,7.1,6.7,6.35,5.81,5.8,5.94,5.77,5.97,5.77
MRT,Mauritania,Climate Watch,Waste,All GHG,MtCO₂e,0.17,0.17,0.16,0.16,0.16,0.15,0.15,0.14,0.14,0.13,0.13,0.12,0.12,0.12,0.11,0.11,0.1,0.1,0.1,0.1,0.1,0.09,0.09,0.13,0.17,0.21,0.26,0.3,0.27,0.23,0.18,0.11,0.11
MRT,Mauritania,Climate Watch,Land-Use Change and Forestry,All GHG,MtCO₂e,-1.08,-1.08,-1.08,-1.08,-1.08,-1.08,-1.08,0.4,0.4,0.4,0.4,0.4,0.4,0.4,0.4,0.4,0.4,0.4,0.4,0.4,0.4,0.4,0.4,0.4,0.4,0.4,0.4,0.4,0.4,0.4,0.4,0.4,0.4
MRT,Mauritania,Climate Watch,Bunker Fuels,All GHG,MtCO₂e,0.11,0.11,0.08,0.13,0.14,0.13,0.13,0.13,0.13,0.13,0.15,0.11,0.11,0.13,0.09,0.11,0.11,0.16,0.15,0.15,0.13,0.13,0.14,0.16,0.16,0.15,0.15,0.14,0.14,0.14,0.14,0.14,0.12
MRT,Mauritania,Climate Watch,Electricity/Heat,All GHG,MtCO₂e,3.44,3.39,3.66,3.23,3.24,2.93,2.32,3.14,2.07,1.78,1.83,1.69,1.67,1.51,1.23,1.13,1.0,0.77,0.97,0.86,1.09,0.99,0.86,0.9,0.86,0.83,0.83,0.79,0.72,0.74,0.7,0.69,0.68
MRT,Mauritania,Climate Watch,Building,All GHG,MtCO₂e,0.63,0.63,0.61,0.56,0.57,0.58,0.57,0.55,0.53,0.51,0.48,0.46,0.44,0.41,0.36,0.34,0.34,0.33,0.32,0.3,0.28,0.24,0.26,0.25,0.24,0.24,0.23,0.22,0.22,0.21,0.21,0.2,0.19
MRT,Mauritania,Climate Watch,Manufacturing/Construction,All GHG,MtCO₂e,0.67,0.63,0.57,0.55,0.49,0.49,0.43,0.39,0.45,0.29,0.33,0.33,0.29,0.31,0.27,N/A,N/A,N/A,N/A,N/A,N/A,N/A,N/A,N/A,N/A,N/A,N/A,N/A,N/A,N/A,N/A,N/A,N/A
MRT,Mauritania,Climate Watch,Transportation,All GHG,MtCO₂e,4.02,3.89,3.42,3.32,3.1,2.73,2.96,2.77,2.54,2.36,2.47,2.16,2.2,2.22,1.71,2.0,1.58,1.61,1.59,1.48,1.38,1.19,1.07,1.05,0.91,0.8,0.76,0.65,0.6,0.56,0.55,0.52,0.5
MRT,Mauritania,Climate Watch,Other Fuel Combustion,All GHG,MtCO₂e,0.43,0.4,0.38,0.37,0.34,0.47,0.4,0.41,0.37,0.33,0.37,0.36,0.33,0.38,0.31,0.47,0.47,0.51,0.59,0.52,0.54,0.57,0.52,0.58,0.64,0.76,0.8,0.85,0.76,0.74,0.72,0.7,0.66
MRT,Mauritania,Climate Watch,Fugitive Emissions,All GHG,MtCO₂e,0.0,0.0,0.0,0.0,0.0,0.23,0.28,0.26,0.24,0.34,0.35,0.31,0.29,0.39,0.4,0.58,0.9,0.0,0.0,0.13,0.12,0.1,0.0,0.0,0.0,0.0,0.0,0.0,0.0,0.0,0.0,0.0,0.0
MUS,Mauritius,Climate Watch,Total excluding LUCF,All GHG,MtCO₂e,6.84,6.74,6.46,6.88,6.79,6.78,6.6,6.46,6.43,6.25,6.17,6.07,6.07,5.81,5.83,5.74,5.62,4.93,4.73,4.69,4.49,4.5,4.24,3.89,3.37,3.09,2.98,2.8,2.73,2.65,2.49,2.38,2.3
MUS,Mauritius,Climate Watch,Total including LUCF,All GHG,MtCO₂e,6.81,6.72,6.43,6.85,6.76,6.76,6.57,6.46,6.44,6.25,6.18,6.07,6.15,5.89,5.92,5.82,5.7,5.02,4.82,4.77,4.58,4.58,4.22,3.86,3.34,3.06,2.96,2.78,2.71,2.63,2.46,2.36,2.27
MUS,Mauritius,Climate Watch,Energy,All GHG,MtCO₂e,4.07,4.01,3.77,4.23,4.19,4.23,4.1,4.02,4.01,3.87,3.78,3.69,3.72,3.48,3.52,3.45,3.36,3.01,2.82,2.8,2.66,2.62,2.48,2.24,1.84,1.67,1.66,1.6,1.56,1.52,1.38,1.31,1.23
MUS,Mauritius,Climate Watch,Industrial Processes,All GHG,MtCO₂e,0.41,0.39,0.37,0.34,0.31,0.28,0.25,0.22,0.21,0.21,0.21,0.21,0.2,0.19,0.17,0.14,0.13,0.11,0.1,0.08,0.07,0.06,0.04,0.04,0.04,0.04,0.04,0.03,0.03,0.03,0.03,0.03,0.03
MUS,Mauritius,Climate Watch,Agriculture,All GHG,MtCO₂e,0.12,0.12,0.12,0.13,0.13,0.13,0.14,0.13,0.15,0.13,0.15,0.13,0.12,0.12,0.12,0.13,0.12,0.13,0.13,0.14,0.14,0.13,0.17,0.17,0.16,0.16,0.17,0.16,0.16,0.15,0.15,0.15,0.16
MUS,Mauritius,Climate Watch,Waste,All GHG,MtCO₂e,2.23,2.22,2.2,2.18,2.16,2.14,2.11,2.09,2.06,2.04,2.03,2.03,2.03,2.02,2.02,2.02,2.01,1.67,1.68,1.67,1.62,1.7,1.55,1.44,1.34,1.23,1.12,1.01,0.98,0.95,0.92,0.89,0.88
MUS,Mauritius,Climate Watch,Land-Use Change and Forestry,All GHG,MtCO₂e,-0.03,-0.03,-0.03,-0.03,-0.03,-0.03,-0.03,0.01,0.01,0.01,0.01,0.01,0.08,0.08,0.08,0.08,0.08,0.08,0.08,0.08,0.08,0.08,-0.02,-0.02,-0.02,-0.02,-0.02,-0.02,-0.02,-0.02,-0.02,-0.02,-0.02
MUS,Mauritius,Climate Watch,Bunker Fuels,All GHG,MtCO₂e,2.24,2.14,2.36,2.99,2.8,2.43,1.97,1.73,1.69,1.6,1.55,1.68,1.49,1.36,1.49,1.42,1.31,1.35,1.18,1.1,1.17,1.28,1.32,1.1,0.79,0.55,0.53,0.49,0.51,0.48,0.47,0.42,0.41
MUS,Mauritius,Climate Watch,Electricity/Heat,All GHG,MtCO₂e,2.33,2.42,2.21,2.44,2.49,2.56,2.44,2.42,2.45,2.37,2.29,2.22,2.23,2.04,2.05,2.01,1.87,1.59,1.42,1.4,1.3,1.28,1.17,1.03,0.85,0.72,0.7,0.64,0.61,0.53,0.5,0.49,0.44
MUS,Mauritius,Climate Watch,Building,All GHG,MtCO₂e,0.23,0.22,0.2,0.22,0.2,0.2,0.2,0.2,0.19,0.18,0.18,0.18,0.18,0.17,0.17,0.17,0.18,0.19,0.18,0.17,0.16,0.16,0.16,0.16,0.15,0.15,0.14,0.14,0.14,0.15,0.14,0.15,0.15
MUS,Mauritius,Climate Watch,Manufacturing/Construction,All GHG,MtCO₂e,0.33,0.31,0.32,0.33,0.33,0.33,0.33,0.34,0.33,0.32,0.34,0.34,0.36,0.37,0.44,0.41,0.41,0.35,0.37,0.39,0.39,0.4,0.37,0.33,0.29,0.26,0.26,0.26,0.25,0.28,0.21,0.21,0.18
MUS,Mauritius,Climate Watch,Transportation,All GHG,MtCO₂e,1.18,1.06,1.04,1.23,1.16,1.14,1.12,1.06,1.02,1.0,0.98,0.95,0.94,0.89,0.86,0.85,0.89,0.88,0.85,0.83,0.8,0.77,0.77,0.72,0.54,0.54,0.55,0.55,0.56,0.55,0.51,0.46,0.45
MUS,Mauritius,Climate Watch,Other Fuel Combustion,All GHG,MtCO₂e,0.01,0.01,0.01,0.01,0.01,0.01,0.01,0.01,0.01,0.01,0.01,0.01,0.01,0.01,0.01,0.01,0.01,0.01,0.01,0.01,0.01,0.01,0.01,0.01,0.0,0.0,0.0,0.0,0.0,0.0,0.0,0.0,0.0
MUS,Mauritius,Climate Watch,Fugitive Emissions,All GHG,MtCO₂e,0.0,0.0,0.0,0.0,0.0,0.0,0.0,0.0,0.0,0.0,0.0,0.0,0.0,0.0,0.0,0.0,0.0,0.0,0.0,0.0,0.0,0.0,0.0,0.0,0.0,0.0,0.0,0.0,0.0,0.0,0.0,0.0,0.0
MWI,Malawi,Climate Watch,Total excluding LUCF,All GHG,MtCO₂e,11.98,11.69,11.6,11.08,9.98,8.32,7.85,7.64,7.26,6.85,6.52,6.3,6.05,5.48,5.41,4.91,4.5,4.26,4.18,4.18,3.94,3.6,3.79,3.67,3.66,3.49,3.5,3.31,3.11,3.48,3.35,3.34,3.18
MWI,Malawi,Climate Watch,Total including LUCF,All GHG,MtCO₂e,20.4,19.89,19.95,19.35,18.39,16.62,16.59,16.16,15.8,15.3,15.26,14.77,14.85,13.68,13.87,13.31,12.77,12.87,12.54,12.71,12.2,11.88,11.78,11.81,11.82,11.58,11.7,11.66,11.45,11.82,11.69,11.69,11.52
MWI,Malawi,Climate Watch,Energy,All GHG,MtCO₂e,1.7,1.64,1.57,1.66,1.66,1.17,1.16,1.04,0.95,1.11,1.08,1.1,1.01,1.06,1.04,0.93,0.89,0.87,0.89,0.85,0.84,0.82,0.86,0.92,0.89,0.9,0.89,0.87,0.87,0.85,0.76,0.76,0.7
MWI,Malawi,Climate Watch,Industrial Processes,All GHG,MtCO₂e,0.41,0.4,0.4,0.25,0.24,0.21,0.18,0.17,0.22,0.16,0.11,0.1,0.1,0.08,0.07,0.08,0.06,0.05,0.07,0.11,0.08,0.08,0.07,0.06,0.05,0.06,0.07,0.07,0.07,0.07,0.06,0.07,0.06
MWI,Malawi,Climate Watch,Agriculture,All GHG,MtCO₂e,9.03,8.85,8.84,8.4,7.34,6.22,5.82,5.76,5.45,4.96,4.73,4.54,4.4,3.81,3.79,3.41,3.09,2.89,2.79,2.82,2.64,2.35,2.52,2.37,2.43,2.25,2.28,2.14,1.96,2.35,2.31,2.31,2.22
MWI,Malawi,Climate Watch,Waste,All GHG,MtCO₂e,0.84,0.81,0.79,0.77,0.74,0.72,0.69,0.67,0.64,0.62,0.6,0.57,0.55,0.53,0.51,0.49,0.47,0.44,0.42,0.4,0.38,0.36,0.34,0.32,0.3,0.28,0.25,0.23,0.21,0.21,0.21,0.21,0.2
MWI,Malawi,Climate Watch,Land-Use Change and Forestry,All GHG,MtCO₂e,8.42,8.2,8.35,8.26,8.41,8.3,8.74,8.53,8.55,8.46,8.74,8.46,8.8,8.19,8.46,8.4,8.27,8.61,8.36,8.52,8.26,8.28,7.99,8.14,8.15,8.09,8.2,8.35,8.34,8.34,8.34,8.34,8.34
MWI,Malawi,Climate Watch,Bunker Fuels,All GHG,MtCO₂e,0.01,0.01,0.0,0.01,0.02,0.02,0.02,0.02,0.02,0.02,0.02,0.03,0.03,0.02,0.03,0.03,0.03,0.02,0.02,0.03,0.01,0.02,0.02,0.0,0.02,0.02,0.02,0.02,0.02,0.02,0.02,0.02,0.02
MWI,Malawi,Climate Watch,Electricity/Heat,All GHG,MtCO₂e,0.09,0.08,0.02,0.08,0.34,0.0,0.14,0.13,0.14,0.15,0.14,0.15,0.15,0.15,0.15,0.17,0.18,0.17,0.17,0.13,0.15,0.14,0.15,0.16,0.17,0.16,0.16,0.13,0.13,0.11,0.01,0.01,0.01
MWI,Malawi,Climate Watch,Building,All GHG,MtCO₂e,0.01,0.01,0.01,0.01,0.01,0.01,0.01,0.01,0.01,0.01,0.02,0.03,0.04,0.04,0.05,0.05,0.06,0.06,0.07,0.06,0.06,0.05,0.08,0.12,0.08,0.06,0.06,0.06,0.06,0.05,0.05,0.05,0.03
MWI,Malawi,Climate Watch,Manufacturing/Construction,All GHG,MtCO₂e,0.06,0.08,0.16,0.16,0.16,0.15,0.15,0.16,0.14,0.14,0.13,0.15,0.1,0.07,0.07,0.09,0.09,0.09,0.08,0.08,0.14,0.2,0.19,0.19,0.18,0.18,0.18,0.17,0.17,0.16,0.16,0.15,0.17
MWI,Malawi,Climate Watch,Transportation,All GHG,MtCO₂e,1.49,1.42,1.3,1.3,1.06,0.93,0.78,0.64,0.56,0.7,0.66,0.63,0.61,0.68,0.65,0.51,0.46,0.45,0.47,0.47,0.42,0.4,0.39,0.41,0.43,0.47,0.47,0.47,0.47,0.46,0.45,0.45,0.42
MWI,Malawi,Climate Watch,Other Fuel Combustion,All GHG,MtCO₂e,0.02,0.02,0.07,0.08,0.08,0.06,0.06,0.07,0.07,0.09,0.09,0.09,0.08,0.08,0.08,0.08,0.08,0.08,0.08,0.07,0.05,0.0,0.0,0.0,N/A,N/A,N/A,0.03,0.03,0.03,0.08,0.08,0.05
MWI,Malawi,Climate Watch,Fugitive Emissions,All GHG,MtCO₂e,0.02,0.02,0.02,0.02,0.02,0.03,0.02,0.03,0.03,0.03,0.03,0.04,0.04,0.03,0.03,0.03,0.03,0.02,0.02,0.04,0.03,0.02,0.04,0.03,0.03,0.03,0.02,0.02,0.02,0.02,0.02,0.02,0.02
MYS,Malaysia,Climate Watch,Total excluding LUCF,All GHG,MtCO₂e,322.95,307.19,306.12,310.15,306.69,290.08,296.41,300.1,298.8,283.39,263.72,258.72,256.22,235.99,258.94,243.3,225.52,218.16,205.78,188.86,178.45,169.4,163.1,151.95,143.24,143.44,133.86,120.12,112.06,103.81,97.08,94.35,82.96
MYS,Malaysia,Climate Watch,Total including LUCF,All GHG,MtCO₂e,387.45,373.81,371.93,382.29,376.42,353.3,369.19,181.87,197.72,164.3,141.92,141.65,365.47,353.42,358.4,346.93,322.65,326.97,311.44,285.75,276.35,259.36,268.05,256.39,279.85,250.1,238.56,228.14,220.4,212.15,205.43,202.71,191.31
MYS,Malaysia,Climate Watch,Energy,All GHG,MtCO₂e,266.91,251.86,252.88,260.44,257.49,241.77,248.63,253.95,252.74,239.15,220.62,216.96,216.57,197.5,219.99,206.85,190.47,185.05,173.81,158.34,150.23,143.33,137.45,128.0,119.77,120.52,112.33,99.25,91.62,84.29,78.32,76.1,64.68
MYS,Malaysia,Climate Watch,Industrial Processes,All GHG,MtCO₂e,26.91,25.89,24.8,21.78,20.88,19.73,19.21,17.84,18.07,16.89,15.67,14.84,13.62,13.89,13.76,12.54,12.24,11.06,10.78,10.52,9.59,8.4,8.28,6.83,6.5,6.19,5.76,5.19,4.89,4.35,4.18,4.16,3.93
MYS,Malaysia,Climate Watch,Agriculture,All GHG,MtCO₂e,10.0,10.61,9.92,9.74,10.44,11.04,11.37,11.45,11.5,11.45,12.28,12.16,12.06,10.89,12.04,11.66,11.21,11.41,11.15,10.52,9.85,9.31,9.35,9.32,9.78,9.51,8.84,9.02,9.15,8.87,8.64,8.33,8.75
MYS,Malaysia,Climate Watch,Waste,All GHG,MtCO₂e,19.13,18.83,18.52,18.19,17.87,17.54,17.2,16.85,16.49,15.9,15.15,14.76,13.98,13.7,13.16,12.25,11.6,10.62,10.03,9.48,8.78,8.36,8.01,7.8,7.19,7.21,6.93,6.67,6.4,6.3,5.94,5.76,5.59
MYS,Malaysia,Climate Watch,Land-Use Change and Forestry,All GHG,MtCO₂e,64.51,66.61,65.81,72.13,69.74,63.22,72.78,-118.23,-101.09,-119.09,-121.8,-117.07,109.24,117.44,99.46,103.63,97.13,108.82,105.66,96.89,97.9,89.97,104.95,104.44,136.61,106.66,104.71,108.02,108.34,108.34,108.35,108.35,108.35
MYS,Malaysia,Climate Watch,Bunker Fuels,All GHG,MtCO₂e,4.87,3.06,3.72,8.84,9.17,9.31,8.16,8.9,8.67,8.72,6.49,6.82,5.93,5.26,5.31,5.42,5.48,5.05,5.24,4.7,4.59,4.75,4.5,4.77,5.37,4.02,3.83,3.34,3.16,2.32,2.09,2.02,1.82
MYS,Malaysia,Climate Watch,Electricity/Heat,All GHG,MtCO₂e,144.08,135.3,137.36,126.01,125.85,109.83,119.01,124.02,119.74,114.54,109.74,111.34,107.88,93.26,98.7,87.86,81.14,76.84,68.17,61.23,57.81,54.95,52.78,48.73,44.96,42.1,38.35,34.79,31.5,29.88,26.17,26.53,19.03
MYS,Malaysia,Climate Watch,Building,All GHG,MtCO₂e,4.33,3.97,4.15,3.37,3.39,5.39,4.2,3.99,4.2,4.56,4.43,5.15,5.64,5.03,5.49,6.07,4.58,4.41,4.13,3.83,4.41,4.03,4.12,4.05,3.28,3.19,4.16,2.98,2.81,2.76,2.43,2.3,2.37
MYS,Malaysia,Climate Watch,Manufacturing/Construction,All GHG,MtCO₂e,36.12,34.93,32.26,35.26,35.62,32.58,29.78,28.97,28.7,29.19,32.07,28.62,30.55,29.71,43.35,43.57,38.05,35.26,33.43,29.68,28.53,26.53,25.96,23.14,23.72,23.93,23.9,20.34,18.52,17.9,16.77,15.47,14.09
MYS,Malaysia,Climate Watch,Transportation,All GHG,MtCO₂e,55.44,50.07,51.43,66.62,62.53,62.27,64.63,62.9,66.88,59.76,45.57,45.75,45.28,43.87,44.76,42.62,39.99,41.74,41.99,39.08,36.71,35.84,33.02,31.22,25.83,27.62,24.01,21.02,19.76,17.88,17.17,16.06,14.93
MYS,Malaysia,Climate Watch,Other Fuel Combustion,All GHG,MtCO₂e,3.34,3.07,2.51,2.7,3.01,3.05,1.15,2.7,3.08,3.16,3.18,2.78,3.28,0.59,0.84,0.83,0.79,0.32,0.27,0.3,0.3,0.31,0.33,0.33,0.96,1.52,1.52,1.39,1.32,0.19,1.22,0.41,N/A
MYS,Malaysia,Climate Watch,Fugitive Emissions,All GHG,MtCO₂e,23.61,24.53,25.17,26.48,27.1,28.64,29.87,31.37,30.14,27.93,25.63,23.33,23.94,25.04,26.86,25.9,25.92,26.48,25.83,24.23,22.48,21.67,21.25,20.52,21.02,22.16,20.4,18.73,17.72,15.68,14.56,15.33,14.26
NAM,Namibia,Climate Watch,Total excluding LUCF,All GHG,MtCO₂e,11.67,13.95,12.9,10.24,11.2,12.04,11.97,11.14,10.9,11.71,19.12,17.57,12.36,13.61,10.51,12.02,12.76,11.43,10.57,10.06,9.45,10.6,10.86,10.11,10.11,9.44,9.6,9.67,9.57,9.27,9.31,9.36,N/A
NAM,Namibia,Climate Watch,Total including LUCF,All GHG,MtCO₂e,22.23,24.51,23.46,20.8,21.76,22.6,22.53,21.7,21.46,22.27,29.69,28.13,22.92,24.17,21.08,22.58,23.32,21.99,21.13,20.62,20.01,21.16,21.53,20.75,20.72,20.01,20.16,20.24,20.13,19.84,19.88,19.93,N/A
NAM,Namibia,Climate Watch,Energy,All GHG,MtCO₂e,3.31,3.4,3.26,3.51,3.43,3.47,3.61,3.32,2.97,2.88,2.8,2.72,2.7,3.2,3.1,2.73,2.68,2.72,2.55,2.46,2.33,2.65,2.11,2.18,2.22,2.17,2.12,1.96,1.82,1.6,1.4,1.29,N/A
NAM,Namibia,Climate Watch,Industrial Processes,All GHG,MtCO₂e,1.11,1.11,1.04,1.05,0.97,0.84,0.65,0.67,0.64,0.59,0.53,0.45,0.29,0.26,0.23,0.2,0.17,0.14,0.12,0.1,0.07,0.05,0.03,0.03,0.02,0.02,0.02,0.02,0.02,0.02,0.01,0.01,0.01
NAM,Namibia,Climate Watch,Agriculture,All GHG,MtCO₂e,6.96,9.15,8.32,5.4,6.53,7.46,7.44,6.89,7.03,7.99,15.55,14.17,9.14,9.92,6.96,8.87,9.69,8.36,7.69,7.3,6.85,7.7,8.37,7.56,7.54,6.94,7.16,7.41,7.46,7.5,7.74,7.91,7.71
NAM,Namibia,Climate Watch,Waste,All GHG,MtCO₂e,0.29,0.29,0.28,0.28,0.27,0.27,0.26,0.26,0.25,0.25,0.24,0.24,0.23,0.22,0.22,0.22,0.22,0.21,0.21,0.21,0.2,0.2,0.35,0.34,0.32,0.31,0.29,0.28,0.26,0.16,0.16,0.15,0.15
NAM,Namibia,Climate Watch,Land-Use Change and Forestry,All GHG,MtCO₂e,10.56,10.56,10.56,10.56,10.56,10.56,10.56,10.56,10.56,10.56,10.56,10.56,10.56,10.56,10.56,10.56,10.56,10.56,10.56,10.56,10.56,10.56,10.67,10.64,10.61,10.56,10.56,10.57,10.57,10.57,10.57,10.57,10.57
NAM,Namibia,Climate Watch,Bunker Fuels,All GHG,MtCO₂e,0.29,0.28,0.25,0.24,0.24,0.08,0.19,0.22,0.06,0.06,0.05,0.05,0.05,0.04,0.04,0.04,0.04,0.03,0.04,0.08,0.05,0.06,0.12,0.11,0.1,0.11,0.12,0.1,0.13,0.1,0.08,0.08,N/A
NAM,Namibia,Climate Watch,Electricity/Heat,All GHG,MtCO₂e,0.03,0.07,0.11,0.08,0.03,0.1,0.09,0.04,0.01,0.08,0.09,0.02,0.03,0.13,0.22,0.17,0.15,0.04,0.01,0.02,N/A,0.01,0.01,0.04,0.05,0.04,0.04,0.04,0.23,0.21,0.03,0.07,N/A
NAM,Namibia,Climate Watch,Building,All GHG,MtCO₂e,0.87,0.85,0.77,0.84,0.82,0.8,0.85,0.77,0.71,0.66,0.64,0.61,0.6,0.19,0.19,0.19,0.19,0.19,0.19,0.19,0.19,0.21,0.2,0.2,0.23,0.23,0.22,0.2,0.18,0.16,0.16,0.16,N/A
NAM,Namibia,Climate Watch,Manufacturing/Construction,All GHG,MtCO₂e,0.23,0.23,0.21,0.22,0.22,0.21,0.23,0.21,0.17,0.16,0.15,0.15,0.14,0.22,0.22,0.22,0.21,0.2,0.22,0.21,0.2,0.23,0.16,0.16,0.18,0.18,0.18,N/A,N/A,N/A,N/A,N/A,N/A
NAM,Namibia,Climate Watch,Transportation,All GHG,MtCO₂e,1.99,2.06,1.98,2.16,2.16,2.18,2.18,2.1,1.94,1.87,1.81,1.84,1.81,1.73,1.56,1.42,1.42,1.6,1.36,1.3,1.24,1.41,1.16,1.18,1.14,1.1,1.08,0.65,0.6,0.55,0.54,0.5,N/A
NAM,Namibia,Climate Watch,Other Fuel Combustion,All GHG,MtCO₂e,0.18,0.2,0.19,0.2,0.2,0.18,0.26,0.19,0.14,0.11,0.11,0.1,0.11,0.95,0.91,0.73,0.72,0.69,0.77,0.74,0.7,0.81,0.58,0.6,0.62,0.61,0.6,1.07,0.81,0.67,0.67,0.57,N/A
NAM,Namibia,Climate Watch,Fugitive Emissions,All GHG,MtCO₂e,0.0,0.0,0.0,0.0,0.0,0.0,0.0,0.0,0.0,0.0,0.0,0.0,0.0,0.0,0.0,0.0,0.0,0.0,0.0,0.0,0.0,0.0,0.0,0.0,0.0,0.0,0.0,0.0,0.0,0.0,0.0,0.0,0.0
NER,Niger,Climate Watch,Total excluding LUCF,All GHG,MtCO₂e,45.81,43.6,41.39,39.41,37.6,35.83,34.56,33.03,31.99,30.43,28.41,26.45,25.8,25.86,24.62,23.53,22.44,21.64,20.81,20.0,19.16,18.45,17.65,17.84,17.18,16.44,15.5,14.77,14.21,13.74,13.1,12.63,12.2
NER,Niger,Climate Watch,Total including LUCF,All GHG,MtCO₂e,47.05,44.85,42.64,40.66,38.84,37.08,35.8,34.26,33.22,31.66,29.64,27.68,27.03,27.09,25.85,24.76,23.67,22.87,22.05,21.23,20.39,19.68,23.47,23.62,23.09,22.21,21.32,20.59,20.03,19.56,18.92,18.45,18.02
NER,Niger,Climate Watch,Energy,All GHG,MtCO₂e,6.38,5.95,5.44,5.17,4.84,4.68,4.81,4.77,4.8,4.55,3.72,2.97,3.18,2.83,2.55,2.45,2.32,2.28,2.27,2.19,2.08,2.01,1.97,2.85,2.81,2.7,2.25,2.11,2.08,2.05,1.93,1.92,1.91
NER,Niger,Climate Watch,Industrial Processes,All GHG,MtCO₂e,0.77,0.73,0.68,0.63,0.57,0.51,0.45,0.4,0.39,0.37,0.36,0.35,0.31,0.28,0.25,0.22,0.18,0.14,0.12,0.1,0.07,0.04,0.01,0.02,0.02,0.02,0.01,0.01,0.01,0.01,0.01,0.01,0.01
NER,Niger,Climate Watch,Agriculture,All GHG,MtCO₂e,37.95,36.24,34.6,32.97,31.56,30.05,28.72,27.31,26.27,25.01,23.85,22.67,21.86,22.32,21.41,20.46,19.55,18.83,18.06,17.35,16.65,16.05,15.33,14.67,14.08,13.48,13.01,12.46,11.96,11.55,11.06,10.64,10.25
NER,Niger,Climate Watch,Waste,All GHG,MtCO₂e,0.72,0.69,0.67,0.64,0.62,0.6,0.57,0.55,0.53,0.5,0.48,0.47,0.45,0.43,0.41,0.4,0.39,0.38,0.37,0.36,0.36,0.35,0.34,0.31,0.28,0.25,0.22,0.19,0.16,0.12,0.09,0.06,0.03
NER,Niger,Climate Watch,Land-Use Change and Forestry,All GHG,MtCO₂e,1.24,1.24,1.24,1.24,1.24,1.24,1.24,1.23,1.23,1.23,1.23,1.23,1.23,1.23,1.23,1.23,1.23,1.23,1.23,1.23,1.23,1.23,5.82,5.78,5.91,5.77,5.83,5.82,5.82,5.82,5.82,5.82,5.82
NER,Niger,Climate Watch,Bunker Fuels,All GHG,MtCO₂e,0.2,0.13,0.09,0.14,0.14,0.13,0.14,0.13,0.09,0.07,0.04,0.04,0.04,0.04,0.04,0.04,0.04,0.04,0.03,0.03,0.03,0.03,0.04,0.04,0.03,0.04,0.03,0.02,0.03,0.03,0.03,0.04,0.04
NER,Niger,Climate Watch,Electricity/Heat,All GHG,MtCO₂e,0.81,0.75,0.68,0.64,0.57,0.58,0.7,0.53,0.47,0.38,0.43,0.38,0.33,0.24,0.22,0.21,0.22,0.25,0.26,0.24,0.23,0.21,0.23,0.26,0.31,0.29,0.27,0.29,0.27,0.28,0.26,0.28,0.28
NER,Niger,Climate Watch,Building,All GHG,MtCO₂e,3.33,3.26,3.06,2.8,2.7,2.57,2.48,2.39,2.29,2.2,1.7,1.49,1.82,1.76,1.71,1.66,1.6,1.56,1.53,1.48,1.43,1.38,1.34,2.22,2.16,2.12,1.67,1.6,1.54,1.49,1.44,1.39,1.35
NER,Niger,Climate Watch,Manufacturing/Construction,All GHG,MtCO₂e,0.35,0.28,0.2,0.18,0.14,0.17,0.14,0.2,0.28,0.25,0.3,0.21,0.21,0.16,0.11,0.09,0.07,0.06,0.07,0.07,0.05,0.05,0.04,0.1,0.1,0.1,0.07,0.03,0.04,0.06,0.04,0.04,0.05
NER,Niger,Climate Watch,Transportation,All GHG,MtCO₂e,1.59,1.29,1.16,1.2,1.06,0.98,1.11,1.24,1.2,1.13,1.07,0.79,0.82,0.67,0.51,0.5,0.43,0.41,0.41,0.4,0.37,0.37,0.36,0.23,0.24,0.2,0.2,0.19,0.21,0.21,0.2,0.2,0.22
NER,Niger,Climate Watch,Other Fuel Combustion,All GHG,MtCO₂e,0.0,N/A,N/A,N/A,N/A,N/A,N/A,N/A,N/A,N/A,N/A,N/A,N/A,N/A,N/A,N/A,N/A,N/A,N/A,N/A,N/A,N/A,N/A,0.03,0.0,0.01,0.04,0.01,0.02,0.01,0.0,0.01,0.01
NER,Niger,Climate Watch,Fugitive Emissions,All GHG,MtCO₂e,0.31,0.36,0.35,0.35,0.37,0.37,0.38,0.42,0.56,0.59,0.22,0.1,0.0,0.0,0.0,0.0,0.0,0.0,0.0,0.0,0.0,0.0,0.0,0.0,0.0,0.0,0.0,0.0,0.0,0.0,0.0,0.0,0.0
NGA,Nigeria,Climate Watch,Total excluding LUCF,All GHG,MtCO₂e,307.48,315.84,309.54,318.08,307.42,299.19,302.42,300.6,306.54,296.75,287.44,285.85,278.86,249.91,262.62,260.03,272.26,286.15,282.68,278.59,255.43,277.73,270.96,258.74,272.5,295.2,302.61,281.49,277.27,282.56,284.91,267.0,249.59
NGA,Nigeria,Climate Watch,Total including LUCF,All GHG,MtCO₂e,353.74,362.14,356.46,364.33,353.47,345.38,348.73,346.77,352.79,343.18,333.67,332.06,325.08,296.05,308.94,306.38,318.68,332.72,328.93,325.24,301.81,324.43,328.97,315.57,331.29,352.09,361.42,329.89,325.67,330.96,333.31,315.4,297.99
NGA,Nigeria,Climate Watch,Energy,All GHG,MtCO₂e,188.59,197.46,193.4,206.76,198.41,192.46,197.8,201.3,208.85,200.82,194.85,198.74,197.21,174.12,185.84,184.66,196.99,211.85,212.63,210.22,189.23,212.59,205.6,185.79,192.09,209.67,211.02,183.84,172.56,181.03,186.79,172.24,157.96
NGA,Nigeria,Climate Watch,Industrial Processes,All GHG,MtCO₂e,13.34,13.61,12.4,10.92,10.46,7.92,8.45,9.8,9.06,9.15,7.75,5.85,5.05,4.07,3.37,2.59,1.94,1.71,1.44,1.23,1.2,1.17,1.1,1.19,1.3,1.09,1.18,1.23,1.29,1.69,1.86,1.87,1.9
NGA,Nigeria,Climate Watch,Agriculture,All GHG,MtCO₂e,85.44,85.16,84.63,81.75,80.36,81.06,78.89,72.71,72.31,70.93,69.44,66.3,62.06,57.59,59.7,59.48,60.43,60.09,56.53,55.47,53.74,53.1,53.77,53.03,52.18,49.33,47.18,45.14,44.22,42.9,41.82,41.28,39.47
NGA,Nigeria,Climate Watch,Waste,All GHG,MtCO₂e,20.12,19.61,19.11,18.65,18.19,17.74,17.28,16.79,16.32,15.85,15.41,14.96,14.54,14.13,13.71,13.31,12.9,12.5,12.08,11.67,11.26,10.87,10.49,18.72,26.94,35.11,43.24,51.28,59.21,56.94,54.44,51.6,50.27
NGA,Nigeria,Climate Watch,Land-Use Change and Forestry,All GHG,MtCO₂e,46.26,46.31,46.92,46.25,46.06,46.19,46.31,46.17,46.25,46.43,46.22,46.21,46.21,46.14,46.32,46.35,46.42,46.58,46.25,46.65,46.38,46.7,58.01,56.83,58.79,56.89,58.81,48.4,48.4,48.4,48.4,48.4,48.4
NGA,Nigeria,Climate Watch,Bunker Fuels,All GHG,MtCO₂e,2.41,2.14,1.79,3.18,3.14,2.62,2.36,2.28,2.17,2.27,2.59,2.5,2.5,3.22,3.79,1.96,1.98,2.02,1.96,1.83,1.62,1.79,1.81,3.01,2.19,2.2,2.97,2.72,2.29,2.33,2.22,2.26,1.56
NGA,Nigeria,Climate Watch,Electricity/Heat,All GHG,MtCO₂e,24.45,26.74,27.49,27.19,27.7,27.33,35.31,31.95,30.79,26.72,24.86,22.93,19.79,16.1,18.02,17.41,17.01,17.13,15.69,13.38,15.18,14.27,13.9,12.54,11.41,12.11,11.62,10.88,10.53,11.69,11.46,9.7,8.26
NGA,Nigeria,Climate Watch,Building,All GHG,MtCO₂e,28.62,28.51,26.87,24.75,23.59,22.57,22.07,21.46,21.09,20.57,20.46,20.52,19.61,19.22,19.58,18.12,19.06,19.93,18.23,19.39,20.4,20.36,18.77,18.15,16.81,18.15,17.53,16.72,16.26,16.99,17.5,16.33,16.5
NGA,Nigeria,Climate Watch,Manufacturing/Construction,All GHG,MtCO₂e,11.07,11.71,8.43,8.79,8.66,7.92,8.63,8.53,8.32,8.12,9.54,9.76,4.61,4.43,7.38,6.22,5.63,5.87,6.65,8.14,2.66,2.91,3.57,3.2,3.06,3.07,3.63,3.24,3.54,4.12,4.46,3.79,3.89
NGA,Nigeria,Climate Watch,Transportation,All GHG,MtCO₂e,62.57,58.91,52.02,60.58,56.59,52.8,52.76,46.07,50.66,46.2,36.3,32.74,30.65,24.5,26.16,21.83,24.96,29.54,30.51,29.89,28.32,27.33,22.45,20.21,18.52,22.48,17.6,15.34,13.26,16.51,19.23,15.77,12.09
NGA,Nigeria,Climate Watch,Other Fuel Combustion,All GHG,MtCO₂e,0.63,0.61,0.59,0.6,0.59,0.92,0.85,5.37,6.54,5.34,4.2,3.31,4.03,1.18,2.74,3.34,3.37,2.29,0.77,0.65,0.59,0.69,1.18,0.12,2.44,0.02,0.02,0.02,0.02,0.02,0.02,0.01,0.01
NGA,Nigeria,Climate Watch,Fugitive Emissions,All GHG,MtCO₂e,61.25,70.98,77.99,84.84,81.28,80.91,78.18,87.91,91.46,93.87,99.49,109.47,118.53,108.68,111.95,117.73,126.97,137.09,140.79,138.77,122.07,147.02,145.74,131.57,139.86,153.85,160.64,137.64,128.96,131.71,134.11,126.65,117.21
NIC,Nicaragua,Climate Watch,Total excluding LUCF,All GHG,MtCO₂e,20.65,20.38,19.79,19.9,19.46,19.67,19.71,19.45,18.46,17.55,17.34,16.97,15.8,15.45,15.39,15.52,15.33,14.94,14.61,14.97,14.01,13.54,13.31,12.77,11.58,11.17,10.39,10.4,11.08,10.72,9.94,8.92,10.37
NIC,Nicaragua,Climate Watch,Total including LUCF,All GHG,MtCO₂e,40.16,39.88,39.49,39.51,39.05,39.18,39.33,30.47,29.55,28.62,28.33,27.98,39.51,39.08,39.03,39.14,38.98,38.81,38.22,38.78,37.61,37.16,33.04,32.46,31.86,30.89,30.01,30.03,30.72,30.35,29.58,28.55,30.0
NIC,Nicaragua,Climate Watch,Energy,All GHG,MtCO₂e,6.12,5.99,5.51,6.12,5.96,6.33,6.29,6.17,5.65,5.37,5.59,5.62,5.4,5.3,5.4,5.59,5.43,5.14,5.33,5.19,4.91,4.77,4.6,4.44,4.4,3.89,3.68,3.52,3.39,3.08,3.09,2.78,2.79
NIC,Nicaragua,Climate Watch,Industrial Processes,All GHG,MtCO₂e,0.57,0.54,0.52,0.53,0.55,0.57,0.56,0.53,0.51,0.48,0.47,0.49,0.45,0.4,0.38,0.36,0.34,0.32,0.3,0.42,0.28,0.25,0.24,0.16,0.17,0.17,0.17,0.15,0.14,0.12,0.13,0.12,0.11
NIC,Nicaragua,Climate Watch,Agriculture,All GHG,MtCO₂e,12.68,12.58,12.52,12.03,11.75,11.59,11.71,11.61,11.19,10.6,10.21,9.8,8.92,8.74,8.6,8.58,8.59,8.54,8.06,8.45,7.94,7.66,7.64,7.4,6.3,6.48,5.99,6.24,7.13,7.14,6.41,5.8,7.25
NIC,Nicaragua,Climate Watch,Waste,All GHG,MtCO₂e,1.28,1.26,1.24,1.22,1.2,1.18,1.15,1.13,1.11,1.09,1.07,1.05,1.03,1.01,1.0,0.98,0.96,0.94,0.92,0.9,0.88,0.86,0.84,0.77,0.7,0.63,0.56,0.49,0.42,0.37,0.31,0.22,0.22
NIC,Nicaragua,Climate Watch,Land-Use Change and Forestry,All GHG,MtCO₂e,19.51,19.5,19.7,19.61,19.59,19.51,19.62,11.02,11.09,11.07,10.98,11.01,23.7,23.63,23.65,23.62,23.65,23.87,23.61,23.81,23.61,23.62,19.72,19.69,20.29,19.71,19.62,19.63,19.63,19.63,19.63,19.63,19.63
NIC,Nicaragua,Climate Watch,Bunker Fuels,All GHG,MtCO₂e,0.05,0.03,0.02,0.05,0.06,0.08,0.07,0.07,0.06,0.07,0.07,0.06,0.06,0.06,0.08,0.08,0.05,0.05,0.06,0.07,0.07,0.07,0.08,0.08,0.08,0.06,0.07,0.06,0.05,0.04,0.05,0.07,0.08
NIC,Nicaragua,Climate Watch,Electricity/Heat,All GHG,MtCO₂e,1.21,1.1,0.98,1.54,1.48,1.53,1.7,1.72,1.58,1.52,1.75,1.93,1.82,1.84,1.72,1.83,1.74,1.6,1.71,1.63,1.59,1.63,1.5,1.38,1.5,1.11,1.03,0.96,0.85,0.74,0.78,0.62,0.57
NIC,Nicaragua,Climate Watch,Building,All GHG,MtCO₂e,1.8,1.78,1.72,1.69,1.68,1.7,1.66,1.61,1.55,1.52,1.49,1.46,1.42,1.4,1.39,1.4,1.38,1.29,1.29,1.26,1.21,1.19,1.2,1.2,1.15,1.15,1.14,1.11,1.14,1.08,1.07,1.04,1.05
NIC,Nicaragua,Climate Watch,Manufacturing/Construction,All GHG,MtCO₂e,0.55,0.54,0.51,0.6,0.6,0.64,0.62,0.59,0.54,0.52,0.55,0.53,0.52,0.48,0.69,0.72,0.72,0.71,0.78,0.7,0.52,0.43,0.4,0.4,0.35,0.36,0.3,0.29,0.32,0.24,0.26,0.25,0.33
NIC,Nicaragua,Climate Watch,Transportation,All GHG,MtCO₂e,2.47,2.48,2.22,2.2,2.13,2.39,2.24,2.18,1.92,1.75,1.74,1.65,1.58,1.52,1.55,1.58,1.53,1.48,1.49,1.55,1.56,1.5,1.48,1.44,1.37,1.26,1.19,1.14,1.03,0.97,0.95,0.83,0.76
NIC,Nicaragua,Climate Watch,Other Fuel Combustion,All GHG,MtCO₂e,0.09,0.09,0.08,0.08,0.08,0.08,0.08,0.07,0.06,0.06,0.06,0.06,0.06,0.05,0.05,0.06,0.06,0.06,0.05,0.05,0.04,0.02,0.03,0.03,0.03,0.02,0.02,0.02,0.05,0.03,0.03,0.04,0.08
NIC,Nicaragua,Climate Watch,Fugitive Emissions,All GHG,MtCO₂e,0.0,0.0,0.0,0.0,0.0,0.0,0.0,0.0,0.0,0.0,0.0,0.0,0.0,0.0,0.0,0.0,0.0,0.0,0.0,0.0,0.0,0.0,0.0,0.0,0.0,0.0,0.0,0.0,0.0,0.0,0.0,0.0,0.0
NIU,Niue,Climate Watch,Total excluding LUCF,All GHG,MtCO₂e,0.01,0.01,0.01,0.01,0.01,0.01,0.01,0.01,0.01,0.01,0.01,0.01,0.01,0.03,0.03,0.03,0.03,0.03,0.03,0.02,0.02,0.02,0.02,0.02,0.01,0.01,0.01,0.01,0.01,0.01,0.01,0.01,0.01
NIU,Niue,Climate Watch,Total including LUCF,All GHG,MtCO₂e,0.01,0.01,0.01,0.01,0.01,0.01,0.01,0.01,0.0,0.0,0.0,0.0,0.01,0.04,0.04,0.03,0.03,0.03,0.03,0.03,0.02,0.02,0.02,0.02,0.02,0.01,0.01,0.01,0.01,0.01,0.01,0.01,0.01
NIU,Niue,Climate Watch,Energy,All GHG,MtCO₂e,0.01,0.01,0.01,0.01,0.01,0.01,0.01,0.01,0.01,0.01,0.01,0.01,0.0,0.01,0.01,0.0,0.01,0.01,0.01,0.01,0.01,0.01,0.01,0.01,0.01,0.01,0.01,0.01,0.01,0.01,0.01,0.01,0.01
NIU,Niue,Climate Watch,Industrial Processes,All GHG,MtCO₂e,0.0,0.0,0.0,0.0,0.0,0.0,0.0,0.0,0.0,0.0,0.0,0.0,0.0,0.0,0.0,0.0,0.0,0.0,0.0,0.0,0.0,0.0,0.0,0.0,0.0,0.0,0.0,0.0,0.0,0.0,0.0,0.0,0.0
NIU,Niue,Climate Watch,Agriculture,All GHG,MtCO₂e,0.0,0.0,0.0,0.0,0.0,0.0,0.0,0.0,0.0,0.0,0.0,0.0,0.0,0.0,0.0,0.0,0.0,0.0,0.0,0.0,0.0,0.0,0.0,0.0,0.0,0.0,0.0,0.0,0.0,0.0,0.0,0.0,0.0
NIU,Niue,Climate Watch,Waste,All GHG,MtCO₂e,N/A,N/A,N/A,N/A,N/A,N/A,N/A,N/A,N/A,N/A,N/A,N/A,N/A,0.03,0.03,0.02,0.02,0.02,0.02,0.02,0.01,0.01,0.01,0.01,0.01,0.01,0.0,0.0,0.0,N/A,N/A,N/A,N/A
NIU,Niue,Climate Watch,Land-Use Change and Forestry,All GHG,MtCO₂e,0.0,0.0,0.0,0.0,0.0,0.0,0.0,0.0,0.0,0.0,0.0,0.0,0.0,0.0,0.0,0.0,0.0,0.0,0.0,0.0,0.0,0.0,0.0,0.0,0.0,0.0,0.0,0.0,0.0,0.0,0.0,0.0,0.0
NIU,Niue,Climate Watch,Bunker Fuels,All GHG,MtCO₂e,0.0,0.0,0.0,0.0,0.0,0.0,0.0,0.0,0.0,0.0,0.0,0.0,0.0,0.0,0.0,0.0,0.0,0.0,0.0,0.0,0.0,0.0,0.0,0.0,0.0,0.0,0.0,0.0,0.0,0.0,0.0,0.0,0.0
NIU,Niue,Climate Watch,Electricity/Heat,All GHG,MtCO₂e,0.0,0.0,0.0,0.0,0.0,0.0,0.0,0.0,0.0,0.0,0.0,0.0,0.0,0.0,0.0,0.0,0.0,0.0,0.0,0.0,0.0,0.0,0.0,0.0,0.0,0.0,0.0,0.0,0.0,0.0,0.0,0.0,0.0
NIU,Niue,Climate Watch,Building,All GHG,MtCO₂e,0.0,0.0,0.0,0.0,0.0,0.0,0.0,0.0,0.0,0.0,0.0,0.0,0.0,0.0,0.0,0.0,0.0,N/A,N/A,N/A,N/A,N/A,N/A,N/A,N/A,N/A,N/A,N/A,N/A,N/A,N/A,N/A,N/A
NIU,Niue,Climate Watch,Manufacturing/Construction,All GHG,MtCO₂e,0.0,0.0,0.0,0.0,0.0,0.0,0.0,0.0,0.0,0.0,0.0,0.0,0.0,0.0,N/A,N/A,N/A,N/A,N/A,N/A,N/A,N/A,N/A,N/A,N/A,N/A,N/A,N/A,N/A,N/A,N/A,N/A,N/A
NIU,Niue,Climate Watch,Transportation,All GHG,MtCO₂e,0.0,0.0,0.0,0.0,0.0,0.0,0.0,0.0,0.0,0.0,0.0,0.0,0.0,0.0,0.0,0.0,0.0,0.0,0.0,0.0,0.0,0.0,0.0,0.0,0.0,0.0,0.0,0.0,0.0,0.0,0.0,0.0,0.0
NIU,Niue,Climate Watch,Other Fuel Combustion,All GHG,MtCO₂e,0.0,0.0,0.0,0.0,0.0,0.0,0.0,N/A,N/A,N/A,N/A,N/A,N/A,N/A,N/A,N/A,N/A,N/A,N/A,N/A,N/A,N/A,N/A,N/A,N/A,N/A,N/A,N/A,N/A,N/A,N/A,N/A,N/A
NIU,Niue,Climate Watch,Fugitive Emissions,All GHG,MtCO₂e,0.0,0.0,0.0,0.0,0.0,0.0,0.0,0.0,0.0,0.0,0.0,0.0,0.0,0.0,0.0,0.0,0.0,0.0,0.0,0.0,0.0,0.0,0.0,0.0,0.0,0.0,0.0,0.0,0.0,0.0,0.0,0.0,0.0
NLD,Netherlands,Climate Watch,Total excluding LUCF,All GHG,MtCO₂e,148.56,161.24,157.55,174.49,179.73,185.8,189.69,189.18,180.33,188.18,189.2,191.08,204.47,193.83,198.56,200.96,201.6,206.37,212.46,210.85,210.68,211.75,212.3,215.06,231.12,230.12,238.14,226.28,224.12,222.63,217.98,217.82,213.78
NLD,Netherlands,Climate Watch,Total including LUCF,All GHG,MtCO₂e,155.16,167.86,164.19,181.13,186.39,192.46,196.35,195.83,186.99,194.84,195.87,197.74,210.88,200.24,204.98,207.37,208.01,212.78,218.87,217.3,217.19,218.35,219.16,221.93,238.0,237.0,245.03,233.18,231.02,229.54,224.9,224.73,220.69
NLD,Netherlands,Climate Watch,Energy,All GHG,MtCO₂e,123.03,135.7,131.77,147.82,152.98,157.25,160.01,158.98,150.91,158.56,159.79,161.17,173.52,162.8,167.49,166.8,166.0,170.24,174.32,172.54,169.56,169.31,164.25,163.58,168.81,168.46,175.93,166.27,161.73,162.09,158.14,159.29,153.56
NLD,Netherlands,Climate Watch,Industrial Processes,All GHG,MtCO₂e,3.46,3.4,3.23,3.76,3.87,4.29,4.21,4.51,4.31,4.82,4.64,4.85,5.33,5.1,5.01,8.32,9.36,9.2,9.55,9.36,11.09,10.99,15.85,17.77,27.6,25.77,25.22,22.16,23.64,20.96,19.36,17.47,19.47
NLD,Netherlands,Climate Watch,Agriculture,All GHG,MtCO₂e,18.88,18.84,19.14,19.32,19.15,20.44,21.42,21.46,20.66,20.09,19.83,19.84,20.11,20.04,19.92,19.33,19.3,19.48,19.45,19.43,19.87,20.76,20.9,21.73,21.69,22.34,23.03,23.43,23.51,23.73,24.21,24.46,24.28
NLD,Netherlands,Climate Watch,Waste,All GHG,MtCO₂e,3.2,3.29,3.41,3.6,3.72,3.81,4.05,4.23,4.45,4.71,4.94,5.22,5.51,5.88,6.13,6.51,6.94,7.44,9.14,9.51,10.15,10.69,11.3,11.98,13.02,13.54,13.96,14.43,15.23,15.85,16.28,16.6,16.47
NLD,Netherlands,Climate Watch,Land-Use Change and Forestry,All GHG,MtCO₂e,6.6,6.61,6.64,6.63,6.66,6.66,6.66,6.66,6.66,6.66,6.66,6.66,6.41,6.41,6.41,6.41,6.41,6.41,6.41,6.45,6.51,6.6,6.86,6.87,6.88,6.88,6.89,6.9,6.9,6.91,6.92,6.92,6.92
NLD,Netherlands,Climate Watch,Bunker Fuels,All GHG,MtCO₂e,44.71,42.9,43.49,47.9,47.59,48.93,49.3,49.25,51.93,52.17,53.77,58.04,54.23,56.98,63.41,65.41,64.02,60.56,56.95,52.42,55.37,55.33,51.67,49.47,47.55,47.05,44.56,42.62,41.65,41.05,42.23,41.4,39.87
NLD,Netherlands,Climate Watch,Electricity/Heat,All GHG,MtCO₂e,51.14,56.05,54.51,64.41,67.22,70.97,74.35,76.02,70.51,67.34,67.44,70.32,73.64,70.52,72.62,73.39,68.93,74.02,76.56,74.86,73.49,72.53,69.27,67.58,72.95,70.59,69.46,68.36,65.08,61.65,60.15,59.34,57.84
NLD,Netherlands,Climate Watch,Building,All GHG,MtCO₂e,19.77,24.44,21.95,23.39,24.38,24.62,25.15,24.47,22.88,29.95,28.76,26.53,33.66,29.18,29.06,26.03,29.05,28.82,30.4,30.46,29.41,30.64,28.75,28.78,30.44,31.87,37.44,32.11,30.1,32.24,30.52,33.18,28.89
NLD,Netherlands,Climate Watch,Manufacturing/Construction,All GHG,MtCO₂e,20.94,22.31,22.47,22.53,23.2,23.85,23.28,21.44,21.16,21.41,22.2,21.34,22.2,21.0,22.06,24.01,23.85,23.06,23.34,23.77,23.62,23.12,23.31,24.4,23.02,24.19,25.68,24.49,25.71,26.13,26.6,27.1,28.6
NLD,Netherlands,Climate Watch,Transportation,All GHG,MtCO₂e,25.75,25.93,25.74,30.25,30.66,30.6,29.75,29.61,29.14,31.89,33.47,34.97,34.86,34.27,35.78,35.43,36.1,35.2,34.96,34.42,33.89,33.12,32.84,32.84,32.28,31.55,31.56,30.28,30.01,30.58,29.7,28.18,27.69
NLD,Netherlands,Climate Watch,Other Fuel Combustion,All GHG,MtCO₂e,5.32,6.85,6.98,7.09,7.36,7.03,7.27,7.23,6.98,7.67,7.65,7.74,8.86,7.57,7.69,7.65,7.76,8.86,8.74,8.75,8.84,9.58,9.81,9.71,9.8,9.92,11.37,10.64,10.43,11.03,10.67,10.99,10.08
NLD,Netherlands,Climate Watch,Fugitive Emissions,All GHG,MtCO₂e,0.09,0.12,0.12,0.15,0.17,0.19,0.2,0.21,0.25,0.31,0.28,0.28,0.3,0.27,0.28,0.29,0.3,0.28,0.31,0.27,0.31,0.32,0.27,0.28,0.32,0.34,0.41,0.39,0.4,0.46,0.5,0.5,0.46
NOR,Norway,Climate Watch,Total excluding LUCF,All GHG,MtCO₂e,45.55,46.16,45.87,47.53,48.88,49.53,49.86,50.67,49.95,50.12,49.41,49.82,50.84,48.7,49.56,49.09,48.7,48.32,49.39,49.11,46.99,47.59,47.34,52.95,50.95,49.7,47.95,47.95,48.11,46.07,43.57,43.3,46.0
NOR,Norway,Climate Watch,Total including LUCF,All GHG,MtCO₂e,30.76,31.38,31.09,32.73,34.12,34.71,35.04,35.86,35.14,35.29,34.58,34.97,32.11,29.93,30.77,30.3,29.9,29.51,30.55,30.26,28.12,28.72,36.26,41.83,39.79,38.54,36.79,36.8,37.01,34.98,32.48,32.21,34.9
NOR,Norway,Climate Watch,Energy,All GHG,MtCO₂e,36.94,37.56,37.28,38.71,39.92,40.41,40.67,41.48,40.6,40.7,39.97,40.23,41.35,38.95,38.93,37.95,37.49,36.7,37.75,37.41,34.62,34.96,34.48,39.9,38.05,36.68,34.77,34.52,34.53,32.48,30.37,27.53,29.48
NOR,Norway,Climate Watch,Industrial Processes,All GHG,MtCO₂e,2.2,2.12,2.12,2.31,2.36,2.44,2.44,2.43,2.61,2.66,2.62,2.64,2.59,2.8,3.57,3.98,3.96,4.33,4.2,4.22,4.93,5.03,5.14,5.27,4.98,4.88,4.98,5.2,5.42,5.47,5.03,7.6,8.29
NOR,Norway,Climate Watch,Agriculture,All GHG,MtCO₂e,5.26,5.3,5.25,5.24,5.27,5.3,5.3,5.24,5.16,5.15,5.17,5.19,5.16,5.2,5.33,5.36,5.41,5.48,5.52,5.54,5.5,5.54,5.58,5.7,5.75,5.78,5.79,5.72,5.67,5.61,5.66,5.64,5.57
NOR,Norway,Climate Watch,Waste,All GHG,MtCO₂e,1.15,1.19,1.22,1.27,1.33,1.37,1.45,1.51,1.57,1.61,1.65,1.76,1.73,1.75,1.73,1.81,1.84,1.82,1.92,1.94,1.95,2.05,2.14,2.08,2.17,2.36,2.41,2.51,2.5,2.51,2.51,2.53,2.65
NOR,Norway,Climate Watch,Land-Use Change and Forestry,All GHG,MtCO₂e,-14.79,-14.79,-14.78,-14.79,-14.77,-14.81,-14.82,-14.81,-14.81,-14.83,-14.83,-14.85,-18.74,-18.78,-18.79,-18.79,-18.8,-18.81,-18.83,-18.85,-18.87,-18.87,-11.08,-11.13,-11.16,-11.17,-11.16,-11.15,-11.1,-11.1,-11.09,-11.09,-11.09
NOR,Norway,Climate Watch,Bunker Fuels,All GHG,MtCO₂e,2.32,1.45,1.44,2.65,2.79,2.58,2.41,2.55,2.62,2.88,2.85,2.71,2.67,2.64,2.67,3.23,2.82,3.27,2.47,2.51,3.31,3.65,3.69,4.06,3.99,4.22,3.6,3.35,3.25,2.89,2.84,2.46,2.69
NOR,Norway,Climate Watch,Electricity/Heat,All GHG,MtCO₂e,13.21,13.81,14.35,15.09,15.46,15.94,15.52,16.02,14.96,14.72,14.12,14.44,15.16,14.86,14.08,12.52,12.17,11.77,11.81,11.66,10.76,10.7,9.95,14.33,13.25,12.24,9.98,10.68,12.08,11.41,10.32,6.99,7.34
NOR,Norway,Climate Watch,Building,All GHG,MtCO₂e,1.22,1.19,1.2,1.35,1.49,1.5,1.6,1.38,1.42,1.58,1.62,1.67,2.05,1.61,1.51,1.63,1.79,1.71,1.98,2.4,2.46,2.11,1.74,2.22,2.13,2.2,2.54,2.09,2.12,2.02,2.05,2.21,2.7
NOR,Norway,Climate Watch,Manufacturing/Construction,All GHG,MtCO₂e,6.43,6.74,6.56,6.4,6.52,6.42,6.23,6.3,6.42,6.69,6.57,6.61,6.52,5.16,6.17,6.05,6.15,6.19,6.93,6.68,5.44,6.28,6.65,6.21,6.05,5.82,6.19,5.7,5.64,4.71,4.6,5.02,6.3
NOR,Norway,Climate Watch,Transportation,All GHG,MtCO₂e,14.03,13.64,13.12,13.92,14.26,14.3,15.07,15.52,15.57,15.26,15.4,15.27,15.31,13.91,14.21,14.56,13.96,13.34,13.28,12.9,12.52,12.52,12.31,13.15,12.95,12.51,12.31,11.78,11.1,11.26,10.65,10.4,10.28
NOR,Norway,Climate Watch,Other Fuel Combustion,All GHG,MtCO₂e,1.39,1.47,1.41,1.33,1.41,1.42,1.27,1.18,1.16,1.2,1.23,1.22,1.27,2.14,1.84,1.96,2.09,2.18,2.26,2.13,1.99,1.92,1.82,1.95,2.01,1.96,1.94,1.75,1.78,1.69,1.77,1.86,1.4
NOR,Norway,Climate Watch,Fugitive Emissions,All GHG,MtCO₂e,0.66,0.71,0.64,0.62,0.78,0.84,0.99,1.08,1.07,1.25,1.02,1.02,1.05,1.27,1.11,1.22,1.32,1.5,1.49,1.65,1.44,1.43,2.0,2.04,1.66,1.96,1.81,2.52,1.82,1.38,0.98,1.05,1.46
NPL,Nepal,Climate Watch,Total excluding LUCF,All GHG,MtCO₂e,53.83,56.32,55.85,52.19,53.29,50.74,48.38,43.73,43.79,42.63,40.82,41.56,40.04,38.57,37.1,36.14,35.04,35.45,34.52,34.27,33.51,33.85,33.09,32.59,31.52,30.85,30.18,29.7,28.78,27.2,27.08,26.16,26.33
NPL,Nepal,Climate Watch,Total including LUCF,All GHG,MtCO₂e,56.72,60.23,58.45,56.1,56.18,53.83,53.67,46.34,47.43,46.29,44.41,44.68,36.45,34.77,33.02,31.74,30.79,31.49,30.58,30.52,28.94,29.66,31.69,31.29,29.88,29.02,28.46,28.4,27.5,25.92,25.8,24.88,25.05
NPL,Nepal,Climate Watch,Energy,All GHG,MtCO₂e,22.29,23.3,23.21,19.29,20.91,19.45,17.66,14.8,15.03,13.84,12.92,13.95,13.44,12.66,12.0,11.51,11.25,11.66,11.1,11.13,10.73,11.15,10.71,10.2,9.23,8.98,8.57,8.36,8.07,7.61,7.32,7.18,6.82
NPL,Nepal,Climate Watch,Industrial Processes,All GHG,MtCO₂e,2.63,3.75,3.44,4.05,3.71,3.34,2.49,1.74,1.41,1.35,1.21,0.96,0.66,0.58,0.22,0.21,0.2,0.18,0.17,0.17,0.16,0.15,0.14,0.14,0.13,0.11,0.14,0.15,0.14,0.12,0.11,0.07,0.05
NPL,Nepal,Climate Watch,Agriculture,All GHG,MtCO₂e,27.49,27.88,27.83,27.51,27.35,26.67,26.97,25.95,26.14,26.25,25.53,25.51,24.83,24.24,23.83,23.4,22.61,22.65,22.32,22.07,21.77,21.74,21.46,21.5,21.44,21.08,20.82,20.58,19.98,18.95,19.21,18.54,19.1
NPL,Nepal,Climate Watch,Waste,All GHG,MtCO₂e,1.42,1.4,1.37,1.35,1.32,1.28,1.26,1.23,1.21,1.18,1.16,1.14,1.11,1.08,1.05,1.02,0.99,0.96,0.93,0.9,0.86,0.82,0.78,0.75,0.72,0.68,0.65,0.62,0.58,0.52,0.44,0.37,0.36
NPL,Nepal,Climate Watch,Land-Use Change and Forestry,All GHG,MtCO₂e,2.89,3.9,2.6,3.91,2.89,3.09,5.29,2.62,3.63,3.66,3.59,3.12,-3.6,-3.79,-4.08,-4.4,-4.25,-3.96,-3.95,-3.75,-4.57,-4.19,-1.39,-1.3,-1.65,-1.84,-1.73,-1.3,-1.28,-1.28,-1.28,-1.28,-1.28
NPL,Nepal,Climate Watch,Bunker Fuels,All GHG,MtCO₂e,0.34,0.31,0.13,0.27,0.37,0.43,0.43,0.21,0.36,0.32,0.3,0.29,0.27,0.21,0.18,0.18,0.17,0.19,0.17,0.13,0.14,0.12,0.17,0.15,0.15,0.13,0.13,0.11,0.1,0.08,0.08,0.06,0.05
NPL,Nepal,Climate Watch,Electricity/Heat,All GHG,MtCO₂e,N/A,N/A,N/A,N/A,0.0,0.0,N/A,N/A,N/A,0.01,0.01,N/A,0.0,0.01,0.01,0.01,0.01,0.01,0.01,0.0,0.0,0.01,0.02,0.05,0.09,0.09,0.03,0.03,0.07,0.06,0.04,0.03,N/A
NPL,Nepal,Climate Watch,Building,All GHG,MtCO₂e,10.92,10.7,11.4,11.06,10.93,10.67,10.31,9.86,9.86,9.61,8.64,10.15,9.87,9.75,9.61,9.57,9.49,9.54,9.34,9.35,9.06,8.88,8.48,8.08,7.81,7.63,7.39,7.15,6.93,6.73,6.55,6.36,6.16
NPL,Nepal,Climate Watch,Manufacturing/Construction,All GHG,MtCO₂e,6.05,7.56,7.08,5.01,5.22,4.35,3.74,2.79,2.64,1.99,2.28,1.46,1.24,0.77,0.76,0.82,0.63,1.04,0.67,0.78,0.65,1.28,1.13,1.05,0.31,0.3,0.31,0.36,0.33,0.19,0.15,0.26,0.21
NPL,Nepal,Climate Watch,Transportation,All GHG,MtCO₂e,4.91,4.64,4.05,2.55,4.11,3.82,3.11,1.85,2.18,1.91,1.7,2.0,1.98,1.79,1.36,0.93,0.9,0.85,0.85,0.8,0.81,0.76,0.84,0.79,0.79,0.75,0.65,0.63,0.57,0.49,0.44,0.41,0.34
NPL,Nepal,Climate Watch,Other Fuel Combustion,All GHG,MtCO₂e,0.4,0.38,0.68,0.66,0.64,0.59,0.49,0.29,0.35,0.3,0.27,0.34,0.35,0.34,0.26,0.17,0.21,0.21,0.22,0.2,0.21,0.2,0.23,0.22,0.22,0.21,0.19,0.18,0.16,0.14,0.13,0.12,0.1
NPL,Nepal,Climate Watch,Fugitive Emissions,All GHG,MtCO₂e,0.01,0.01,0.01,0.01,0.01,0.01,0.01,0.01,0.01,0.01,0.01,0.01,0.0,0.01,0.01,0.01,0.0,0.0,0.0,0.0,0.0,0.0,0.01,0.01,0.0,0.0,0.0,0.0,0.0,0.0,0.0,0.0,0.0
NRU,Nauru,Climate Watch,Total excluding LUCF,All GHG,MtCO₂e,0.06,0.06,0.06,0.06,0.06,0.06,0.05,0.06,0.05,0.05,0.04,0.04,0.05,0.05,0.05,0.05,0.05,0.07,0.07,0.08,0.09,0.09,0.1,0.1,0.11,0.11,0.11,0.11,0.12,0.12,0.12,0.13,0.13
NRU,Nauru,Climate Watch,Total including LUCF,All GHG,MtCO₂e,0.06,0.06,0.06,0.06,0.06,0.06,0.05,0.06,0.05,0.05,0.04,0.04,0.05,0.05,0.05,0.05,0.05,0.07,0.07,0.08,0.09,0.09,0.1,0.1,0.11,0.11,0.11,0.11,0.12,0.12,0.12,0.13,0.13
NRU,Nauru,Climate Watch,Energy,All GHG,MtCO₂e,0.05,0.06,0.05,0.05,0.05,0.06,0.05,0.05,0.05,0.05,0.04,0.04,0.04,0.04,0.04,0.04,0.04,0.06,0.06,0.07,0.08,0.08,0.09,0.09,0.1,0.1,0.1,0.11,0.11,0.11,0.12,0.13,0.13
NRU,Nauru,Climate Watch,Industrial Processes,All GHG,MtCO₂e,0.0,0.0,0.0,0.0,0.0,0.0,0.0,0.0,0.0,0.0,0.0,0.0,0.0,0.0,0.0,0.0,0.0,0.0,0.0,0.0,0.0,0.0,0.0,0.0,0.0,0.0,0.0,0.0,0.0,0.0,0.0,0.0,0.0
NRU,Nauru,Climate Watch,Agriculture,All GHG,MtCO₂e,0.0,0.0,0.0,0.0,0.0,0.0,0.0,0.0,0.0,0.0,0.0,0.0,0.0,0.0,0.0,0.0,0.0,0.0,0.0,0.0,0.0,0.0,0.0,0.0,0.0,0.0,0.0,0.0,0.0,0.0,0.0,0.0,0.0
NRU,Nauru,Climate Watch,Waste,All GHG,MtCO₂e,N/A,N/A,N/A,N/A,N/A,N/A,N/A,N/A,N/A,N/A,N/A,N/A,0.0,0.01,0.01,0.01,0.01,0.01,0.01,0.01,0.01,0.01,0.01,0.01,0.0,0.0,0.0,0.0,0.0,N/A,N/A,N/A,N/A
NRU,Nauru,Climate Watch,Land-Use Change and Forestry,All GHG,MtCO₂e,0.0,0.0,0.0,0.0,0.0,0.0,0.0,0.0,0.0,0.0,0.0,0.0,0.0,0.0,0.0,0.0,0.0,0.0,0.0,0.0,0.0,0.0,0.0,0.0,0.0,0.0,0.0,0.0,0.0,0.0,0.0,0.0,0.0
NRU,Nauru,Climate Watch,Bunker Fuels,All GHG,MtCO₂e,0.02,0.02,0.02,0.02,0.02,0.02,0.03,0.02,0.02,0.02,0.02,0.02,0.02,0.01,0.01,0.01,0.01,0.02,0.02,0.02,0.02,0.02,0.02,0.03,0.03,0.03,0.03,0.03,0.03,0.04,0.04,0.04,0.04
NRU,Nauru,Climate Watch,Electricity/Heat,All GHG,MtCO₂e,0.02,0.03,0.02,0.03,0.03,0.03,0.02,0.02,0.02,0.02,0.02,0.02,0.02,0.02,0.02,0.02,0.02,0.03,0.03,0.03,0.03,0.03,0.03,0.03,0.03,0.03,0.03,0.03,0.03,0.03,0.03,0.03,0.03
NRU,Nauru,Climate Watch,Building,All GHG,MtCO₂e,N/A,0.0,0.0,0.0,0.0,0.0,0.0,N/A,N/A,N/A,N/A,N/A,N/A,N/A,N/A,N/A,N/A,N/A,N/A,N/A,N/A,N/A,N/A,N/A,N/A,N/A,N/A,N/A,N/A,N/A,N/A,N/A,N/A
NRU,Nauru,Climate Watch,Manufacturing/Construction,All GHG,MtCO₂e,N/A,N/A,N/A,N/A,N/A,N/A,N/A,N/A,N/A,N/A,N/A,N/A,N/A,N/A,N/A,N/A,N/A,N/A,N/A,N/A,N/A,0.03,0.03,0.04,0.04,0.04,0.04,0.04,0.04,0.05,0.05,0.06,0.06
NRU,Nauru,Climate Watch,Transportation,All GHG,MtCO₂e,0.02,0.02,0.02,0.02,0.02,0.02,0.02,0.01,0.01,0.01,0.01,0.01,0.01,0.01,0.01,0.01,0.01,0.01,0.01,0.01,0.02,0.02,0.02,0.02,0.03,0.03,0.03,0.03,0.03,0.03,0.03,0.03,0.03
NRU,Nauru,Climate Watch,Other Fuel Combustion,All GHG,MtCO₂e,0.01,0.01,0.01,0.01,0.01,0.01,0.01,0.02,0.02,0.01,0.01,0.01,0.01,0.01,0.02,0.02,0.02,0.03,0.03,0.03,0.03,0.0,0.0,0.0,0.01,0.01,0.01,0.01,0.01,0.01,0.01,0.01,0.01
NRU,Nauru,Climate Watch,Fugitive Emissions,All GHG,MtCO₂e,0.0,0.0,0.0,0.0,0.0,0.0,0.0,0.0,0.0,0.0,0.0,0.0,0.0,0.0,0.0,0.0,0.0,0.0,0.0,0.0,0.0,0.0,0.0,0.0,0.0,0.0,0.0,0.0,0.0,0.0,0.0,0.0,0.0
NZL,New Zealand,Climate Watch,Total excluding LUCF,All GHG,MtCO₂e,78.11,80.94,80.82,83.75,82.69,83.88,82.38,83.56,84.44,83.69,84.26,81.59,82.39,82.27,85.13,85.14,86.38,86.35,85.0,85.5,83.15,82.04,79.31,79.11,76.92,78.68,76.18,75.75,74.42,72.81,73.56,72.77,73.08
NZL,New Zealand,Climate Watch,Total including LUCF,All GHG,MtCO₂e,68.8,71.63,71.52,74.45,73.39,74.58,73.09,68.16,69.04,68.3,68.87,66.19,60.87,60.76,63.62,63.62,64.87,64.84,63.48,63.98,61.64,60.53,54.73,54.52,52.33,54.1,51.59,51.17,49.8,48.19,48.95,48.15,48.47
NZL,New Zealand,Climate Watch,Energy,All GHG,MtCO₂e,29.84,32.21,31.93,34.4,33.04,34.01,32.23,33.29,32.98,32.96,33.35,31.43,32.24,32.26,35.26,34.2,35.23,35.12,33.85,34.38,32.61,32.67,30.44,29.56,28.11,28.71,26.39,25.14,25.05,24.87,25.27,23.54,23.13
NZL,New Zealand,Climate Watch,Industrial Processes,All GHG,MtCO₂e,2.48,2.37,2.31,2.33,2.26,2.26,2.29,2.37,2.42,2.18,2.15,1.98,2.0,1.98,1.9,1.84,1.63,1.58,1.51,1.48,1.53,1.46,1.4,1.3,1.19,1.31,1.25,1.1,1.05,0.98,1.21,1.66,1.64
NZL,New Zealand,Climate Watch,Agriculture,All GHG,MtCO₂e,42.4,43.05,43.2,43.6,43.91,44.04,44.26,44.26,45.35,44.81,44.95,44.25,44.05,43.85,43.65,44.68,45.07,44.98,44.95,44.97,44.26,43.18,42.79,43.61,42.98,44.01,43.94,45.02,43.93,42.49,42.73,43.34,44.21
NZL,New Zealand,Climate Watch,Waste,All GHG,MtCO₂e,3.4,3.31,3.37,3.43,3.48,3.56,3.6,3.64,3.69,3.75,3.81,3.93,4.1,4.17,4.32,4.41,4.45,4.67,4.68,4.67,4.76,4.73,4.69,4.64,4.63,4.66,4.61,4.5,4.39,4.47,4.35,4.23,4.1
NZL,New Zealand,Climate Watch,Land-Use Change and Forestry,All GHG,MtCO₂e,-9.3,-9.3,-9.3,-9.29,-9.3,-9.29,-9.29,-15.4,-15.4,-15.4,-15.4,-15.4,-21.52,-21.52,-21.52,-21.51,-21.52,-21.52,-21.51,-21.51,-21.51,-21.51,-24.59,-24.59,-24.59,-24.59,-24.58,-24.58,-24.62,-24.62,-24.62,-24.62,-24.62
NZL,New Zealand,Climate Watch,Bunker Fuels,All GHG,MtCO₂e,2.12,1.34,2.16,4.98,4.94,4.66,4.34,3.63,3.47,3.6,3.47,3.48,3.44,3.33,3.47,3.33,3.2,3.26,3.01,2.91,2.88,2.81,2.6,2.81,2.9,2.78,2.76,2.78,2.68,2.24,2.16,2.24,2.41
NZL,New Zealand,Climate Watch,Electricity/Heat,All GHG,MtCO₂e,4.82,6.96,6.91,7.01,6.28,7.01,6.17,7.34,7.43,8.32,9.43,8.03,8.58,9.0,11.13,10.23,11.79,11.83,9.88,10.22,8.69,9.63,7.95,8.16,7.0,7.47,5.32,4.39,4.7,5.38,6.14,4.97,4.57
NZL,New Zealand,Climate Watch,Building,All GHG,MtCO₂e,2.0,1.9,1.9,1.95,1.61,1.68,1.6,1.6,1.55,1.48,1.52,1.45,1.48,1.42,1.37,1.45,1.52,1.64,1.7,1.58,1.4,1.46,1.48,1.37,1.36,1.33,1.32,1.41,1.5,1.22,1.51,1.43,1.54
NZL,New Zealand,Climate Watch,Manufacturing/Construction,All GHG,MtCO₂e,5.93,6.1,6.36,7.06,6.57,6.59,6.69,6.61,6.87,6.16,5.35,5.15,5.47,5.16,5.58,5.53,5.14,5.08,5.9,6.32,6.76,6.48,6.06,5.55,5.64,5.88,6.11,6.02,6.31,6.33,6.08,6.09,5.95
NZL,New Zealand,Climate Watch,Transportation,All GHG,MtCO₂e,14.97,14.93,14.26,15.71,16.18,16.04,15.05,14.75,14.16,14.03,13.88,13.98,13.95,13.96,14.24,14.16,14.02,13.87,13.81,13.49,12.95,12.46,12.41,11.89,11.6,11.43,11.19,11.06,10.37,9.7,9.3,8.9,8.9
NZL,New Zealand,Climate Watch,Other Fuel Combustion,All GHG,MtCO₂e,1.48,1.64,1.74,1.78,1.43,1.54,1.52,1.65,1.74,1.71,1.78,1.57,1.46,1.44,1.66,1.74,1.81,1.78,1.6,1.79,1.68,1.54,1.53,1.59,1.55,1.5,1.41,1.37,1.29,1.22,1.21,1.1,1.22
NZL,New Zealand,Climate Watch,Fugitive Emissions,All GHG,MtCO₂e,0.63,0.68,0.77,0.88,0.96,1.16,1.19,1.33,1.24,1.26,1.39,1.24,1.31,1.27,1.29,1.1,0.94,0.91,0.96,0.99,1.12,1.09,1.01,1.0,0.95,1.1,1.04,0.89,0.88,1.02,1.04,1.05,0.95
OMN,Oman,Climate Watch,Total excluding LUCF,All GHG,MtCO₂e,106.9,101.07,95.22,99.14,98.1,93.93,93.68,92.59,88.41,84.82,80.95,72.62,65.74,61.59,58.18,58.43,55.8,47.94,48.01,48.81,46.85,45.22,41.53,37.29,34.34,35.37,33.97,32.97,29.36,27.15,25.45,25.54,21.38
OMN,Oman,Climate Watch,Total including LUCF,All GHG,MtCO₂e,106.92,101.09,95.24,99.16,98.12,93.95,93.7,92.59,88.41,84.82,80.95,72.62,65.74,61.59,58.18,58.43,55.8,47.94,48.01,48.81,46.85,45.22,41.53,37.29,34.34,35.37,33.97,32.97,29.36,27.15,25.45,25.54,21.38
OMN,Oman,Climate Watch,Energy,All GHG,MtCO₂e,98.19,92.74,87.14,91.57,90.79,87.11,86.68,86.01,82.07,78.32,74.71,66.99,60.07,56.27,53.49,54.04,51.64,44.29,44.55,45.51,44.01,42.62,39.11,34.91,32.01,33.17,31.85,30.95,27.4,25.39,23.8,23.98,19.88
OMN,Oman,Climate Watch,Industrial Processes,All GHG,MtCO₂e,4.75,4.46,4.3,3.87,3.68,3.31,3.59,3.29,3.17,3.4,3.53,3.04,3.19,2.96,2.36,2.15,1.99,1.53,1.46,1.37,0.97,0.78,0.68,0.66,0.71,0.67,0.67,0.62,0.63,0.53,0.52,0.53,0.53
OMN,Oman,Climate Watch,Agriculture,All GHG,MtCO₂e,1.97,1.92,1.88,1.83,1.8,1.76,1.73,1.7,1.66,1.66,1.36,1.34,1.31,1.26,1.25,1.21,1.19,1.17,1.09,1.05,1.02,1.02,0.98,0.98,0.93,0.88,0.85,0.83,0.8,0.75,0.71,0.66,0.62
OMN,Oman,Climate Watch,Waste,All GHG,MtCO₂e,2.0,1.95,1.91,1.87,1.82,1.76,1.68,1.59,1.51,1.43,1.34,1.25,1.16,1.1,1.06,1.03,0.99,0.95,0.91,0.88,0.84,0.81,0.77,0.73,0.69,0.65,0.61,0.57,0.52,0.47,0.42,0.36,0.35
OMN,Oman,Climate Watch,Land-Use Change and Forestry,All GHG,MtCO₂e,0.02,0.02,0.02,0.02,0.02,0.02,0.02,0.0,0.0,0.0,0.0,0.0,0.0,0.0,0.0,0.0,0.0,0.0,0.0,0.0,0.0,0.0,0.0,0.0,0.0,0.0,0.0,0.0,0.0,0.0,0.0,0.0,0.0
OMN,Oman,Climate Watch,Bunker Fuels,All GHG,MtCO₂e,8.85,6.92,5.49,6.28,9.15,5.0,6.94,5.6,5.25,4.19,3.94,3.15,4.87,3.88,5.04,1.0,1.07,0.82,0.74,1.27,1.26,0.97,0.86,0.76,0.7,0.65,0.57,0.56,0.61,1.39,0.59,0.89,1.01
OMN,Oman,Climate Watch,Electricity/Heat,All GHG,MtCO₂e,27.66,26.9,24.73,24.32,25.34,25.13,23.85,23.96,22.87,21.8,21.42,20.39,19.24,18.73,17.27,16.66,16.41,15.29,16.49,15.43,15.01,14.45,13.31,10.79,9.93,9.44,8.86,8.49,7.11,6.51,6.06,5.89,5.75
OMN,Oman,Climate Watch,Building,All GHG,MtCO₂e,18.16,17.28,15.63,16.57,15.26,10.81,11.69,11.31,9.82,9.82,9.51,7.18,4.72,2.02,0.73,0.24,0.17,0.15,0.12,0.14,0.14,0.1,0.06,0.1,0.1,0.08,0.1,0.1,0.12,0.09,0.11,0.13,0.1
OMN,Oman,Climate Watch,Manufacturing/Construction,All GHG,MtCO₂e,13.27,12.35,11.46,12.57,12.59,13.12,13.19,12.67,12.04,10.57,10.31,9.55,8.15,8.31,8.88,12.27,10.85,4.69,4.55,5.05,5.07,3.94,3.31,2.89,1.16,1.58,2.78,3.18,2.43,3.24,4.67,5.79,2.17
OMN,Oman,Climate Watch,Transportation,All GHG,MtCO₂e,13.68,10.7,10.33,12.43,12.48,12.65,12.76,13.58,12.88,12.27,11.14,9.83,8.48,7.65,7.52,6.34,4.22,3.78,3.31,3.13,2.9,2.97,2.71,2.62,2.57,2.49,2.34,2.26,2.18,2.14,2.01,1.86,1.74
OMN,Oman,Climate Watch,Other Fuel Combustion,All GHG,MtCO₂e,2.63,2.51,2.43,2.48,2.51,2.77,2.76,2.65,2.55,2.52,2.42,2.23,2.15,2.13,1.97,1.81,2.19,1.44,0.78,1.67,1.69,1.69,1.16,1.2,1.63,1.5,0.95,0.76,0.75,0.69,0.59,0.52,0.48
OMN,Oman,Climate Watch,Fugitive Emissions,All GHG,MtCO₂e,22.78,22.99,22.56,23.2,22.61,22.63,22.44,21.84,21.91,21.35,19.92,17.81,17.33,17.43,17.12,16.71,17.8,18.95,19.3,20.08,19.2,19.47,18.57,17.31,16.62,18.07,16.81,16.17,14.81,12.72,10.36,9.79,9.65
PAK,Pakistan,Climate Watch,Total excluding LUCF,All GHG,MtCO₂e,599.9,588.66,571.9,536.8,532.06,535.07,509.1,485.1,469.06,453.7,438.95,432.29,420.31,423.64,408.56,403.55,383.02,360.0,347.66,326.97,314.1,304.15,296.81,290.98,274.32,267.15,257.02,246.14,231.62,223.06,209.21,195.51,191.01
PAK,Pakistan,Climate Watch,Total including LUCF,All GHG,MtCO₂e,606.92,595.65,578.89,543.79,539.06,542.07,516.1,490.55,474.51,459.15,444.41,437.74,427.38,430.71,415.62,410.63,390.08,367.07,354.73,334.03,321.17,311.22,304.86,299.03,282.38,275.2,265.07,254.19,239.67,231.11,217.26,203.56,199.06
PAK,Pakistan,Climate Watch,Energy,All GHG,MtCO₂e,246.9,240.01,234.84,211.88,216.42,227.83,212.28,197.75,189.09,181.15,178.25,175.49,173.25,177.22,172.88,178.67,165.27,155.0,151.45,137.56,132.68,129.35,127.07,126.41,116.86,115.28,111.4,107.61,100.34,97.29,90.58,82.96,80.52
PAK,Pakistan,Climate Watch,Industrial Processes,All GHG,MtCO₂e,28.86,30.08,28.62,25.81,25.34,23.9,22.67,20.63,19.65,19.08,17.91,17.67,17.82,17.87,16.32,14.83,12.97,11.51,10.12,9.5,8.43,8.22,7.4,7.15,6.57,6.41,6.31,6.24,6.08,6.12,5.43,5.27,5.24
PAK,Pakistan,Climate Watch,Agriculture,All GHG,MtCO₂e,223.27,219.91,211.98,204.81,198.17,193.34,186.32,181.06,176.93,172.41,164.14,162.96,155.63,157.53,150.96,144.28,141.68,133.09,128.45,125.06,121.01,117.56,116.37,114.55,111.15,108.92,106.05,102.39,98.75,96.76,93.98,91.89,90.24
PAK,Pakistan,Climate Watch,Waste,All GHG,MtCO₂e,100.87,98.65,96.46,94.3,92.14,89.99,87.84,85.66,83.39,81.05,78.64,76.16,73.61,71.02,68.4,65.76,63.1,60.4,57.64,54.84,51.98,49.02,45.97,42.87,39.74,36.54,33.27,29.9,26.44,22.88,19.22,15.39,15.01
PAK,Pakistan,Climate Watch,Land-Use Change and Forestry,All GHG,MtCO₂e,7.02,7.0,7.0,7.0,7.0,7.0,7.0,5.45,5.45,5.45,5.46,5.45,7.07,7.07,7.07,7.08,7.07,7.07,7.07,7.07,7.07,7.07,8.05,8.05,8.05,8.05,8.05,8.05,8.05,8.05,8.05,8.05,8.05
PAK,Pakistan,Climate Watch,Bunker Fuels,All GHG,MtCO₂e,2.36,1.43,1.3,1.91,2.45,2.63,2.54,2.37,2.27,2.58,2.45,2.55,2.87,2.97,2.63,2.41,2.71,2.74,2.56,2.13,2.41,2.08,2.07,2.15,2.08,1.65,1.62,1.78,1.78,1.82,1.73,1.63,1.53
PAK,Pakistan,Climate Watch,Electricity/Heat,All GHG,MtCO₂e,69.74,67.3,54.95,54.6,46.76,56.07,49.5,45.26,45.07,44.66,41.57,40.28,41.45,45.53,43.33,43.48,42.6,37.49,35.89,31.69,35.36,35.5,34.53,33.08,28.51,29.67,27.46,26.7,23.49,22.54,20.39,17.72,16.05
PAK,Pakistan,Climate Watch,Building,All GHG,MtCO₂e,50.28,49.44,49.66,50.76,50.81,50.29,50.94,50.53,50.07,48.99,49.59,47.27,45.2,43.99,43.18,42.07,40.38,39.06,38.08,36.41,35.74,35.17,34.43,34.83,32.55,32.04,30.63,30.0,28.6,27.59,26.64,26.81,26.61
PAK,Pakistan,Climate Watch,Manufacturing/Construction,All GHG,MtCO₂e,52.65,49.79,60.74,45.86,53.61,53.12,46.95,41.84,38.34,33.7,35.78,38.19,38.54,40.2,39.73,44.93,40.6,37.33,34.94,29.96,25.07,22.65,22.43,22.89,22.34,21.57,21.73,22.28,20.71,20.78,19.04,16.27,16.89
PAK,Pakistan,Climate Watch,Transportation,All GHG,MtCO₂e,59.07,57.91,54.26,47.2,50.74,55.34,50.5,45.29,40.14,37.64,36.79,35.99,34.33,33.6,33.04,34.05,28.28,27.85,29.92,27.73,26.43,26.08,26.14,26.43,25.08,23.84,23.28,20.68,19.9,18.82,16.48,14.64,14.12
PAK,Pakistan,Climate Watch,Other Fuel Combustion,All GHG,MtCO₂e,0.82,0.84,0.96,0.56,0.63,0.82,0.98,0.84,0.47,0.37,0.32,0.18,0.21,0.26,0.28,0.38,0.35,0.4,0.46,0.64,0.67,0.75,0.84,0.96,0.82,0.81,0.88,0.88,1.01,0.94,0.93,0.87,0.94
PAK,Pakistan,Climate Watch,Fugitive Emissions,All GHG,MtCO₂e,14.34,14.73,14.26,12.9,13.87,12.19,13.4,13.99,15.0,15.79,14.2,13.59,13.53,13.64,13.32,13.76,13.06,12.88,12.15,11.14,9.4,9.21,8.7,8.22,7.57,7.36,7.42,7.07,6.62,6.62,7.11,6.66,5.92
PAN,Panama,Climate Watch,Total excluding LUCF,All GHG,MtCO₂e,21.65,20.51,19.39,23.51,18.98,17.86,18.25,18.03,18.16,17.68,17.75,17.25,16.16,15.07,13.33,13.49,13.42,12.89,11.18,11.09,10.9,11.64,10.13,10.24,11.13,10.1,10.2,10.24,10.07,9.68,9.32,8.47,8.0
PAN,Panama,Climate Watch,Total including LUCF,All GHG,MtCO₂e,25.88,24.73,23.62,27.75,23.21,22.09,22.5,22.28,22.39,21.91,21.98,21.48,20.4,19.33,17.57,17.73,17.66,17.12,15.43,15.45,15.14,15.89,15.98,16.08,16.97,15.94,16.04,16.08,15.91,15.52,15.16,14.31,13.84
PAN,Panama,Climate Watch,Energy,All GHG,MtCO₂e,12.95,11.92,11.18,15.24,10.7,9.72,10.25,10.17,10.23,9.64,9.87,9.61,8.91,8.32,6.85,7.35,7.35,6.96,5.45,5.42,5.36,6.14,5.14,5.15,5.86,4.79,4.57,4.5,4.2,3.97,3.94,3.38,2.95
PAN,Panama,Climate Watch,Industrial Processes,All GHG,MtCO₂e,1.71,1.6,1.31,1.55,1.59,1.66,1.58,1.54,1.57,1.55,1.51,1.42,1.27,0.87,0.75,0.68,0.59,0.54,0.5,0.43,0.38,0.42,0.37,0.31,0.3,0.29,0.27,0.26,0.26,0.24,0.13,0.14,0.14
PAN,Panama,Climate Watch,Agriculture,All GHG,MtCO₂e,3.62,3.71,3.66,3.6,3.69,3.58,3.64,3.66,3.81,4.05,4.04,3.98,3.85,3.81,3.75,3.58,3.67,3.64,3.55,3.62,3.61,3.6,3.2,3.23,3.29,3.22,3.44,3.43,3.43,3.43,3.39,3.29,3.28
PAN,Panama,Climate Watch,Waste,All GHG,MtCO₂e,3.37,3.28,3.23,3.12,3.0,2.89,2.77,2.65,2.55,2.44,2.33,2.23,2.15,2.06,1.97,1.89,1.81,1.74,1.68,1.62,1.55,1.49,1.42,1.55,1.68,1.8,1.93,2.05,2.18,2.04,1.87,1.65,1.62
PAN,Panama,Climate Watch,Land-Use Change and Forestry,All GHG,MtCO₂e,4.23,4.23,4.23,4.25,4.23,4.23,4.26,4.24,4.23,4.23,4.24,4.23,4.23,4.26,4.24,4.24,4.24,4.24,4.26,4.36,4.24,4.25,5.84,5.84,5.84,5.84,5.84,5.84,5.84,5.84,5.84,5.84,5.84
PAN,Panama,Climate Watch,Bunker Fuels,All GHG,MtCO₂e,13.04,11.33,10.72,19.09,16.64,16.77,14.76,13.74,11.92,12.07,12.08,11.86,10.7,9.5,11.28,7.99,9.06,8.02,9.03,9.07,9.08,9.04,8.78,8.49,8.29,7.75,7.1,6.6,6.52,6.25,5.94,5.5,5.04
PAN,Panama,Climate Watch,Electricity/Heat,All GHG,MtCO₂e,3.36,3.53,3.62,4.84,1.96,2.08,2.67,2.67,2.8,2.6,2.85,3.13,2.74,2.44,1.79,2.08,1.81,1.51,1.44,1.97,1.59,2.22,1.29,1.18,2.04,1.29,1.07,1.26,1.1,1.06,1.2,0.82,0.55
PAN,Panama,Climate Watch,Building,All GHG,MtCO₂e,0.67,0.91,0.89,0.9,0.81,0.75,0.72,0.69,0.81,0.69,0.64,0.64,0.7,0.66,0.57,0.69,0.67,0.54,0.51,0.6,0.61,0.53,0.54,0.76,0.74,0.7,0.69,0.64,0.65,0.62,0.61,0.57,0.57
PAN,Panama,Climate Watch,Manufacturing/Construction,All GHG,MtCO₂e,1.72,1.4,1.29,1.88,1.87,1.87,1.98,2.28,2.51,2.51,2.53,2.03,1.78,1.69,1.22,1.63,1.66,1.87,0.79,0.22,0.68,1.1,0.92,0.84,0.87,0.81,0.94,0.83,0.76,0.7,0.66,0.63,0.52
PAN,Panama,Climate Watch,Transportation,All GHG,MtCO₂e,5.69,4.9,3.89,5.3,4.94,4.98,4.82,4.46,4.05,3.79,3.8,3.76,3.64,3.5,3.22,2.9,3.1,2.96,2.62,2.54,2.42,2.29,2.38,2.37,2.22,1.99,1.86,1.78,1.69,1.58,1.47,1.36,1.31
PAN,Panama,Climate Watch,Other Fuel Combustion,All GHG,MtCO₂e,0.0,0.04,0.03,0.05,0.04,0.04,0.05,0.07,0.06,0.05,0.05,0.04,0.04,0.04,0.05,0.04,0.11,0.09,0.09,0.1,0.06,N/A,N/A,N/A,N/A,N/A,N/A,N/A,N/A,N/A,N/A,N/A,N/A
PAN,Panama,Climate Watch,Fugitive Emissions,All GHG,MtCO₂e,1.52,1.14,1.46,2.26,1.08,0.0,0.0,0.0,0.0,0.0,0.0,0.0,0.0,0.0,0.0,0.0,0.0,0.0,0.0,0.0,0.0,0.0,0.0,0.0,0.0,0.0,0.0,0.0,0.0,0.0,0.0,0.0,0.0
PER,Peru,Climate Watch,Total excluding LUCF,All GHG,MtCO₂e,112.64,107.76,94.57,104.92,101.72,101.3,103.8,101.27,99.85,95.65,93.5,93.9,89.65,85.07,80.79,75.47,71.64,71.86,70.46,66.41,66.5,64.6,66.45,65.59,61.31,60.08,59.1,55.31,50.3,48.35,46.8,45.51,46.82
PER,Peru,Climate Watch,Total including LUCF,All GHG,MtCO₂e,202.62,197.68,184.48,194.84,191.6,191.1,193.69,190.23,188.78,184.61,182.51,182.79,154.81,149.98,145.75,140.65,136.63,137.31,135.42,131.43,131.38,129.4,126.2,125.51,121.26,119.94,118.95,115.19,110.18,108.23,106.68,105.39,106.7
PER,Peru,Climate Watch,Energy,All GHG,MtCO₂e,63.9,59.53,48.88,58.95,56.81,56.56,59.68,57.28,56.26,52.83,51.63,52.29,48.25,43.79,40.88,36.17,33.28,33.93,33.98,30.2,30.73,29.63,31.74,32.21,30.01,30.39,30.79,28.37,25.54,25.23,24.63,23.88,24.74
PER,Peru,Climate Watch,Industrial Processes,All GHG,MtCO₂e,7.87,7.49,5.79,6.34,6.04,5.94,5.92,5.99,6.05,5.67,5.08,4.6,4.59,4.46,3.96,3.63,3.4,3.05,2.72,2.35,2.25,2.15,2.03,1.97,2.21,2.2,1.98,1.94,1.66,1.34,1.15,1.21,1.23
PER,Peru,Climate Watch,Agriculture,All GHG,MtCO₂e,27.88,27.98,27.35,27.36,26.89,27.12,26.85,26.91,26.71,26.63,26.56,26.87,26.76,26.82,26.0,25.77,25.12,25.09,24.02,24.17,23.88,23.23,23.12,22.8,21.43,20.79,20.57,20.18,19.23,18.33,18.12,18.28,18.73
PER,Peru,Climate Watch,Waste,All GHG,MtCO₂e,12.99,12.77,12.56,12.27,11.98,11.68,11.35,11.09,10.83,10.52,10.23,10.14,10.06,10.0,9.95,9.89,9.84,9.79,9.74,9.68,9.63,9.59,9.55,8.61,7.66,6.71,5.77,4.82,3.87,3.45,2.9,2.14,2.12
PER,Peru,Climate Watch,Land-Use Change and Forestry,All GHG,MtCO₂e,89.98,89.92,89.91,89.91,89.88,89.8,89.88,88.95,88.93,88.96,89.01,88.89,65.16,64.91,64.96,65.18,64.99,65.44,64.96,65.02,64.88,64.8,59.76,59.92,59.94,59.86,59.85,59.89,59.88,59.88,59.88,59.88,59.88
PER,Peru,Climate Watch,Bunker Fuels,All GHG,MtCO₂e,2.25,1.82,1.59,3.62,3.74,3.68,2.51,2.25,2.42,1.93,2.15,2.27,1.87,2.1,2.15,0.84,1.74,1.26,1.63,0.65,0.83,1.31,1.26,1.4,1.33,1.32,1.31,1.24,1.02,0.85,0.77,0.76,0.74
PER,Peru,Climate Watch,Electricity/Heat,All GHG,MtCO₂e,15.41,13.32,11.75,14.13,13.48,14.84,17.68,15.71,16.5,13.23,15.24,16.0,14.42,11.19,9.99,7.9,6.98,7.44,6.9,4.89,4.9,4.34,4.8,4.95,4.85,5.47,5.46,4.5,3.83,4.12,4.04,3.55,3.99
PER,Peru,Climate Watch,Building,All GHG,MtCO₂e,6.73,6.86,6.37,6.08,6.25,5.57,5.63,5.61,5.79,5.63,5.21,5.28,5.01,4.99,4.81,4.53,4.53,4.83,5.03,5.7,6.33,6.13,6.07,6.09,6.06,5.37,5.63,5.33,4.97,5.16,5.62,5.66,5.88
PER,Peru,Climate Watch,Manufacturing/Construction,All GHG,MtCO₂e,10.16,8.56,6.58,8.32,8.19,7.81,7.84,8.97,8.67,8.75,7.72,8.18,7.63,8.63,8.77,9.14,7.59,8.14,7.97,6.94,7.31,6.82,7.57,7.35,6.18,5.84,5.94,5.37,4.29,4.62,4.18,4.61,4.1
PER,Peru,Climate Watch,Transportation,All GHG,MtCO₂e,27.51,27.1,20.44,26.24,24.81,24.1,23.75,21.7,19.85,20.06,18.47,18.11,17.27,15.41,14.08,11.51,11.05,10.28,10.82,9.57,9.11,9.25,9.92,10.09,9.55,9.61,9.29,8.89,8.18,7.22,7.06,6.54,7.31
PER,Peru,Climate Watch,Other Fuel Combustion,All GHG,MtCO₂e,0.32,0.33,0.29,0.29,0.26,0.39,0.55,0.7,0.56,0.71,0.75,0.64,0.59,0.94,0.89,0.96,1.01,1.07,1.26,1.0,1.1,1.07,1.31,1.54,1.01,1.73,1.97,1.85,1.92,1.58,1.21,1.01,0.81
PER,Peru,Climate Watch,Fugitive Emissions,All GHG,MtCO₂e,3.76,3.36,3.45,3.89,3.82,3.85,4.25,4.6,4.89,4.45,4.24,4.07,3.33,2.62,2.35,2.13,2.13,2.16,1.99,2.11,1.97,2.02,2.07,2.19,2.35,2.38,2.5,2.42,2.36,2.53,2.52,2.51,2.66
PHL,Philippines,Climate Watch,Total excluding LUCF,All GHG,MtCO₂e,250.59,243.73,233.42,243.62,236.99,231.17,214.4,204.04,195.39,188.31,177.54,172.7,170.9,165.2,161.86,158.01,151.47,157.32,155.94,152.43,149.54,147.87,148.3,147.09,140.58,147.43,139.48,130.6,118.11,110.16,103.82,100.67,100.88
PHL,Philippines,Climate Watch,Total including LUCF,All GHG,MtCO₂e,253.07,246.22,235.96,246.15,239.48,233.65,216.97,206.55,197.88,190.78,179.98,175.15,173.5,167.6,164.27,160.44,153.88,159.81,158.39,154.88,151.99,150.26,150.78,149.56,143.21,149.91,141.94,133.06,120.58,112.63,106.29,103.14,103.35
PHL,Philippines,Climate Watch,Energy,All GHG,MtCO₂e,145.35,140.04,132.0,142.3,135.46,130.41,118.83,108.71,100.52,94.65,85.65,83.15,82.46,76.84,75.81,73.72,69.94,75.59,74.46,73.39,71.56,72.08,72.44,72.16,74.55,74.28,67.92,63.43,53.8,51.19,48.1,44.53,45.38
PHL,Philippines,Climate Watch,Industrial Processes,All GHG,MtCO₂e,16.35,15.35,13.55,14.79,14.38,13.38,11.92,11.88,10.76,10.24,9.65,8.59,8.42,7.79,6.97,6.72,6.0,6.91,6.11,5.93,6.04,4.25,5.4,5.65,5.77,6.52,5.67,4.87,4.45,3.8,3.26,3.4,3.17
PHL,Philippines,Climate Watch,Agriculture,All GHG,MtCO₂e,66.37,66.22,66.15,65.25,66.3,66.97,63.7,63.92,65.02,64.75,64.0,63.15,62.61,63.61,62.6,61.57,59.96,59.69,60.71,58.91,58.21,58.29,57.69,57.03,48.53,55.49,55.37,52.48,50.86,47.15,45.68,47.56,47.22
PHL,Philippines,Climate Watch,Waste,All GHG,MtCO₂e,22.52,22.12,21.71,21.29,20.86,20.42,19.96,19.52,19.1,18.67,18.24,17.82,17.41,16.95,16.48,16.0,15.56,15.12,14.66,14.2,13.73,13.26,12.76,12.26,11.72,11.14,10.52,9.82,9.0,8.02,6.79,5.19,5.11
PHL,Philippines,Climate Watch,Land-Use Change and Forestry,All GHG,MtCO₂e,2.48,2.49,2.54,2.53,2.49,2.49,2.56,2.51,2.49,2.47,2.44,2.45,2.6,2.4,2.41,2.43,2.42,2.49,2.45,2.45,2.45,2.39,2.48,2.47,2.63,2.48,2.46,2.47,2.47,2.47,2.47,2.47,2.47
PHL,Philippines,Climate Watch,Bunker Fuels,All GHG,MtCO₂e,3.98,1.84,2.04,5.06,5.17,5.08,4.07,3.75,3.43,3.84,3.85,3.92,3.57,3.58,3.63,3.72,2.85,2.68,2.5,2.47,2.49,2.44,2.22,2.27,1.87,2.43,2.06,1.62,1.66,1.57,1.53,1.24,1.31
PHL,Philippines,Climate Watch,Electricity/Heat,All GHG,MtCO₂e,79.2,75.94,73.34,73.03,67.0,61.2,53.58,49.67,45.81,42.64,37.0,34.57,33.54,30.19,29.56,27.03,25.31,29.38,26.91,26.01,24.31,25.65,25.29,22.63,24.63,23.97,20.57,18.32,15.53,13.03,13.88,13.13,10.81
PHL,Philippines,Climate Watch,Building,All GHG,MtCO₂e,15.06,17.0,16.28,16.13,15.55,14.84,13.45,12.17,12.39,11.43,10.88,10.88,10.68,10.24,9.06,8.73,9.01,9.04,9.73,10.31,10.83,11.07,11.19,11.47,11.11,10.9,10.72,10.68,10.36,10.28,10.16,10.03,10.2
PHL,Philippines,Climate Watch,Manufacturing/Construction,All GHG,MtCO₂e,13.23,12.78,11.52,13.51,14.56,17.0,15.65,13.53,13.2,12.68,10.98,11.85,12.15,10.46,12.18,11.59,9.95,9.78,9.31,9.3,8.24,8.78,9.28,11.36,11.76,13.01,11.05,11.74,8.63,9.31,7.65,7.28,9.43
PHL,Philippines,Climate Watch,Transportation,All GHG,MtCO₂e,36.58,32.58,29.17,37.79,36.48,35.27,34.11,31.53,27.26,26.16,25.06,24.06,24.28,24.11,23.21,24.21,24.06,25.63,26.92,26.02,26.62,25.67,25.74,25.66,25.96,25.24,24.56,21.69,18.35,17.44,15.38,13.27,14.04
PHL,Philippines,Climate Watch,Other Fuel Combustion,All GHG,MtCO₂e,0.43,0.77,0.66,0.72,0.66,0.91,0.72,0.6,0.54,0.59,0.56,0.59,0.67,0.64,0.8,1.17,0.77,0.87,0.87,0.94,0.87,0.8,0.89,1.01,1.05,1.13,1.0,0.93,0.79,0.87,0.85,0.73,0.78
PHL,Philippines,Climate Watch,Fugitive Emissions,All GHG,MtCO₂e,0.85,0.99,1.04,1.13,1.21,1.2,1.33,1.22,1.32,1.16,1.18,1.2,1.14,1.2,0.99,0.99,0.84,0.91,0.72,0.81,0.69,0.11,0.05,0.03,0.03,0.03,0.03,0.08,0.14,0.25,0.18,0.08,0.11
PLW,Palau,Climate Watch,Total excluding LUCF,All GHG,MtCO₂e,0.21,0.21,0.22,0.22,0.22,0.22,0.2,0.21,0.22,0.23,0.23,0.22,0.22,0.21,0.21,0.23,0.23,0.23,0.22,0.22,0.22,0.22,0.22,0.21,0.21,0.21,0.21,0.21,0.21,0.2,0.2,0.0,0.0
PLW,Palau,Climate Watch,Total including LUCF,All GHG,MtCO₂e,0.21,0.21,0.22,0.22,0.22,0.22,0.2,0.21,0.22,0.23,0.23,0.22,0.22,0.21,0.21,0.23,0.23,0.23,0.22,0.22,0.22,0.22,0.22,0.21,0.21,0.21,0.21,0.21,0.21,0.2,0.2,0.0,0.0
PLW,Palau,Climate Watch,Energy,All GHG,MtCO₂e,0.2,0.21,0.21,0.21,0.21,0.21,0.2,0.21,0.22,0.23,0.23,0.22,0.21,0.2,0.21,0.22,0.23,0.23,0.22,0.22,0.22,0.22,0.21,0.2,0.2,0.2,0.2,0.2,0.2,0.2,0.2,0.0,0.0
PLW,Palau,Climate Watch,Industrial Processes,All GHG,MtCO₂e,0.01,0.01,0.01,0.0,0.0,0.0,0.0,0.0,0.0,0.0,0.0,0.0,0.0,0.0,0.0,0.0,0.0,0.0,0.0,0.0,0.0,0.0,0.0,0.0,0.0,0.0,0.0,0.0,0.0,0.0,0.0,0.0,0.0
PLW,Palau,Climate Watch,Agriculture,All GHG,MtCO₂e,0.0,0.0,0.0,0.0,0.0,0.0,0.0,0.0,0.0,0.0,0.0,0.0,0.0,0.0,0.0,0.0,0.0,0.0,0.0,0.0,0.0,0.0,0.0,0.0,0.0,0.0,0.0,0.0,0.0,0.0,0.0,0.0,N/A
PLW,Palau,Climate Watch,Waste,All GHG,MtCO₂e,0.0,0.0,0.0,0.0,0.0,0.0,0.0,0.0,0.0,0.0,0.0,0.0,0.0,0.0,0.0,0.0,0.0,0.01,0.01,0.01,0.01,0.01,0.01,0.01,0.01,0.01,0.01,0.01,0.02,0.0,0.0,0.0,0.0
PLW,Palau,Climate Watch,Land-Use Change and Forestry,All GHG,MtCO₂e,0.0,0.0,0.0,0.0,0.0,0.0,0.0,0.0,0.0,0.0,0.0,0.0,0.0,0.0,0.0,0.0,0.0,0.0,0.0,0.0,0.0,0.0,0.0,0.0,0.0,0.0,0.0,0.0,0.0,0.0,0.0,0.0,N/A
PLW,Palau,Climate Watch,Bunker Fuels,All GHG,MtCO₂e,0.02,0.02,0.02,0.02,0.02,0.02,0.02,0.02,0.03,0.03,0.03,0.03,0.03,0.03,0.05,0.05,0.05,0.05,0.05,0.05,0.05,0.05,0.05,0.05,0.05,0.05,0.05,0.05,0.05,0.05,0.05,N/A,N/A
PLW,Palau,Climate Watch,Electricity/Heat,All GHG,MtCO₂e,0.07,0.07,0.07,0.07,0.07,0.07,0.07,0.07,0.06,0.07,0.07,0.07,0.08,0.07,0.08,0.09,0.09,0.1,0.1,0.09,0.1,0.1,0.1,0.09,0.09,0.09,0.09,0.09,0.09,0.09,0.09,N/A,N/A
PLW,Palau,Climate Watch,Building,All GHG,MtCO₂e,0.01,0.01,0.01,0.01,0.01,0.01,0.01,0.01,0.01,0.01,0.01,0.01,0.01,0.01,0.01,0.01,0.01,0.01,0.01,0.01,0.01,0.01,0.01,0.01,0.01,0.01,0.01,0.01,0.01,0.01,0.01,N/A,N/A
PLW,Palau,Climate Watch,Transportation,All GHG,MtCO₂e,0.13,0.13,0.13,0.14,0.14,0.14,0.13,0.14,0.15,0.15,0.15,0.14,0.13,0.13,0.13,0.13,0.13,0.12,0.11,0.11,0.11,0.11,0.11,0.11,0.11,0.11,0.1,0.1,0.1,0.1,0.1,N/A,N/A
PLW,Palau,Climate Watch,Fugitive Emissions,All GHG,MtCO₂e,0.0,0.0,0.0,0.0,0.0,0.0,0.0,0.0,0.0,0.0,0.0,0.0,0.0,0.0,0.0,0.0,0.0,0.0,0.0,0.0,0.0,0.0,0.0,0.0,0.0,0.0,0.0,0.0,0.0,0.0,0.0,0.0,0.0
PNG,Papua New Guinea,Climate Watch,Total excluding LUCF,All GHG,MtCO₂e,16.7,16.5,16.89,16.09,15.48,15.43,15.4,14.94,11.68,8.36,7.99,8.23,8.17,8.28,7.98,7.9,7.82,7.73,8.15,7.48,6.93,6.7,6.36,6.21,6.04,5.96,6.02,5.93,6.16,6.17,4.93,4.0,5.29
PNG,Papua New Guinea,Climate Watch,Total including LUCF,All GHG,MtCO₂e,50.41,49.97,50.15,49.02,48.31,48.05,48.04,47.92,43.54,40.31,39.97,40.22,33.1,33.23,33.09,33.49,33.72,33.76,34.88,33.65,33.47,32.72,33.1,32.02,30.85,45.21,30.09,30.3,28.67,28.69,27.44,26.51,27.81
PNG,Papua New Guinea,Climate Watch,Energy,All GHG,MtCO₂e,13.94,13.81,14.23,13.35,12.63,12.78,12.82,12.07,8.97,5.78,5.41,5.71,5.61,5.75,5.51,5.44,5.21,5.24,5.38,4.94,4.45,4.41,3.92,4.07,3.97,3.74,4.0,3.84,4.19,4.25,3.05,2.18,3.47
PNG,Papua New Guinea,Climate Watch,Industrial Processes,All GHG,MtCO₂e,0.1,0.09,0.09,0.08,0.08,0.08,0.08,0.08,0.07,0.07,0.06,0.06,0.05,0.05,0.05,0.04,0.04,0.04,0.04,0.04,0.03,0.03,0.03,0.03,0.02,0.02,0.02,0.02,0.02,0.02,0.02,0.02,0.02
PNG,Papua New Guinea,Climate Watch,Agriculture,All GHG,MtCO₂e,2.57,2.51,2.49,2.56,2.68,2.48,2.41,2.7,2.55,2.43,2.44,2.38,2.43,2.42,2.35,2.34,2.5,2.38,2.67,2.44,2.4,2.2,2.1,2.06,2.0,2.15,1.95,2.03,1.91,1.86,1.82,1.76,1.76
PNG,Papua New Guinea,Climate Watch,Waste,All GHG,MtCO₂e,0.09,0.09,0.09,0.09,0.09,0.09,0.09,0.09,0.08,0.08,0.08,0.08,0.07,0.07,0.07,0.07,0.07,0.06,0.06,0.06,0.06,0.06,0.32,0.05,0.05,0.05,0.05,0.04,0.04,0.04,0.04,0.04,0.04
PNG,Papua New Guinea,Climate Watch,Land-Use Change and Forestry,All GHG,MtCO₂e,33.71,33.47,33.26,32.93,32.84,32.62,32.64,32.98,31.86,31.94,31.98,31.99,24.93,24.94,25.11,25.59,25.9,26.03,26.74,26.17,26.54,26.02,26.74,25.81,24.8,39.26,24.07,24.37,22.52,22.52,22.52,22.52,22.52
PNG,Papua New Guinea,Climate Watch,Bunker Fuels,All GHG,MtCO₂e,0.2,0.2,0.21,0.2,0.21,0.21,0.23,0.23,0.2,0.2,0.19,0.25,0.24,0.23,0.24,0.23,0.22,0.22,0.22,0.21,0.19,0.19,0.19,0.17,0.18,0.18,0.18,0.17,0.17,0.09,0.09,0.09,0.1
PNG,Papua New Guinea,Climate Watch,Electricity/Heat,All GHG,MtCO₂e,3.83,3.98,3.89,3.26,3.34,2.92,3.04,2.9,2.54,2.05,1.89,2.05,1.97,2.06,1.89,1.88,1.79,1.76,2.01,1.75,1.45,1.3,0.9,0.83,0.9,0.67,0.57,0.52,0.32,0.79,0.78,0.78,0.78
PNG,Papua New Guinea,Climate Watch,Building,All GHG,MtCO₂e,0.18,0.18,0.19,0.18,0.17,0.15,0.15,0.15,0.15,0.15,0.13,0.13,0.13,0.13,0.07,0.15,0.07,0.1,0.11,0.11,0.11,0.09,0.08,0.07,0.06,0.07,0.06,0.06,0.08,0.08,0.08,0.08,0.07
PNG,Papua New Guinea,Climate Watch,Manufacturing/Construction,All GHG,MtCO₂e,1.68,1.75,1.75,1.81,1.73,1.48,1.46,1.41,1.33,1.28,1.21,1.47,1.47,1.44,1.41,1.37,1.27,1.22,1.29,1.15,1.06,1.06,0.98,0.68,0.63,0.61,0.62,0.6,0.56,0.26,0.27,0.27,0.27
PNG,Papua New Guinea,Climate Watch,Transportation,All GHG,MtCO₂e,1.51,1.57,1.76,1.67,1.65,1.75,1.72,1.7,1.58,1.44,1.36,1.17,1.13,1.08,1.06,1.0,1.13,1.16,1.15,1.02,0.94,0.89,0.83,0.71,0.75,0.73,0.74,0.71,0.71,0.7,0.65,0.65,0.65
PNG,Papua New Guinea,Climate Watch,Other Fuel Combustion,All GHG,MtCO₂e,0.3,0.31,0.31,0.31,0.31,0.31,0.31,0.31,0.31,0.31,0.31,0.36,0.35,0.34,0.34,0.34,0.08,0.08,0.06,0.05,0.05,0.05,0.05,0.31,0.3,0.32,0.24,0.25,0.38,0.39,0.39,0.39,0.4
PNG,Papua New Guinea,Climate Watch,Fugitive Emissions,All GHG,MtCO₂e,6.44,6.02,6.33,6.12,5.42,6.16,6.15,5.6,3.07,0.56,0.5,0.53,0.56,0.69,0.75,0.7,0.86,0.92,0.77,0.87,0.84,1.02,1.09,1.47,1.32,1.34,1.77,1.7,2.13,2.04,0.87,0.0,1.31
POL,Poland,Climate Watch,Total excluding LUCF,All GHG,MtCO₂e,361.71,376.64,350.81,368.19,386.48,388.47,375.76,365.14,362.77,377.28,384.25,390.76,395.64,377.43,395.12,402.9,405.57,392.26,392.42,389.58,378.73,386.17,389.27,407.57,420.69,457.05,466.88,454.34,452.88,458.62,459.25,470.31,474.87
POL,Poland,Climate Watch,Total including LUCF,All GHG,MtCO₂e,344.23,359.16,333.35,350.72,369.08,371.06,358.38,353.57,351.2,365.75,372.72,379.24,339.57,321.37,339.09,346.88,349.56,336.24,336.41,333.72,322.96,330.48,391.55,409.88,423.09,459.47,469.35,456.98,455.57,461.33,461.96,473.02,477.58
POL,Poland,Climate Watch,Energy,All GHG,MtCO₂e,310.34,326.07,299.54,315.97,334.21,335.68,324.4,313.99,310.32,325.05,330.13,335.26,340.22,322.71,335.7,341.65,346.11,334.18,335.21,332.17,321.8,328.17,328.93,346.09,357.04,390.71,401.16,386.79,384.67,390.93,389.66,399.01,399.78
POL,Poland,Climate Watch,Industrial Processes,All GHG,MtCO₂e,13.99,13.48,13.53,13.81,14.11,13.58,13.15,12.86,13.93,12.92,14.03,14.71,13.11,12.64,15.93,16.48,14.82,13.18,12.43,11.29,10.25,10.61,11.18,10.13,10.19,10.76,10.34,10.71,10.28,8.75,8.72,8.62,9.0
POL,Poland,Climate Watch,Agriculture,All GHG,MtCO₂e,32.97,32.76,33.3,33.52,33.07,34.06,33.18,32.82,32.62,32.85,33.38,33.29,33.84,33.22,34.13,34.8,34.08,33.53,32.69,33.31,33.46,33.48,34.44,35.79,37.13,38.84,37.92,38.79,39.54,39.58,41.55,43.53,47.16
POL,Poland,Climate Watch,Waste,All GHG,MtCO₂e,4.41,4.32,4.44,4.89,5.1,5.15,5.03,5.46,5.9,6.47,6.71,7.51,8.46,8.87,9.36,9.97,10.55,11.36,12.09,12.8,13.23,13.93,14.72,15.57,16.33,16.74,17.47,18.04,18.38,19.35,19.31,19.15,18.92
POL,Poland,Climate Watch,Land-Use Change and Forestry,All GHG,MtCO₂e,-17.48,-17.48,-17.46,-17.47,-17.4,-17.41,-17.38,-11.57,-11.57,-11.53,-11.53,-11.53,-56.06,-56.06,-56.03,-56.02,-56.01,-56.01,-56.01,-55.86,-55.77,-55.69,2.28,2.3,2.4,2.42,2.47,2.64,2.69,2.71,2.71,2.71,2.71
POL,Poland,Climate Watch,Bunker Fuels,All GHG,MtCO₂e,3.8,2.79,2.32,4.11,3.88,3.4,2.64,2.56,2.23,2.03,2.08,2.05,2.23,2.25,2.49,2.14,2.23,2.0,1.66,1.78,1.66,1.65,1.74,1.95,1.72,1.53,1.48,1.26,1.18,1.17,1.51,1.18,1.93
POL,Poland,Climate Watch,Electricity/Heat,All GHG,MtCO₂e,148.23,154.61,135.59,146.01,158.16,160.09,158.58,158.9,156.19,165.84,165.41,170.34,169.66,163.79,171.21,176.22,179.63,174.01,175.28,176.95,168.63,174.66,172.96,175.49,181.01,187.45,193.4,186.61,201.32,202.16,215.32,223.92,229.86
POL,Poland,Climate Watch,Building,All GHG,MtCO₂e,37.68,43.24,41.23,40.45,46.11,47.17,48.06,45.0,45.34,49.6,51.48,49.87,56.24,49.99,48.72,46.5,50.49,45.74,43.19,42.55,42.13,38.16,34.93,41.63,40.38,49.98,54.05,53.14,53.08,61.35,58.14,56.35,47.62
POL,Poland,Climate Watch,Manufacturing/Construction,All GHG,MtCO₂e,27.73,30.16,28.81,31.21,31.44,30.93,28.4,27.62,29.02,28.82,29.04,30.16,29.23,27.65,31.7,35.85,33.58,33.68,38.19,37.53,38.36,40.43,45.69,45.64,53.57,64.18,67.95,63.34,48.8,47.74,36.76,39.69,42.87
POL,Poland,Climate Watch,Transportation,All GHG,MtCO₂e,69.0,68.03,62.86,65.83,64.81,62.92,54.46,47.78,44.87,44.26,47.03,48.94,48.33,45.82,45.36,43.31,39.18,35.36,32.9,29.04,26.58,27.53,27.71,31.51,28.96,27.49,25.98,22.98,22.18,21.48,22.07,21.69,20.81
POL,Poland,Climate Watch,Other Fuel Combustion,All GHG,MtCO₂e,9.01,10.45,10.97,10.81,11.29,11.23,10.2,9.6,10.03,10.46,10.75,10.56,11.08,10.58,10.83,10.33,11.41,13.19,12.63,12.32,12.14,13.02,13.19,14.25,13.84,15.26,14.76,14.04,14.52,13.46,11.43,10.38,8.53
POL,Poland,Climate Watch,Fugitive Emissions,All GHG,MtCO₂e,18.7,19.58,20.08,21.65,22.4,23.32,24.72,25.09,24.87,26.05,26.41,25.39,25.68,24.88,27.88,29.43,31.83,32.22,33.03,33.79,33.96,34.38,34.45,37.56,39.29,46.35,45.03,46.68,44.78,44.74,45.94,46.99,50.09
PRK,North Korea,Climate Watch,Total excluding LUCF,All GHG,MtCO₂e,74.65,72.08,85.3,90.22,82.57,91.01,53.8,49.65,59.24,55.6,65.3,66.57,84.96,87.3,91.95,84.03,99.09,97.47,93.14,90.66,88.87,92.41,89.26,85.51,80.84,87.4,91.04,102.75,111.54,123.35,133.36,148.33,156.37
PRK,North Korea,Climate Watch,Total including LUCF,All GHG,MtCO₂e,78.01,75.44,88.66,93.67,86.01,94.39,57.15,53.01,62.91,58.89,68.58,69.97,86.73,89.33,93.77,85.79,100.89,99.34,95.32,92.45,90.64,94.25,95.77,92.02,87.41,94.21,97.57,109.27,118.05,129.87,139.88,154.85,162.89
PRK,North Korea,Climate Watch,Energy,All GHG,MtCO₂e,64.28,61.76,75.23,79.94,71.64,80.02,42.74,38.98,48.16,44.25,53.99,55.08,73.76,76.34,81.16,73.37,88.22,86.86,82.69,80.66,78.92,82.04,79.52,75.87,71.92,78.4,82.29,93.19,99.96,109.42,118.9,133.46,140.96
PRK,North Korea,Climate Watch,Industrial Processes,All GHG,MtCO₂e,3.3,3.07,2.97,2.96,3.07,3.42,3.48,3.34,3.37,3.39,3.26,3.24,3.21,3.15,3.16,3.02,3.01,2.91,2.76,2.6,2.48,2.4,2.2,2.06,1.65,1.76,1.95,2.14,2.57,2.96,3.31,3.57,3.99
PRK,North Korea,Climate Watch,Agriculture,All GHG,MtCO₂e,5.33,5.52,5.39,5.62,6.17,5.9,5.92,5.69,6.08,6.34,6.46,6.67,6.42,6.26,6.09,6.12,6.36,6.21,6.21,5.95,6.03,6.54,6.12,6.18,5.88,5.86,5.43,6.05,7.66,9.63,9.83,9.98,10.12
PRK,North Korea,Climate Watch,Waste,All GHG,MtCO₂e,1.74,1.73,1.71,1.7,1.69,1.67,1.66,1.64,1.63,1.61,1.6,1.58,1.57,1.55,1.54,1.52,1.51,1.49,1.48,1.46,1.44,1.43,1.41,1.4,1.39,1.39,1.38,1.37,1.36,1.34,1.33,1.32,1.3
PRK,North Korea,Climate Watch,Land-Use Change and Forestry,All GHG,MtCO₂e,3.36,3.36,3.36,3.45,3.45,3.38,3.35,3.36,3.66,3.29,3.29,3.39,1.77,2.04,1.83,1.77,1.79,1.87,2.18,1.78,1.77,1.84,6.52,6.51,6.57,6.81,6.53,6.52,6.52,6.52,6.52,6.52,6.52
PRK,North Korea,Climate Watch,Electricity/Heat,All GHG,MtCO₂e,12.23,11.72,14.0,15.99,15.1,14.48,13.9,11.29,10.77,10.27,10.03,9.79,12.88,13.75,11.47,10.36,12.28,12.28,11.93,11.69,11.54,12.09,11.62,10.54,8.73,11.06,11.42,11.42,12.09,11.54,13.86,15.03,16.24
PRK,North Korea,Climate Watch,Building,All GHG,MtCO₂e,6.74,6.44,7.92,8.26,7.25,8.39,0.15,0.15,0.15,0.16,0.15,0.15,0.15,0.14,0.13,0.12,0.11,0.13,0.15,0.15,0.15,0.15,0.11,0.11,0.15,0.16,0.26,0.3,0.25,0.36,0.41,0.49,0.66
PRK,North Korea,Climate Watch,Manufacturing/Construction,All GHG,MtCO₂e,29.58,28.42,34.97,36.46,32.11,37.21,12.95,12.8,20.11,17.54,26.44,27.5,39.42,40.71,44.71,40.09,49.03,47.87,45.43,44.41,43.35,45.18,43.23,40.87,37.43,40.36,41.34,48.69,53.24,59.91,64.98,75.53,78.41
PRK,North Korea,Climate Watch,Transportation,All GHG,MtCO₂e,4.61,4.45,5.25,5.43,4.9,5.46,1.48,1.44,1.37,1.48,1.35,1.37,1.36,1.35,1.25,1.22,1.02,1.33,1.58,1.57,1.61,1.61,1.74,0.91,2.17,1.15,2.09,2.59,2.16,3.21,3.57,4.38,5.73
PRK,North Korea,Climate Watch,Other Fuel Combustion,All GHG,MtCO₂e,4.48,4.29,5.23,5.45,4.82,5.52,4.11,4.01,6.25,5.46,8.11,8.44,12.12,12.55,13.67,12.26,14.99,14.62,13.86,13.55,13.24,14.15,14.11,13.32,11.91,12.73,12.84,14.44,15.05,15.8,16.03,16.53,16.98
PRK,North Korea,Climate Watch,Fugitive Emissions,All GHG,MtCO₂e,6.65,6.45,7.85,8.35,7.47,8.95,10.15,9.29,9.51,9.34,7.92,7.83,7.83,7.83,9.93,9.32,10.78,10.63,9.74,9.28,9.02,8.86,8.71,10.12,11.53,12.94,14.35,15.75,17.16,18.61,20.05,21.49,22.93
PRT,Portugal,Climate Watch,Total excluding LUCF,All GHG,MtCO₂e,54.38,53.74,55.52,61.54,66.14,70.21,65.24,66.46,62.6,63.01,64.8,66.6,67.79,73.47,74.17,76.19,77.62,82.7,79.31,77.58,82.38,77.89,78.52,78.8,71.93,66.89,64.49,66.06,62.49,60.68,61.85,57.9,56.26
PRT,Portugal,Climate Watch,Total including LUCF,All GHG,MtCO₂e,54.69,53.99,55.89,61.8,66.42,71.02,65.62,65.64,61.76,62.22,63.98,65.76,68.39,74.03,74.71,76.74,78.21,83.62,79.88,78.52,82.96,78.45,80.01,80.32,73.5,68.41,66.09,67.57,64.0,62.19,63.36,59.4,57.77
PRT,Portugal,Climate Watch,Energy,All GHG,MtCO₂e,36.74,35.99,37.51,43.39,48.26,51.81,47.44,47.98,43.86,44.77,46.7,48.12,48.65,54.33,54.07,55.89,57.7,62.65,59.39,58.16,62.95,58.98,59.08,59.58,53.22,48.49,46.46,48.34,45.16,43.76,44.79,40.64,39.02
PRT,Portugal,Climate Watch,Industrial Processes,All GHG,MtCO₂e,5.73,5.49,5.56,5.54,5.41,5.6,5.18,5.69,5.74,5.33,4.92,5.1,5.79,5.47,6.22,6.2,5.78,5.72,5.53,4.96,5.09,4.68,4.81,4.71,4.38,4.29,4.03,4.07,3.76,3.71,3.73,3.86,3.8
PRT,Portugal,Climate Watch,Agriculture,All GHG,MtCO₂e,7.06,7.47,7.62,7.6,7.45,7.69,7.43,7.42,7.28,7.03,7.09,7.07,6.97,7.14,7.21,7.23,7.09,7.2,7.13,7.19,7.21,7.27,7.84,7.97,8.0,7.97,8.06,7.88,7.95,7.75,8.0,8.23,8.4
PRT,Portugal,Climate Watch,Waste,All GHG,MtCO₂e,4.85,4.79,4.83,5.01,5.02,5.12,5.18,5.36,5.73,5.88,6.08,6.31,6.38,6.54,6.67,6.88,7.05,7.14,7.27,7.26,7.13,6.97,6.79,6.54,6.34,6.14,5.95,5.77,5.62,5.46,5.32,5.17,5.04
PRT,Portugal,Climate Watch,Land-Use Change and Forestry,All GHG,MtCO₂e,0.3,0.25,0.36,0.26,0.28,0.81,0.39,-0.82,-0.85,-0.79,-0.82,-0.84,0.6,0.55,0.55,0.55,0.59,0.92,0.56,0.95,0.58,0.56,1.49,1.52,1.57,1.51,1.59,1.51,1.51,1.51,1.51,1.51,1.51
PRT,Portugal,Climate Watch,Bunker Fuels,All GHG,MtCO₂e,6.46,4.14,3.8,7.49,6.73,6.38,5.94,5.24,4.88,4.91,4.75,4.58,4.14,4.02,4.35,4.15,4.36,4.05,4.22,3.82,3.37,3.4,4.08,3.76,2.92,3.19,3.15,3.12,3.07,3.13,3.48,3.43,3.34
PRT,Portugal,Climate Watch,Electricity/Heat,All GHG,MtCO₂e,10.33,10.23,12.94,15.74,20.95,24.58,20.94,21.74,17.73,18.9,20.35,19.26,17.56,22.85,21.94,22.28,24.59,28.11,24.32,23.28,27.2,23.97,24.18,26.64,21.28,18.94,17.77,21.98,19.04,19.05,20.37,17.16,16.56
PRT,Portugal,Climate Watch,Building,All GHG,MtCO₂e,2.78,2.93,3.04,3.13,3.17,3.06,3.06,3.13,3.13,3.18,3.3,3.56,4.04,4.28,4.03,4.57,4.77,5.5,4.86,4.9,5.18,4.92,3.66,3.54,3.57,3.5,3.36,3.26,3.08,3.04,2.93,2.7,2.63
PRT,Portugal,Climate Watch,Manufacturing/Construction,All GHG,MtCO₂e,5.42,5.54,5.42,5.54,5.62,5.77,5.44,5.63,5.67,5.48,5.69,6.46,6.73,6.6,7.2,8.06,7.61,7.87,8.17,8.79,10.29,10.31,11.0,10.77,10.58,9.41,8.85,8.32,8.68,7.92,8.27,8.44,8.19
PRT,Portugal,Climate Watch,Transportation,All GHG,MtCO₂e,16.78,15.79,14.65,17.58,17.19,17.07,16.71,16.14,16.05,15.96,16.2,17.6,18.96,19.37,19.65,19.59,19.42,19.47,20.31,19.85,18.89,18.25,18.01,16.62,15.88,14.58,14.02,13.23,12.73,12.11,11.54,10.6,9.92
PRT,Portugal,Climate Watch,Other Fuel Combustion,All GHG,MtCO₂e,1.33,1.37,1.33,1.26,1.21,1.2,1.16,1.22,1.16,1.12,1.05,1.13,1.23,1.12,1.14,1.26,1.2,1.58,1.6,1.22,1.28,1.42,2.13,1.9,1.81,1.97,2.36,1.44,1.46,1.44,1.48,1.52,1.5
PRT,Portugal,Climate Watch,Fugitive Emissions,All GHG,MtCO₂e,0.11,0.13,0.13,0.13,0.13,0.13,0.13,0.13,0.12,0.12,0.12,0.12,0.12,0.12,0.12,0.12,0.12,0.12,0.12,0.12,0.12,0.11,0.11,0.1,0.09,0.09,0.09,0.09,0.17,0.19,0.2,0.21,0.22
PRY,Paraguay,Climate Watch,Total excluding LUCF,All GHG,MtCO₂e,43.71,46.19,46.3,45.23,44.09,45.24,43.18,42.14,42.61,41.22,40.79,39.72,38.84,36.62,34.55,35.15,33.34,33.15,32.2,34.12,31.7,32.48,30.28,32.29,32.2,32.22,31.9,33.04,31.34,31.15,30.57,31.08,33.85
PRY,Paraguay,Climate Watch,Total including LUCF,All GHG,MtCO₂e,89.92,93.0,92.82,92.73,90.28,91.92,89.33,110.41,110.97,109.95,109.42,108.42,95.6,93.34,91.31,94.01,90.24,90.52,89.08,91.59,90.23,89.65,73.19,78.87,76.0,76.36,75.54,76.06,74.36,74.17,73.59,74.1,76.87
PRY,Paraguay,Climate Watch,Energy,All GHG,MtCO₂e,8.64,9.42,8.54,9.25,9.53,9.17,8.29,7.05,6.4,6.06,6.01,6.18,5.98,5.47,5.21,4.59,4.79,4.68,5.01,4.99,4.83,4.74,4.52,5.28,5.29,5.25,4.8,4.81,4.34,3.91,3.52,3.32,3.33
PRY,Paraguay,Climate Watch,Industrial Processes,All GHG,MtCO₂e,1.56,1.49,1.41,1.47,1.39,1.21,1.27,1.19,1.07,1.0,1.05,0.93,0.95,0.9,0.78,0.69,0.63,0.56,0.49,0.45,0.35,0.31,0.3,0.29,0.29,0.29,0.31,0.32,0.29,0.24,0.25,0.16,0.17
PRY,Paraguay,Climate Watch,Agriculture,All GHG,MtCO₂e,31.37,33.17,34.27,32.48,31.41,33.36,32.11,32.4,32.95,31.28,30.18,28.88,28.07,26.31,24.5,25.7,23.63,23.51,22.34,24.37,22.25,23.22,21.3,22.32,21.99,21.81,21.7,22.59,21.15,20.11,18.57,18.04,19.46
PRY,Paraguay,Climate Watch,Waste,All GHG,MtCO₂e,2.13,2.1,2.07,2.03,1.77,1.5,1.51,1.51,2.19,2.87,3.55,3.72,3.84,3.95,4.06,4.17,4.29,4.4,4.35,4.31,4.26,4.22,4.17,4.4,4.63,4.86,5.1,5.33,5.56,6.89,8.22,9.56,10.89
PRY,Paraguay,Climate Watch,Land-Use Change and Forestry,All GHG,MtCO₂e,46.21,46.81,46.52,47.5,46.18,46.68,46.14,68.26,68.36,68.73,68.62,68.71,56.76,56.71,56.76,58.86,56.9,57.37,56.89,57.47,58.54,57.16,42.91,46.58,43.8,44.15,43.63,43.02,43.02,43.02,43.02,43.02,43.02
PRY,Paraguay,Climate Watch,Bunker Fuels,All GHG,MtCO₂e,0.3,0.28,0.18,0.21,0.21,0.17,0.13,0.1,0.11,0.1,0.08,0.07,0.08,0.06,0.07,0.06,0.06,0.04,0.05,0.07,0.06,0.02,0.04,0.05,0.1,0.1,0.1,0.03,0.03,0.03,0.03,0.03,0.03
PRY,Paraguay,Climate Watch,Electricity/Heat,All GHG,MtCO₂e,0.0,0.01,0.0,0.0,0.0,0.0,0.0,0.0,0.0,0.0,0.0,N/A,N/A,N/A,N/A,N/A,N/A,N/A,N/A,N/A,N/A,N/A,N/A,0.03,0.02,0.02,0.03,0.11,0.01,0.03,0.04,0.04,0.04
PRY,Paraguay,Climate Watch,Building,All GHG,MtCO₂e,1.19,1.22,1.29,1.37,1.39,1.44,1.42,1.01,1.02,0.99,1.14,1.16,1.18,1.18,1.13,1.11,1.09,1.24,1.29,1.31,1.28,1.35,1.3,1.32,1.29,1.43,1.36,1.32,1.27,1.32,1.28,1.45,1.41
PRY,Paraguay,Climate Watch,Manufacturing/Construction,All GHG,MtCO₂e,0.38,0.36,0.27,0.3,0.33,0.29,0.31,0.42,0.27,0.21,0.35,0.23,0.25,0.24,0.2,0.2,0.27,0.33,0.29,0.25,0.33,0.34,0.36,0.38,0.42,0.41,0.4,0.38,0.43,0.23,0.34,0.27,0.22
PRY,Paraguay,Climate Watch,Transportation,All GHG,MtCO₂e,6.29,6.99,6.97,7.57,7.81,7.43,6.55,5.61,5.1,4.86,4.52,4.78,4.55,4.04,3.88,3.27,3.42,3.12,3.43,3.43,3.22,3.05,2.86,3.55,3.55,3.39,3.02,2.99,2.62,2.33,1.87,1.56,1.66
PRY,Paraguay,Climate Watch,Other Fuel Combustion,All GHG,MtCO₂e,0.78,0.84,N/A,N/A,N/A,N/A,N/A,N/A,N/A,N/A,N/A,N/A,N/A,N/A,N/A,N/A,N/A,N/A,N/A,N/A,N/A,N/A,N/A,N/A,N/A,N/A,N/A,N/A,N/A,N/A,N/A,N/A,N/A
PRY,Paraguay,Climate Watch,Fugitive Emissions,All GHG,MtCO₂e,0.0,0.0,0.0,0.0,0.0,0.0,0.0,0.0,0.0,0.0,0.0,0.0,0.0,0.0,0.0,0.0,0.0,0.0,0.0,0.0,0.0,0.0,0.0,0.0,0.0,0.0,0.0,0.0,0.0,0.0,0.0,0.0,0.0
QAT,Qatar,Climate Watch,Total excluding LUCF,All GHG,MtCO₂e,129.39,124.04,121.82,123.68,121.68,122.6,120.74,118.72,115.23,109.08,107.94,98.99,88.33,77.8,75.96,70.31,62.72,56.29,54.26,50.23,46.09,42.2,42.58,41.48,38.06,36.42,28.68,25.89,25.03,22.47,19.63,20.29,17.19
QAT,Qatar,Climate Watch,Total including LUCF,All GHG,MtCO₂e,129.39,124.04,121.82,123.68,121.68,122.6,120.74,118.72,115.23,109.08,107.94,98.99,88.33,77.8,75.96,70.31,62.72,56.29,54.26,50.23,46.09,42.2,42.58,41.48,38.06,36.42,28.68,25.89,25.03,22.47,19.63,20.29,17.19
QAT,Qatar,Climate Watch,Energy,All GHG,MtCO₂e,120.16,115.06,113.18,115.08,112.89,113.98,112.11,110.36,107.55,101.79,101.11,93.37,83.27,73.14,71.55,66.69,59.61,53.18,51.57,47.8,43.74,39.96,40.37,39.41,36.02,34.66,27.34,24.64,23.79,21.28,18.49,19.18,16.24
QAT,Qatar,Climate Watch,Industrial Processes,All GHG,MtCO₂e,6.73,6.49,6.17,6.24,6.55,6.59,6.76,6.69,6.26,5.92,5.59,4.48,4.03,3.73,3.6,2.88,2.46,2.53,2.1,1.87,1.8,1.73,1.68,1.57,1.57,1.3,0.92,0.84,0.86,0.88,0.88,0.9,0.74
QAT,Qatar,Climate Watch,Agriculture,All GHG,MtCO₂e,0.63,0.69,0.73,0.71,0.68,0.57,0.52,0.42,0.28,0.33,0.28,0.25,0.23,0.21,0.16,0.16,0.14,0.12,0.17,0.16,0.16,0.16,0.22,0.21,0.21,0.21,0.21,0.23,0.22,0.18,0.16,0.14,0.13
QAT,Qatar,Climate Watch,Waste,All GHG,MtCO₂e,1.86,1.8,1.73,1.66,1.56,1.46,1.35,1.24,1.14,1.04,0.96,0.88,0.8,0.72,0.65,0.57,0.51,0.47,0.42,0.4,0.38,0.35,0.32,0.29,0.26,0.24,0.21,0.19,0.16,0.13,0.1,0.08,0.07
QAT,Qatar,Climate Watch,Land-Use Change and Forestry,All GHG,MtCO₂e,0.0,0.0,0.0,0.0,0.0,0.0,0.0,0.0,0.0,0.0,0.0,0.0,0.0,0.0,0.0,0.0,0.0,0.0,0.0,0.0,0.0,0.0,0.0,0.0,0.0,0.0,0.0,0.0,0.0,0.0,0.0,0.0,0.0
QAT,Qatar,Climate Watch,Bunker Fuels,All GHG,MtCO₂e,7.11,5.68,4.75,7.19,6.7,5.2,5.52,3.88,4.03,6.39,6.18,4.62,3.63,3.28,2.75,2.38,1.88,1.46,1.09,1.92,2.26,1.04,0.58,0.54,0.58,0.63,0.56,0.43,0.42,0.31,0.32,0.28,0.35
QAT,Qatar,Climate Watch,Electricity/Heat,All GHG,MtCO₂e,57.64,55.64,55.02,55.14,53.74,53.03,51.88,51.15,49.45,48.03,47.31,44.47,36.31,30.25,28.1,27.19,24.81,20.8,18.9,17.95,16.03,14.79,13.84,16.04,13.81,12.8,11.62,11.05,10.54,9.96,9.35,8.94,7.75
QAT,Qatar,Climate Watch,Building,All GHG,MtCO₂e,0.42,0.4,0.4,0.41,0.41,0.41,0.41,0.4,0.38,0.36,0.34,0.33,0.3,0.25,0.25,0.2,0.2,0.17,0.14,0.15,0.14,0.13,0.13,0.12,0.16,0.16,0.15,0.14,0.14,0.11,0.1,0.08,0.1
QAT,Qatar,Climate Watch,Manufacturing/Construction,All GHG,MtCO₂e,21.12,17.46,17.1,18.79,17.4,17.69,17.1,16.24,15.42,13.17,13.47,8.64,10.41,9.37,10.45,10.3,8.02,7.55,8.1,6.43,7.51,4.96,4.89,4.12,4.01,3.89,3.78,3.7,3.62,3.53,3.43,3.24,3.13
QAT,Qatar,Climate Watch,Transportation,All GHG,MtCO₂e,11.86,12.47,11.72,12.62,12.03,13.76,13.48,13.07,12.55,10.42,9.52,10.06,9.07,8.65,8.59,6.69,5.78,4.84,3.85,3.45,2.98,2.69,2.48,2.35,2.53,2.41,2.15,2.02,1.83,1.72,1.63,1.53,1.51
QAT,Qatar,Climate Watch,Fugitive Emissions,All GHG,MtCO₂e,29.13,29.08,28.94,28.12,29.31,29.1,29.24,29.51,29.76,29.81,30.47,29.86,27.18,24.61,24.16,22.32,20.81,19.82,20.58,19.82,17.08,17.39,19.02,16.77,15.51,15.41,9.63,7.74,7.67,5.95,3.97,5.39,3.76
ROU,Romania,Climate Watch,Total excluding LUCF,All GHG,MtCO₂e,101.93,106.31,100.53,107.04,108.55,107.21,103.88,105.77,103.68,104.29,113.6,116.3,111.87,115.02,131.09,133.18,135.99,132.54,133.11,135.36,130.4,132.8,127.86,123.85,139.75,156.12,168.17,164.67,159.25,163.62,174.88,195.57,235.2
ROU,Romania,Climate Watch,Total including LUCF,All GHG,MtCO₂e,79.09,83.39,77.62,84.13,85.62,84.29,80.95,-179.39,-181.48,-180.87,-171.53,-168.84,109.14,112.29,128.36,130.45,133.26,129.81,130.37,132.62,127.67,130.06,128.54,124.53,140.43,156.8,168.86,165.33,159.92,164.28,175.54,196.23,235.86
ROU,Romania,Climate Watch,Energy,All GHG,MtCO₂e,74.34,77.88,72.71,78.55,80.19,79.41,76.63,78.67,77.41,78.18,87.7,90.04,83.94,86.97,101.16,102.52,106.15,102.35,103.23,107.03,102.45,103.35,97.64,93.73,108.41,123.21,134.45,130.89,125.44,128.85,137.74,155.36,186.71
ROU,Romania,Climate Watch,Industrial Processes,All GHG,MtCO₂e,5.92,6.08,5.96,5.84,5.59,5.34,5.13,5.14,4.68,4.46,5.27,5.28,4.9,4.68,6.18,7.27,6.54,6.5,6.23,5.64,5.78,6.52,7.25,6.74,7.2,7.85,8.51,8.4,7.29,7.6,7.5,7.91,10.82
ROU,Romania,Climate Watch,Agriculture,All GHG,MtCO₂e,15.21,15.92,15.42,16.19,16.37,16.01,15.71,15.58,15.21,15.26,14.55,15.09,16.61,17.03,17.43,17.0,17.09,17.26,17.23,16.39,16.01,16.83,16.98,17.5,18.33,19.19,19.43,19.65,21.03,21.71,24.21,26.78,32.04
ROU,Romania,Climate Watch,Waste,All GHG,MtCO₂e,6.46,6.43,6.43,6.47,6.41,6.46,6.41,6.38,6.38,6.4,6.08,5.89,6.41,6.33,6.32,6.39,6.21,6.43,6.42,6.3,6.16,6.1,6.0,5.88,5.82,5.87,5.79,5.73,5.49,5.46,5.43,5.52,5.63
ROU,Romania,Climate Watch,Land-Use Change and Forestry,All GHG,MtCO₂e,-22.84,-22.91,-22.91,-22.91,-22.93,-22.92,-22.93,-285.17,-285.16,-285.16,-285.13,-285.14,-2.73,-2.73,-2.74,-2.73,-2.72,-2.74,-2.74,-2.73,-2.73,-2.73,0.68,0.68,0.68,0.68,0.68,0.66,0.66,0.66,0.66,0.66,0.66
ROU,Romania,Climate Watch,Bunker Fuels,All GHG,MtCO₂e,0.33,0.36,0.28,0.57,0.47,1.1,0.97,0.86,0.87,0.63,0.45,0.47,0.55,0.5,0.63,0.48,0.47,0.38,0.41,0.35,0.29,0.34,0.38,0.39,0.42,0.37,0.26,0.55,0.5,0.76,0.75,0.5,0.7
ROU,Romania,Climate Watch,Electricity/Heat,All GHG,MtCO₂e,21.85,23.25,22.03,27.53,29.92,30.9,30.4,32.35,31.43,32.29,39.91,43.85,38.87,40.76,48.26,49.31,50.72,47.28,48.1,52.68,49.87,52.41,49.59,47.24,55.14,63.51,71.79,69.88,69.84,82.32,85.54,68.4,79.63
ROU,Romania,Climate Watch,Building,All GHG,MtCO₂e,10.72,11.87,10.69,10.45,10.35,10.02,9.58,9.55,9.36,9.73,9.98,9.56,9.69,9.69,9.7,10.83,12.56,10.98,10.6,9.79,8.1,7.98,8.45,8.14,9.01,8.61,6.96,6.52,5.78,6.63,7.19,9.14,9.12
ROU,Romania,Climate Watch,Manufacturing/Construction,All GHG,MtCO₂e,11.96,14.38,13.44,12.95,12.65,11.95,11.79,12.52,12.56,12.42,13.25,13.41,12.85,12.62,18.57,19.05,19.81,21.05,20.73,20.7,21.29,20.3,18.8,17.68,20.28,25.42,29.98,31.24,26.54,15.69,17.24,45.59,60.48
ROU,Romania,Climate Watch,Transportation,All GHG,MtCO₂e,21.29,19.68,18.48,19.03,18.52,18.03,16.87,15.77,15.65,15.3,15.72,14.42,14.17,15.27,15.23,13.62,12.81,12.36,13.23,12.74,12.11,11.86,9.74,9.57,11.36,12.01,11.8,8.42,9.13,8.62,10.73,10.53,12.02
ROU,Romania,Climate Watch,Other Fuel Combustion,All GHG,MtCO₂e,2.7,2.64,2.03,2.07,2.12,1.87,1.55,1.52,1.38,1.45,1.74,1.58,1.2,1.19,1.49,1.47,1.14,1.34,1.22,0.89,0.88,1.03,1.15,1.05,2.32,2.7,1.89,2.53,1.99,2.59,3.56,6.84,8.08
ROU,Romania,Climate Watch,Fugitive Emissions,All GHG,MtCO₂e,5.82,6.05,6.05,6.51,6.63,6.64,6.43,6.95,7.04,6.98,7.1,7.22,7.16,7.43,7.91,8.25,9.1,9.34,9.34,10.22,10.19,9.78,9.9,10.04,10.29,10.95,12.03,12.29,12.17,13.01,13.48,14.86,17.38
RUS,Russia,Climate Watch,Total excluding LUCF,All GHG,MtCO₂e,2417.52,2471.62,2291.06,2373.6,2369.65,2278.37,2227.1,2233.42,2250.63,2265.18,2301.29,2314.1,2227.42,2147.13,2275.02,2282.04,2269.25,2237.22,2208.46,2208.23,2137.15,2136.88,2121.7,2063.81,2031.16,2031.41,2163.69,2222.07,2297.95,2531.97,2728.35,2895.18,2963.29
RUS,Russia,Climate Watch,Total including LUCF,All GHG,MtCO₂e,1886.05,1939.93,1759.19,1844.3,1840.91,1746.26,1697.9,1572.12,1596.32,1603.53,1647.28,1656.02,1487.68,1405.04,1538.59,1538.64,1528.99,1494.6,1469.16,1470.07,1396.64,1393.93,1781.41,1722.02,1693.84,1686.85,1832.29,1876.57,1952.47,2186.5,2382.89,2550.02,2618.14
RUS,Russia,Climate Watch,Energy,All GHG,MtCO₂e,2117.6,2172.37,1995.91,2088.8,2075.41,1998.78,1966.68,1974.99,1983.59,2004.47,2049.39,2080.87,1994.55,1918.78,2028.98,2040.44,2030.78,1995.26,1967.54,1965.51,1890.22,1879.49,1864.22,1817.04,1777.32,1773.3,1895.6,1932.1,1989.21,2191.08,2351.59,2511.9,2569.68
RUS,Russia,Climate Watch,Industrial Processes,All GHG,MtCO₂e,88.54,87.35,85.94,80.77,94.04,82.11,64.31,65.82,73.58,74.67,67.62,51.14,54.13,49.92,64.87,68.82,68.51,70.96,67.5,58.28,66.13,77.11,79.46,69.57,66.8,61.15,55.28,63.56,63.46,75.41,99.67,87.03,89.35
RUS,Russia,Climate Watch,Agriculture,All GHG,MtCO₂e,102.53,104.43,104.63,102.34,100.63,100.14,101.11,99.89,103.31,99.57,100.6,101.09,100.78,102.57,107.17,100.81,100.24,103.11,107.44,119.93,117.66,118.39,117.49,117.68,128.8,139.38,156.02,169.64,188.98,208.65,220.3,238.73,246.92
RUS,Russia,Climate Watch,Waste,All GHG,MtCO₂e,108.84,107.47,104.58,101.69,99.56,97.34,95.01,92.72,90.16,86.47,83.68,81.0,77.96,75.86,73.99,71.96,69.72,67.89,65.97,64.5,63.14,61.89,60.53,59.52,58.24,57.58,56.78,56.77,56.3,56.84,56.79,57.68,57.77
RUS,Russia,Climate Watch,Land-Use Change and Forestry,All GHG,MtCO₂e,-531.47,-531.69,-531.87,-529.3,-528.74,-532.12,-529.2,-661.3,-654.31,-661.65,-654.01,-658.08,-739.74,-742.1,-736.42,-743.41,-740.26,-742.62,-739.3,-738.16,-740.51,-742.95,-340.3,-341.78,-337.31,-344.56,-331.4,-345.5,-345.48,-345.47,-345.46,-345.16,-345.16
RUS,Russia,Climate Watch,Bunker Fuels,All GHG,MtCO₂e,36.05,36.32,35.99,51.81,54.29,53.45,48.6,57.95,64.66,34.74,25.62,29.0,23.7,17.67,17.65,16.57,16.42,15.55,14.38,14.64,14.41,13.89,13.5,12.84,12.43,13.23,13.35,14.23,15.27,18.34,21.6,23.23,32.82
RUS,Russia,Climate Watch,Electricity/Heat,All GHG,MtCO₂e,850.07,882.53,796.26,831.16,855.73,837.98,841.29,880.62,909.49,971.7,1010.18,1017.56,958.28,893.57,963.89,967.97,997.23,950.2,945.53,959.19,936.34,931.68,932.71,919.87,909.63,912.85,984.57,960.51,1017.43,1104.66,1221.96,1264.98,1234.77
RUS,Russia,Climate Watch,Building,All GHG,MtCO₂e,213.87,219.49,204.24,213.17,218.29,180.34,158.37,150.79,140.6,123.95,124.3,141.02,138.77,141.71,158.13,150.24,147.55,142.94,146.84,153.61,150.02,168.56,166.6,165.37,148.82,156.72,161.49,169.83,188.22,211.18,212.64,283.83,296.55
RUS,Russia,Climate Watch,Manufacturing/Construction,All GHG,MtCO₂e,281.26,285.88,269.01,276.32,250.4,262.87,260.56,250.71,247.71,224.44,226.91,184.23,178.65,166.44,172.61,171.21,152.86,155.11,153.49,152.04,159.92,158.16,165.88,142.76,134.14,149.55,162.33,185.11,143.52,175.17,200.67,216.58,251.93
RUS,Russia,Climate Watch,Transportation,All GHG,MtCO₂e,273.49,267.98,245.43,268.39,263.6,251.09,245.12,245.64,246.48,243.73,242.26,254.69,248.9,232.98,250.0,235.14,233.62,225.04,226.32,211.46,202.51,199.45,192.89,201.76,200.04,170.01,185.1,194.75,211.13,240.5,286.65,299.45,305.42
RUS,Russia,Climate Watch,Other Fuel Combustion,All GHG,MtCO₂e,16.44,14.89,13.54,13.85,15.06,14.76,14.28,15.42,17.12,14.37,14.26,16.84,13.8,14.98,19.01,18.64,16.18,17.81,26.12,27.7,27.57,28.41,27.68,24.47,24.14,36.35,39.56,50.38,49.35,84.65,55.04,90.77,95.34
RUS,Russia,Climate Watch,Fugitive Emissions,All GHG,MtCO₂e,482.48,501.61,467.44,485.92,472.34,451.73,447.06,431.81,422.2,426.27,431.48,466.52,456.15,469.11,465.34,497.25,483.34,504.16,469.25,461.51,413.86,393.23,378.47,362.81,360.55,347.82,362.55,371.53,379.56,374.92,374.62,356.28,385.67
RWA,Rwanda,Climate Watch,Total excluding LUCF,All GHG,MtCO₂e,8.54,8.19,8.06,7.86,7.67,7.41,7.18,7.27,6.59,6.6,6.41,6.22,6.32,6.01,5.84,5.59,5.43,5.11,5.27,5.16,5.04,4.82,4.65,5.54,5.21,5.34,4.5,4.16,3.2,3.55,3.62,3.67,3.69
RWA,Rwanda,Climate Watch,Total including LUCF,All GHG,MtCO₂e,9.8,9.45,9.32,9.12,8.93,8.68,8.47,8.64,7.96,7.97,7.77,7.59,8.59,8.27,8.11,7.86,7.69,7.37,7.53,7.42,7.31,7.09,7.15,8.04,7.74,7.86,7.0,6.66,5.68,6.03,6.1,6.15,6.17
RWA,Rwanda,Climate Watch,Energy,All GHG,MtCO₂e,4.61,4.15,3.87,3.84,3.73,3.51,3.38,3.33,3.19,3.16,3.03,2.88,2.8,2.72,2.63,2.59,2.61,2.56,2.83,2.85,2.97,2.85,2.84,3.74,3.6,3.87,3.13,2.95,1.76,1.97,1.98,1.99,2.06
RWA,Rwanda,Climate Watch,Industrial Processes,All GHG,MtCO₂e,0.52,0.42,0.35,0.32,0.29,0.27,0.23,0.17,0.14,0.13,0.13,0.12,0.12,0.11,0.11,0.1,0.09,0.08,0.07,0.06,0.06,0.05,0.03,0.03,0.03,0.03,0.02,0.01,0.01,0.03,0.03,0.03,0.03
RWA,Rwanda,Climate Watch,Agriculture,All GHG,MtCO₂e,3.09,3.3,3.53,3.39,3.35,3.34,3.29,3.49,2.99,3.04,2.99,2.97,3.16,2.95,2.88,2.7,2.53,2.28,2.15,2.0,1.75,1.66,1.53,1.53,1.35,1.22,1.14,1.03,1.24,1.32,1.39,1.44,1.39
RWA,Rwanda,Climate Watch,Waste,All GHG,MtCO₂e,0.33,0.32,0.31,0.3,0.3,0.29,0.29,0.28,0.27,0.27,0.26,0.25,0.25,0.24,0.23,0.21,0.2,0.19,0.21,0.24,0.26,0.26,0.25,0.24,0.24,0.23,0.2,0.17,0.2,0.23,0.22,0.21,0.21
RWA,Rwanda,Climate Watch,Land-Use Change and Forestry,All GHG,MtCO₂e,1.26,1.26,1.26,1.26,1.27,1.27,1.29,1.37,1.37,1.37,1.37,1.37,2.27,2.27,2.27,2.27,2.26,2.26,2.26,2.26,2.27,2.27,2.5,2.5,2.52,2.51,2.5,2.5,2.48,2.48,2.48,2.48,2.48
RWA,Rwanda,Climate Watch,Bunker Fuels,All GHG,MtCO₂e,0.16,0.11,0.09,0.17,0.16,0.16,0.14,0.14,0.11,0.11,0.11,0.1,0.08,0.08,0.07,0.08,0.07,0.06,0.06,0.06,0.06,0.06,0.06,0.05,0.05,0.04,0.04,0.04,0.04,0.04,0.04,0.04,0.04
RWA,Rwanda,Climate Watch,Electricity/Heat,All GHG,MtCO₂e,0.48,0.33,0.22,0.28,0.32,0.27,0.21,0.16,0.15,0.17,0.16,0.13,0.18,0.18,0.17,0.17,0.18,0.18,0.17,0.17,0.21,0.17,0.17,N/A,N/A,N/A,N/A,N/A,N/A,N/A,N/A,N/A,N/A
RWA,Rwanda,Climate Watch,Building,All GHG,MtCO₂e,2.88,2.81,2.7,2.58,2.51,2.43,2.38,2.37,2.37,2.36,2.32,2.24,2.2,2.15,2.09,2.04,2.0,1.95,2.28,2.28,2.29,2.28,2.28,3.3,3.17,3.44,2.71,2.53,1.32,1.54,1.54,1.56,1.57
RWA,Rwanda,Climate Watch,Manufacturing/Construction,All GHG,MtCO₂e,0.38,0.29,0.29,0.29,0.32,0.2,0.17,0.14,0.11,0.11,0.11,0.09,0.09,0.06,0.06,0.06,0.07,0.07,0.06,0.06,0.07,0.07,0.07,0.06,0.06,0.06,0.06,0.06,0.06,0.07,0.09,0.09,0.11
RWA,Rwanda,Climate Watch,Transportation,All GHG,MtCO₂e,0.8,0.67,0.6,0.63,0.54,0.58,0.58,0.64,0.54,0.5,0.42,0.39,0.31,0.31,0.3,0.3,0.33,0.34,0.31,0.32,0.38,0.31,0.31,0.38,0.36,0.37,0.36,0.36,0.37,0.36,0.34,0.34,0.36
RWA,Rwanda,Climate Watch,Other Fuel Combustion,All GHG,MtCO₂e,0.01,0.01,0.01,0.01,0.02,0.02,0.02,0.02,0.02,0.02,0.02,0.02,0.02,0.02,0.02,0.02,0.02,0.02,0.02,0.02,0.02,0.02,0.02,0.01,0.0,0.0,0.0,0.0,0.0,0.0,0.0,0.0,0.02
RWA,Rwanda,Climate Watch,Fugitive Emissions,All GHG,MtCO₂e,0.05,0.05,0.04,0.04,0.04,0.02,0.02,0.0,0.0,0.0,0.0,0.0,0.0,0.0,0.0,0.0,0.0,0.0,0.0,0.0,0.0,0.0,0.0,0.0,0.0,0.0,0.0,0.0,0.0,0.0,0.0,0.0,0.0
SAU,Saudi Arabia,Climate Watch,Total excluding LUCF,All GHG,MtCO₂e,793.61,747.26,725.04,730.06,732.36,749.91,760.73,759.07,723.51,677.23,658.81,621.12,588.04,540.84,525.45,483.43,460.49,435.34,411.72,391.18,366.64,345.6,338.23,322.93,320.03,305.22,300.42,286.24,287.72,289.23,292.72,275.5,241.89
SAU,Saudi Arabia,Climate Watch,Total including LUCF,All GHG,MtCO₂e,793.61,747.26,725.04,730.06,732.36,749.91,760.73,759.07,723.51,677.23,658.81,621.12,588.04,540.84,525.45,483.43,460.49,435.34,411.72,391.18,366.64,345.6,338.23,322.93,320.03,305.22,300.42,286.24,287.72,289.23,292.72,275.5,241.89
SAU,Saudi Arabia,Climate Watch,Energy,All GHG,MtCO₂e,611.31,574.29,561.03,572.68,576.19,597.63,606.26,606.53,579.29,543.29,536.16,509.74,486.42,445.65,436.52,402.92,387.45,368.19,348.49,332.63,312.81,297.3,295.56,282.55,280.54,266.91,262.57,249.69,251.91,254.26,258.61,244.44,211.64
SAU,Saudi Arabia,Climate Watch,Industrial Processes,All GHG,MtCO₂e,129.47,121.86,112.47,110.04,109.13,106.56,109.99,109.24,102.21,93.28,83.42,73.18,64.88,59.54,53.4,44.85,38.21,32.84,29.42,25.73,21.76,16.95,12.1,10.83,10.52,10.12,10.61,10.19,9.89,9.65,9.44,7.35,7.53
SAU,Saudi Arabia,Climate Watch,Agriculture,All GHG,MtCO₂e,12.8,10.82,10.93,6.55,6.36,6.24,6.31,6.23,6.0,6.26,6.13,5.92,5.27,4.81,5.34,6.13,5.95,6.07,6.21,5.88,5.77,5.7,5.56,5.31,5.48,5.46,5.27,5.13,5.45,5.61,5.72,5.51,5.27
SAU,Saudi Arabia,Climate Watch,Waste,All GHG,MtCO₂e,40.04,40.29,40.61,40.79,40.68,39.48,38.17,37.07,36.02,34.4,33.11,32.29,31.48,30.83,30.18,29.54,28.89,28.24,27.59,26.94,26.29,25.65,25.0,24.24,23.49,22.73,21.98,21.22,20.47,19.71,18.96,18.2,17.45
SAU,Saudi Arabia,Climate Watch,Land-Use Change and Forestry,All GHG,MtCO₂e,0.0,0.0,0.0,0.0,0.0,0.0,0.0,0.0,0.0,0.0,0.0,0.0,0.0,0.0,0.0,0.0,0.0,0.0,0.0,0.0,0.0,0.0,0.0,0.0,0.0,0.0,0.0,0.0,0.0,0.0,0.0,0.0,0.0
SAU,Saudi Arabia,Climate Watch,Bunker Fuels,All GHG,MtCO₂e,19.6,12.74,13.5,21.35,22.04,20.6,19.59,18.46,17.5,16.76,17.31,16.5,14.54,14.17,15.14,14.53,13.95,12.77,12.98,12.65,12.69,12.44,12.69,12.17,11.76,11.66,11.05,11.86,12.36,13.78,14.03,13.44,10.73
SAU,Saudi Arabia,Climate Watch,Electricity/Heat,All GHG,MtCO₂e,291.45,278.85,269.69,263.28,262.4,276.7,271.92,261.66,250.7,238.32,232.76,203.02,198.04,182.92,172.55,158.19,157.9,150.78,140.68,132.03,125.63,120.19,117.7,112.75,110.36,103.25,97.81,94.79,91.28,89.27,81.36,74.81,71.15
SAU,Saudi Arabia,Climate Watch,Building,All GHG,MtCO₂e,5.14,5.07,4.76,4.88,5.1,4.93,4.88,4.64,4.17,4.3,4.64,5.15,4.43,4.4,4.36,4.15,3.96,4.05,3.75,3.64,3.5,3.39,3.36,3.2,3.17,3.08,3.03,2.96,3.03,2.92,2.72,3.03,2.55
SAU,Saudi Arabia,Climate Watch,Manufacturing/Construction,All GHG,MtCO₂e,99.34,91.79,93.35,94.06,95.2,97.58,105.38,119.02,116.19,100.41,99.92,110.36,111.08,91.22,89.0,79.88,72.63,67.0,65.97,62.43,60.18,52.4,53.02,52.46,49.15,42.01,46.15,40.1,37.75,31.48,32.3,28.23,28.23
SAU,Saudi Arabia,Climate Watch,Transportation,All GHG,MtCO₂e,141.09,131.31,125.24,139.76,139.43,146.43,150.0,150.5,140.04,132.06,129.88,119.37,107.98,104.04,100.92,93.47,83.85,77.61,73.93,70.35,68.03,64.25,62.43,59.56,59.33,59.12,58.24,55.44,62.66,58.78,55.78,52.63,50.52
SAU,Saudi Arabia,Climate Watch,Fugitive Emissions,All GHG,MtCO₂e,74.29,67.27,67.99,70.7,74.06,71.99,74.08,70.71,68.18,68.21,68.96,71.85,64.88,63.08,69.7,67.22,69.11,68.75,64.17,64.18,55.47,57.08,59.06,54.58,58.55,59.46,57.34,56.41,57.18,71.82,86.44,85.73,59.19
SDN,Sudan,Climate Watch,Total excluding LUCF,All GHG,MtCO₂e,112.01,114.11,112.47,113.22,112.87,112.23,112.35,109.27,105.83,104.9,104.09,102.34,99.56,101.47,99.26,98.9,94.07,93.78,88.93,85.48,83.47,77.47,82.02,77.08,74.0,70.65,67.25,63.85,62.71,57.65,55.43,51.51,50.63
SDN,Sudan,Climate Watch,Total including LUCF,All GHG,MtCO₂e,133.01,135.12,133.48,134.23,133.88,133.23,133.36,130.79,127.35,126.42,125.61,123.88,121.15,123.03,121.31,121.06,115.51,116.09,110.82,107.22,104.82,99.38,111.15,110.8,106.27,99.11,91.01,85.35,84.03,78.97,76.75,72.83,71.95
SDN,Sudan,Climate Watch,Energy,All GHG,MtCO₂e,25.87,27.98,25.93,27.54,27.33,27.32,27.54,26.22,23.81,22.83,22.72,26.1,23.58,23.03,22.48,21.81,20.73,17.53,15.56,13.66,13.41,11.66,10.47,9.56,8.49,8.74,7.58,7.57,7.82,5.91,7.19,7.46,8.0
SDN,Sudan,Climate Watch,Industrial Processes,All GHG,MtCO₂e,1.04,0.98,0.93,2.43,2.37,2.31,2.25,2.07,1.96,1.96,1.9,1.68,1.25,0.69,0.49,0.46,0.36,0.36,0.31,0.26,0.19,0.15,0.09,0.12,0.11,0.14,0.18,0.18,0.08,0.12,0.12,0.09,0.09
SDN,Sudan,Climate Watch,Agriculture,All GHG,MtCO₂e,79.24,79.46,80.1,77.93,78.01,77.6,77.74,76.32,75.55,75.75,75.26,70.5,70.74,73.96,72.65,73.16,69.63,72.76,70.06,68.72,67.2,63.13,69.19,65.36,63.62,60.22,58.2,55.01,53.87,50.82,47.49,43.49,42.07
SDN,Sudan,Climate Watch,Waste,All GHG,MtCO₂e,5.86,5.68,5.5,5.33,5.16,4.99,4.82,4.67,4.51,4.36,4.21,4.06,3.98,3.83,3.67,3.52,3.36,3.2,3.05,2.89,2.73,2.56,2.39,2.15,1.91,1.67,1.43,1.19,1.05,0.91,0.76,0.6,0.6
SDN,Sudan,Climate Watch,Land-Use Change and Forestry,All GHG,MtCO₂e,21.0,21.01,21.02,21.01,21.01,21.01,21.01,21.52,21.52,21.52,21.52,21.55,21.59,21.56,22.06,22.15,21.43,22.31,21.89,21.74,21.35,21.9,29.14,33.72,32.28,28.46,23.75,21.5,21.32,21.32,21.32,21.32,21.32
SDN,Sudan,Climate Watch,Bunker Fuels,All GHG,MtCO₂e,0.61,0.59,0.44,0.6,0.69,0.73,0.65,0.58,0.4,0.44,0.69,0.66,0.58,0.5,0.45,0.3,0.32,0.37,0.39,0.41,0.43,0.41,0.36,0.32,0.13,0.13,0.14,0.13,0.13,0.12,0.12,0.12,0.12
SDN,Sudan,Climate Watch,Electricity/Heat,All GHG,MtCO₂e,3.51,5.28,4.72,4.49,4.84,5.12,4.96,4.15,2.32,1.94,2.09,2.21,1.65,3.29,3.91,3.53,3.46,2.76,2.55,2.37,2.15,1.53,1.47,1.13,0.94,1.13,1.02,0.89,0.67,0.89,0.51,0.58,0.51
SDN,Sudan,Climate Watch,Building,All GHG,MtCO₂e,6.19,6.05,6.06,6.31,5.82,5.78,5.73,5.73,5.7,5.71,5.59,5.59,5.23,5.1,4.88,4.94,5.26,4.85,4.52,4.29,4.02,3.81,3.76,3.89,3.64,3.54,3.44,3.22,3.18,2.81,2.78,2.76,2.7
SDN,Sudan,Climate Watch,Manufacturing/Construction,All GHG,MtCO₂e,1.27,1.3,1.54,1.65,1.54,1.4,1.5,1.33,1.31,1.27,1.76,1.89,3.18,2.4,1.53,1.71,1.48,0.94,0.59,0.54,0.53,0.54,0.62,0.71,0.5,0.63,0.24,0.51,0.84,0.07,0.71,0.92,0.74
SDN,Sudan,Climate Watch,Transportation,All GHG,MtCO₂e,12.37,12.66,10.94,12.03,11.77,11.63,11.59,10.17,9.63,9.23,8.83,9.1,9.11,8.04,7.92,6.64,6.08,5.06,4.26,3.86,4.0,3.49,2.7,2.49,3.04,3.19,2.7,2.85,3.04,2.09,3.18,3.19,4.04
SDN,Sudan,Climate Watch,Other Fuel Combustion,All GHG,MtCO₂e,0.4,0.41,0.4,0.49,0.42,0.45,0.45,0.42,0.41,0.4,0.38,0.21,0.71,0.57,0.71,1.03,1.0,0.88,0.87,0.68,0.65,0.42,0.72,0.57,0.0,0.0,0.0,0.0,0.0,0.0,0.01,0.01,0.01
SDN,Sudan,Climate Watch,Fugitive Emissions,All GHG,MtCO₂e,2.13,2.29,2.27,2.57,2.94,2.95,3.3,4.43,4.44,4.27,4.07,7.1,3.69,3.62,3.52,3.95,3.46,3.04,2.78,1.91,2.05,1.86,1.21,0.77,0.37,0.26,0.16,0.1,0.09,0.04,0.0,0.0,0.0
SEN,Senegal,Climate Watch,Total excluding LUCF,All GHG,MtCO₂e,32.25,30.57,28.36,27.5,26.52,26.09,25.9,23.64,22.99,22.33,21.39,22.03,21.15,20.16,19.37,18.5,18.38,17.94,17.56,15.85,16.88,17.47,18.35,17.28,16.06,15.78,15.52,14.4,13.98,13.45,12.93,12.09,11.84
SEN,Senegal,Climate Watch,Total including LUCF,All GHG,MtCO₂e,36.62,34.98,32.8,31.87,30.88,30.44,30.29,28.16,27.57,26.98,26.0,26.56,27.61,26.63,25.9,24.97,24.85,24.32,23.94,22.23,23.26,23.91,25.49,25.59,23.33,22.04,21.48,19.84,19.41,18.89,18.37,17.52,17.27
SEN,Senegal,Climate Watch,Energy,All GHG,MtCO₂e,12.43,11.23,9.02,9.28,9.44,8.95,9.23,8.59,7.77,6.91,6.8,6.9,6.54,6.49,5.92,5.63,5.06,5.22,5.04,4.41,4.52,4.42,4.1,4.13,3.75,3.41,3.13,2.99,2.82,2.75,2.81,2.61,2.61
SEN,Senegal,Climate Watch,Industrial Processes,All GHG,MtCO₂e,4.48,4.22,3.96,3.76,3.13,2.95,2.83,2.52,2.6,2.69,2.46,2.44,2.2,1.84,1.68,1.66,1.5,1.35,1.2,0.88,0.82,0.72,0.58,0.45,0.47,0.4,0.38,0.34,0.33,0.29,0.3,0.26,0.23
SEN,Senegal,Climate Watch,Agriculture,All GHG,MtCO₂e,13.34,13.18,13.49,12.63,12.17,12.48,12.17,10.92,11.06,11.21,10.66,11.26,11.02,10.47,10.45,9.94,10.59,10.18,9.83,8.77,9.46,9.95,10.99,10.13,9.37,9.62,9.8,9.02,8.98,8.82,8.58,8.44,8.22
SEN,Senegal,Climate Watch,Waste,All GHG,MtCO₂e,2.0,1.94,1.89,1.83,1.78,1.72,1.67,1.62,1.56,1.52,1.47,1.43,1.39,1.35,1.32,1.27,1.23,1.19,1.49,1.79,2.08,2.38,2.67,2.57,2.47,2.35,2.21,2.05,1.85,1.59,1.25,0.78,0.78
SEN,Senegal,Climate Watch,Land-Use Change and Forestry,All GHG,MtCO₂e,4.37,4.41,4.44,4.37,4.36,4.35,4.39,4.52,4.58,4.65,4.61,4.53,6.46,6.47,6.53,6.46,6.48,6.39,6.38,6.38,6.38,6.44,7.14,8.3,7.27,6.26,5.96,5.43,5.43,5.43,5.43,5.43,5.43
SEN,Senegal,Climate Watch,Bunker Fuels,All GHG,MtCO₂e,0.99,1.08,1.04,1.24,1.3,0.6,1.12,1.26,0.91,1.01,0.86,0.92,0.91,0.83,1.24,1.27,1.06,1.12,1.01,0.94,0.75,0.91,1.07,0.81,0.8,0.72,0.71,0.56,0.48,0.35,0.47,0.45,0.58
SEN,Senegal,Climate Watch,Electricity/Heat,All GHG,MtCO₂e,4.21,3.88,3.27,3.77,3.95,4.09,3.03,2.77,2.44,2.23,2.14,2.01,2.13,2.13,1.83,1.74,1.88,1.95,1.58,1.41,1.55,1.66,1.51,1.32,1.24,1.18,1.07,1.03,1.02,0.97,0.95,0.85,0.88
SEN,Senegal,Climate Watch,Building,All GHG,MtCO₂e,1.58,1.56,1.5,1.39,1.39,1.19,1.4,1.36,1.35,1.15,1.37,1.37,1.36,1.43,0.99,0.97,1.0,0.99,0.98,0.97,0.94,0.91,0.89,0.89,0.83,0.77,0.73,0.68,0.65,0.63,0.62,0.6,0.58
SEN,Senegal,Climate Watch,Manufacturing/Construction,All GHG,MtCO₂e,1.66,1.49,1.32,0.95,1.15,0.98,1.75,1.65,1.45,1.11,1.11,1.24,0.92,0.94,0.88,0.85,0.6,0.79,0.92,0.59,0.72,0.66,0.5,0.59,0.48,0.39,0.34,0.35,0.3,0.27,0.27,0.25,0.24
SEN,Senegal,Climate Watch,Transportation,All GHG,MtCO₂e,4.96,4.29,2.92,3.15,2.95,2.67,3.02,2.77,2.49,2.37,2.14,2.24,2.1,1.99,2.22,2.06,1.58,1.49,1.54,1.43,1.3,1.19,1.2,1.12,1.04,0.94,0.86,0.8,0.76,0.77,0.8,0.76,0.74
SEN,Senegal,Climate Watch,Other Fuel Combustion,All GHG,MtCO₂e,N/A,N/A,N/A,0.0,0.0,0.0,0.03,0.03,0.03,0.03,0.03,0.03,0.03,N/A,N/A,N/A,N/A,N/A,N/A,N/A,N/A,N/A,N/A,0.2,0.17,0.13,0.11,0.12,0.09,0.11,0.16,0.15,0.17
SEN,Senegal,Climate Watch,Fugitive Emissions,All GHG,MtCO₂e,0.01,0.01,0.01,0.01,0.01,0.01,0.01,0.01,0.01,0.01,0.01,0.01,0.01,0.01,0.0,0.0,0.0,0.01,0.01,0.0,0.0,0.0,0.0,0.0,0.01,0.01,0.01,0.01,0.01,0.0,0.0,0.0,0.0
SGP,Singapore,Climate Watch,Total excluding LUCF,All GHG,MtCO₂e,64.38,62.53,59.77,60.61,60.09,61.79,58.88,58.78,57.24,56.26,55.33,55.77,53.18,49.72,48.7,48.06,47.21,47.12,50.1,48.94,52.12,52.61,52.42,47.89,46.92,46.92,47.08,45.94,45.83,43.92,39.13,38.15,36.68
SGP,Singapore,Climate Watch,Total including LUCF,All GHG,MtCO₂e,64.41,62.56,59.8,60.64,60.12,61.82,58.91,58.73,57.19,56.21,55.28,55.72,53.12,49.67,48.64,48.01,47.15,47.07,50.05,48.88,52.07,52.55,52.37,47.84,46.87,46.87,47.03,45.89,45.78,43.87,39.08,38.1,36.63
SGP,Singapore,Climate Watch,Energy,All GHG,MtCO₂e,46.9,45.88,43.95,45.37,45.38,47.65,45.29,45.74,44.7,44.21,43.98,45.06,42.7,39.1,38.69,38.55,37.42,37.14,39.87,38.4,41.53,42.28,42.36,38.03,37.27,38.39,38.75,37.82,38.2,36.38,31.61,30.67,29.14
SGP,Singapore,Climate Watch,Industrial Processes,All GHG,MtCO₂e,17.39,16.55,15.71,15.12,14.54,13.97,13.41,12.87,12.36,11.86,11.15,10.5,10.26,10.41,9.79,9.29,9.57,9.75,10.01,10.31,10.35,10.08,9.81,9.61,9.41,8.3,8.1,7.9,7.42,7.39,7.37,7.34,7.32
SGP,Singapore,Climate Watch,Agriculture,All GHG,MtCO₂e,0.01,0.02,0.02,0.02,0.02,0.02,0.02,0.02,0.02,0.02,0.02,0.02,0.02,0.02,0.02,0.02,0.01,0.01,0.01,0.02,0.01,0.02,0.02,0.02,0.02,0.02,0.03,0.03,0.03,0.02,0.02,0.03,0.11
SGP,Singapore,Climate Watch,Waste,All GHG,MtCO₂e,0.08,0.08,0.09,0.09,0.15,0.16,0.16,0.16,0.17,0.17,0.17,0.18,0.2,0.2,0.2,0.2,0.21,0.21,0.21,0.22,0.22,0.22,0.22,0.22,0.21,0.2,0.2,0.19,0.18,0.13,0.12,0.12,0.11
SGP,Singapore,Climate Watch,Land-Use Change and Forestry,All GHG,MtCO₂e,0.03,0.03,0.03,0.03,0.03,0.03,0.03,-0.05,-0.05,-0.05,-0.05,-0.05,-0.05,-0.05,-0.05,-0.05,-0.05,-0.05,-0.05,-0.05,-0.05,-0.05,-0.05,-0.05,-0.05,-0.05,-0.05,-0.05,-0.05,-0.05,-0.05,-0.05,-0.05
SGP,Singapore,Climate Watch,Bunker Fuels,All GHG,MtCO₂e,172.44,159.66,163.25,176.54,182.92,184.26,176.45,164.24,155.1,155.8,154.88,154.32,145.76,129.77,125.58,114.59,104.02,93.87,87.02,76.05,75.52,75.89,70.83,70.51,62.74,59.05,51.17,43.94,44.31,42.67,45.48,37.51,40.28
SGP,Singapore,Climate Watch,Electricity/Heat,All GHG,MtCO₂e,26.53,25.89,24.73,25.91,25.88,26.14,25.4,24.89,24.56,25.13,25.94,26.68,25.32,23.0,25.84,26.05,25.54,25.68,28.88,27.98,31.75,32.77,33.14,31.84,31.11,31.99,32.47,30.95,31.65,30.3,25.55,23.97,23.22
SGP,Singapore,Climate Watch,Building,All GHG,MtCO₂e,0.72,0.65,0.58,0.58,0.59,0.59,0.61,0.61,0.6,0.64,0.62,0.62,0.64,0.62,0.59,0.58,0.47,0.37,0.47,0.46,0.54,0.46,0.46,0.45,0.46,0.69,0.55,0.52,0.66,0.65,0.65,1.17,1.25
SGP,Singapore,Climate Watch,Manufacturing/Construction,All GHG,MtCO₂e,13.43,13.0,12.26,12.39,12.32,14.07,11.66,12.82,12.62,11.73,10.22,10.32,9.77,8.59,5.96,5.74,5.44,5.19,4.82,4.37,3.68,3.46,3.26,0.33,0.35,0.38,0.4,0.47,0.54,0.5,0.46,0.42,0.44
SGP,Singapore,Climate Watch,Transportation,All GHG,MtCO₂e,6.16,6.28,6.31,6.44,6.52,6.78,7.56,7.37,6.88,6.65,7.16,7.4,6.93,6.85,6.27,6.14,5.94,5.72,5.53,5.42,5.41,5.44,5.34,5.25,5.19,5.18,5.22,5.77,5.25,4.82,4.86,5.03,4.15
SGP,Singapore,Climate Watch,Other Fuel Combustion,All GHG,MtCO₂e,0.01,0.01,0.01,0.01,0.01,0.01,0.01,0.0,0.0,0.0,0.0,0.0,0.0,0.0,0.0,0.0,0.0,0.15,0.15,0.14,0.15,0.16,0.16,0.15,0.15,0.14,0.1,0.1,0.1,0.09,0.09,0.08,0.08
SGP,Singapore,Climate Watch,Fugitive Emissions,All GHG,MtCO₂e,0.05,0.06,0.05,0.05,0.05,0.05,0.05,0.05,0.05,0.04,0.04,0.03,0.03,0.03,0.04,0.03,0.03,0.03,0.03,0.02,0.01,0.01,0.01,0.01,0.01,0.01,0.01,0.01,0.01,0.01,0.01,0.0,0.0
SLB,Solomon Islands,Climate Watch,Total excluding LUCF,All GHG,MtCO₂e,0.4,0.4,0.41,0.41,0.41,0.4,0.4,0.4,0.44,0.48,0.45,0.45,0.43,0.42,0.41,0.4,0.39,0.38,0.37,0.34,0.33,0.32,0.51,0.3,0.29,0.28,0.28,0.27,0.26,0.25,0.24,0.23,0.22
SLB,Solomon Islands,Climate Watch,Total including LUCF,All GHG,MtCO₂e,45.81,45.82,45.82,45.82,45.82,45.81,45.81,-17.42,-17.39,-17.34,-17.38,-17.38,2.13,2.12,2.1,2.09,2.08,2.07,2.06,2.04,2.02,2.01,4.42,4.21,4.2,4.2,4.19,4.18,4.17,4.16,4.15,4.14,4.13
SLB,Solomon Islands,Climate Watch,Energy,All GHG,MtCO₂e,0.29,0.3,0.3,0.31,0.3,0.3,0.3,0.3,0.34,0.39,0.36,0.36,0.34,0.33,0.32,0.31,0.3,0.29,0.29,0.27,0.26,0.25,0.24,0.23,0.22,0.21,0.21,0.2,0.19,0.18,0.17,0.16,0.15
SLB,Solomon Islands,Climate Watch,Industrial Processes,All GHG,MtCO₂e,0.02,0.02,0.02,0.02,0.01,0.01,0.01,0.01,0.01,0.01,0.01,0.01,0.01,0.01,0.01,0.01,0.0,0.0,0.0,0.0,0.0,0.0,0.0,0.0,0.0,0.0,0.0,0.0,0.0,0.0,0.0,0.0,0.0
SLB,Solomon Islands,Climate Watch,Agriculture,All GHG,MtCO₂e,0.08,0.08,0.08,0.08,0.09,0.08,0.08,0.08,0.08,0.08,0.08,0.07,0.07,0.07,0.07,0.07,0.07,0.07,0.07,0.07,0.06,0.06,0.07,0.06,0.06,0.06,0.06,0.06,0.06,0.07,0.07,0.06,0.06
SLB,Solomon Islands,Climate Watch,Waste,All GHG,MtCO₂e,0.01,0.01,0.01,0.01,0.01,0.01,0.01,0.01,0.01,0.01,0.01,0.01,0.01,0.01,0.01,0.01,0.01,0.01,0.01,0.01,0.01,0.01,0.21,0.01,0.01,0.01,0.01,0.01,0.01,0.01,0.01,0.01,0.01
SLB,Solomon Islands,Climate Watch,Land-Use Change and Forestry,All GHG,MtCO₂e,45.41,45.41,45.41,45.41,45.41,45.41,45.41,-17.82,-17.82,-17.82,-17.82,-17.82,1.69,1.69,1.69,1.69,1.69,1.69,1.69,1.69,1.69,1.69,3.91,3.91,3.91,3.91,3.91,3.91,3.91,3.91,3.91,3.91,3.91
SLB,Solomon Islands,Climate Watch,Bunker Fuels,All GHG,MtCO₂e,0.02,0.02,0.03,0.03,0.03,0.03,0.03,0.03,0.03,0.04,0.03,0.03,0.03,0.03,0.03,0.03,0.03,0.03,0.03,0.03,0.03,0.03,0.03,0.03,0.03,0.03,0.03,0.03,0.03,0.03,0.03,0.03,0.02
SLB,Solomon Islands,Climate Watch,Electricity/Heat,All GHG,MtCO₂e,0.07,0.07,0.07,0.07,0.07,0.07,0.07,0.08,0.08,0.08,0.07,0.07,0.08,0.08,0.08,0.08,0.07,0.07,0.06,0.06,0.06,0.06,0.06,0.05,0.04,0.03,0.03,0.03,0.03,0.03,0.03,0.03,0.03
SLB,Solomon Islands,Climate Watch,Building,All GHG,MtCO₂e,0.0,0.0,0.0,0.0,0.0,0.0,0.0,0.0,0.0,0.0,0.0,0.0,0.0,0.0,0.0,0.0,0.0,0.0,0.0,0.0,0.0,0.0,0.0,0.0,0.0,0.0,0.0,0.0,0.0,0.0,0.0,0.0,0.01
SLB,Solomon Islands,Climate Watch,Manufacturing/Construction,All GHG,MtCO₂e,0.02,0.02,0.02,0.02,0.02,0.02,0.02,0.02,0.02,0.02,0.02,0.02,0.02,0.02,0.02,0.02,0.02,0.02,0.02,0.02,0.02,0.02,0.02,0.02,0.02,0.02,0.02,0.02,0.02,0.02,0.02,0.02,0.02
SLB,Solomon Islands,Climate Watch,Transportation,All GHG,MtCO₂e,0.18,0.19,0.19,0.2,0.19,0.19,0.19,0.19,0.22,0.27,0.25,0.25,0.23,0.22,0.21,0.21,0.2,0.19,0.19,0.18,0.17,0.16,0.15,0.15,0.15,0.15,0.15,0.14,0.14,0.12,0.11,0.1,0.1
SLB,Solomon Islands,Climate Watch,Other Fuel Combustion,All GHG,MtCO₂e,0.01,0.02,0.02,0.02,0.02,0.02,0.02,0.02,0.01,0.01,0.01,0.01,0.01,0.01,0.01,0.01,0.01,0.01,0.01,0.01,0.01,0.01,0.01,0.01,0.01,0.01,0.01,0.01,0.01,0.01,0.01,0.01,0.01
SLB,Solomon Islands,Climate Watch,Fugitive Emissions,All GHG,MtCO₂e,0.0,0.0,0.0,0.0,0.0,0.0,0.0,0.0,0.0,0.0,0.0,0.0,0.0,0.0,0.0,0.0,0.0,0.0,0.0,0.0,0.0,0.0,0.0,0.0,0.0,0.0,0.0,0.0,0.0,0.0,0.0,0.0,0.0
SLE,Sierra Leone,Climate Watch,Total excluding LUCF,All GHG,MtCO₂e,7.02,7.34,6.22,6.07,7.2,6.57,6.65,6.44,6.6,6.24,6.09,5.24,4.76,4.67,4.39,4.55,5.35,4.26,4.09,3.75,3.22,2.75,2.37,2.37,2.57,2.62,2.64,2.95,3.08,3.08,2.95,2.88,2.91
SLE,Sierra Leone,Climate Watch,Total including LUCF,All GHG,MtCO₂e,10.41,10.7,9.57,9.44,10.56,9.97,10.02,10.07,10.02,9.63,9.47,8.6,8.12,8.05,7.75,7.94,8.78,7.63,7.48,7.18,6.57,6.12,5.9,5.92,6.19,6.09,6.07,6.36,6.49,6.49,6.36,6.3,6.32
SLE,Sierra Leone,Climate Watch,Energy,All GHG,MtCO₂e,1.43,1.3,1.06,1.04,1.06,1.12,1.17,1.12,1.17,1.09,0.85,0.73,0.56,0.52,0.52,0.5,0.59,0.45,0.54,0.55,0.5,0.38,0.26,0.19,0.23,0.21,0.23,0.24,0.28,0.27,0.29,0.32,0.3
SLE,Sierra Leone,Climate Watch,Industrial Processes,All GHG,MtCO₂e,0.19,0.18,0.17,0.15,0.14,0.13,0.11,0.1,0.09,0.09,0.09,0.08,0.08,0.07,0.06,0.05,0.04,0.04,0.03,0.02,0.02,0.01,0.0,0.0,0.0,0.01,0.01,0.01,0.01,0.01,0.01,0.0,0.0
SLE,Sierra Leone,Climate Watch,Agriculture,All GHG,MtCO₂e,3.79,4.28,3.44,3.37,4.54,3.9,3.98,3.87,4.02,3.78,3.89,3.2,2.93,2.93,2.69,2.91,3.67,2.75,2.54,2.23,1.8,1.5,1.29,1.37,1.55,1.64,1.65,1.98,2.1,2.15,2.06,2.06,2.1
SLE,Sierra Leone,Climate Watch,Waste,All GHG,MtCO₂e,1.62,1.58,1.54,1.51,1.47,1.43,1.39,1.36,1.32,1.29,1.25,1.22,1.18,1.15,1.12,1.08,1.05,1.02,0.98,0.94,0.9,0.86,0.83,0.81,0.79,0.77,0.75,0.73,0.69,0.65,0.59,0.51,0.5
SLE,Sierra Leone,Climate Watch,Land-Use Change and Forestry,All GHG,MtCO₂e,3.39,3.36,3.36,3.37,3.36,3.39,3.37,3.63,3.41,3.38,3.38,3.36,3.36,3.38,3.36,3.39,3.42,3.38,3.39,3.42,3.35,3.36,3.53,3.54,3.62,3.47,3.43,3.41,3.41,3.41,3.41,3.41,3.41
SLE,Sierra Leone,Climate Watch,Bunker Fuels,All GHG,MtCO₂e,0.01,0.01,0.01,0.01,0.02,0.01,0.01,0.02,0.04,0.05,0.04,0.04,0.04,0.04,0.04,0.03,0.04,0.04,0.04,0.03,0.03,0.03,0.05,0.04,0.04,0.04,0.04,0.04,0.05,0.05,0.05,0.09,0.08
SLE,Sierra Leone,Climate Watch,Electricity/Heat,All GHG,MtCO₂e,0.01,0.01,0.01,0.01,0.07,0.07,0.06,0.03,0.03,0.05,0.05,0.02,0.02,0.04,0.03,0.03,0.04,0.05,0.08,0.1,0.1,0.1,0.06,0.05,0.07,0.05,0.09,0.08,0.1,0.1,0.1,0.1,0.09
SLE,Sierra Leone,Climate Watch,Building,All GHG,MtCO₂e,0.02,0.02,0.0,0.0,0.0,0.0,0.0,0.01,0.02,0.01,0.01,0.01,0.01,0.02,0.04,0.05,0.19,0.11,0.09,0.08,0.06,0.07,0.06,0.05,0.05,0.05,0.04,0.05,0.05,0.04,0.04,0.03,0.03
SLE,Sierra Leone,Climate Watch,Manufacturing/Construction,All GHG,MtCO₂e,0.08,0.07,0.03,0.06,0.1,0.1,0.1,0.12,0.12,0.09,0.06,0.05,0.07,0.04,0.01,0.02,0.04,0.02,0.08,0.07,0.08,0.04,0.01,0.01,0.01,0.01,0.01,0.01,0.03,0.03,0.04,0.07,0.07
SLE,Sierra Leone,Climate Watch,Transportation,All GHG,MtCO₂e,0.85,0.81,0.7,0.67,0.64,0.68,0.71,0.68,0.61,0.55,0.41,0.41,0.35,0.29,0.26,0.29,0.32,0.25,0.21,0.2,0.15,0.12,0.11,0.09,0.1,0.1,0.09,0.1,0.1,0.11,0.12,0.12,0.11
SLE,Sierra Leone,Climate Watch,Other Fuel Combustion,All GHG,MtCO₂e,0.52,0.39,0.33,0.3,0.25,0.27,0.29,0.28,0.4,0.38,0.32,0.25,0.12,0.13,0.17,0.12,N/A,0.02,0.08,0.1,0.11,0.04,0.02,N/A,N/A,N/A,N/A,N/A,N/A,N/A,N/A,N/A,N/A
SLE,Sierra Leone,Climate Watch,Fugitive Emissions,All GHG,MtCO₂e,0.0,0.0,0.0,0.0,0.0,0.0,0.0,0.0,0.0,0.0,0.0,0.0,0.0,0.0,0.0,0.0,0.0,0.0,0.0,0.0,0.0,0.0,0.0,0.0,0.0,0.0,0.0,0.0,0.0,0.0,0.0,0.0,0.0
SLV,El Salvador,Climate Watch,Total excluding LUCF,All GHG,MtCO₂e,13.73,12.92,11.76,13.08,12.24,11.85,12.73,12.78,12.38,12.09,12.92,12.74,12.91,13.16,13.49,14.01,13.48,12.93,12.51,12.12,11.52,11.23,10.53,11.5,11.27,11.15,10.31,10.34,10.08,9.35,8.76,8.16,7.38
SLV,El Salvador,Climate Watch,Total including LUCF,All GHG,MtCO₂e,14.81,14.0,12.85,14.18,13.33,12.96,13.81,13.89,13.46,13.21,14.01,13.82,13.99,14.24,14.57,15.09,14.56,14.01,13.59,13.2,12.6,12.31,11.62,12.58,12.36,12.24,11.39,11.43,11.16,10.44,9.85,9.25,8.46
SLV,El Salvador,Climate Watch,Energy,All GHG,MtCO₂e,8.18,7.21,6.26,7.73,6.75,6.35,7.11,6.94,6.55,6.41,6.7,6.71,6.54,6.71,6.86,7.55,7.26,6.89,6.63,6.37,5.79,5.76,5.54,6.37,6.4,6.06,5.15,5.74,5.24,4.69,4.3,3.82,3.13
SLV,El Salvador,Climate Watch,Industrial Processes,All GHG,MtCO₂e,0.91,0.89,0.83,0.91,0.82,0.74,0.71,0.73,0.72,0.79,0.85,0.82,0.8,0.75,0.75,0.73,0.71,0.6,0.64,0.67,0.63,0.55,0.49,0.47,0.49,0.46,0.43,0.41,0.39,0.39,0.22,0.33,0.31
SLV,El Salvador,Climate Watch,Agriculture,All GHG,MtCO₂e,2.16,2.37,2.23,2.02,2.27,2.39,2.55,2.78,2.8,2.61,3.12,2.98,3.35,3.52,3.71,3.59,3.41,3.35,3.23,3.14,3.25,3.14,2.79,3.01,2.82,3.14,3.32,2.86,3.19,3.13,3.25,3.22,3.15
SLV,El Salvador,Climate Watch,Waste,All GHG,MtCO₂e,2.47,2.45,2.44,2.42,2.4,2.38,2.35,2.33,2.31,2.28,2.26,2.23,2.21,2.19,2.16,2.14,2.11,2.09,2.01,1.94,1.86,1.79,1.71,1.63,1.56,1.48,1.41,1.33,1.26,1.15,1.0,0.8,0.79
SLV,El Salvador,Climate Watch,Land-Use Change and Forestry,All GHG,MtCO₂e,1.08,1.08,1.09,1.1,1.09,1.11,1.08,1.11,1.08,1.12,1.08,1.08,1.08,1.08,1.08,1.08,1.08,1.09,1.08,1.08,1.08,1.08,1.09,1.09,1.09,1.08,1.08,1.09,1.09,1.09,1.09,1.09,1.09
SLV,El Salvador,Climate Watch,Bunker Fuels,All GHG,MtCO₂e,0.49,0.43,0.23,0.58,0.56,0.53,0.53,0.48,0.48,0.46,0.27,0.35,0.35,0.36,0.36,0.36,0.23,0.24,0.23,0.22,0.21,0.22,0.22,0.21,0.19,0.15,0.15,0.16,0.14,0.15,0.13,0.09,0.12
SLV,El Salvador,Climate Watch,Electricity/Heat,All GHG,MtCO₂e,0.85,0.69,0.77,1.2,0.92,1.01,1.69,1.74,1.73,1.7,1.61,1.57,1.49,1.81,1.69,1.93,1.85,1.54,1.49,1.56,1.35,1.27,1.16,1.09,1.45,1.4,0.92,1.36,1.21,0.84,0.64,0.67,0.17
SLV,El Salvador,Climate Watch,Building,All GHG,MtCO₂e,0.83,0.81,0.85,1.08,0.85,0.6,0.7,0.88,0.9,1.01,0.98,0.9,1.06,0.96,0.9,0.83,1.05,0.91,0.89,0.86,0.72,0.75,0.71,1.55,1.57,1.52,1.37,1.39,1.32,1.3,1.26,1.16,1.13
SLV,El Salvador,Climate Watch,Manufacturing/Construction,All GHG,MtCO₂e,2.18,1.67,1.36,1.61,1.41,1.28,1.2,0.95,1.05,0.85,1.31,1.05,0.9,0.81,1.25,1.56,1.35,1.31,1.36,1.2,1.19,1.14,1.09,1.06,1.04,0.95,0.72,0.82,0.8,0.76,0.76,0.58,0.53
SLV,El Salvador,Climate Watch,Transportation,All GHG,MtCO₂e,4.25,4.03,3.28,3.84,3.56,3.45,3.53,3.38,2.87,2.84,2.8,3.19,3.08,3.13,3.02,3.22,3.01,3.13,2.9,2.75,2.52,2.6,2.58,2.67,2.34,2.18,2.15,2.17,1.9,1.79,1.63,1.41,1.29
SLV,El Salvador,Climate Watch,Fugitive Emissions,All GHG,MtCO₂e,0.06,0.0,0.0,0.0,0.0,0.0,0.0,0.0,0.0,0.0,0.0,0.0,0.0,0.0,0.0,0.0,0.0,0.0,0.0,0.0,0.0,0.0,0.0,0.0,0.0,0.0,0.0,0.0,0.0,0.0,0.0,0.0,0.0
SOM,Somalia,Climate Watch,Total excluding LUCF,All GHG,MtCO₂e,29.2,29.21,29.29,29.02,28.84,28.56,28.51,28.37,28.22,27.99,27.82,27.45,27.22,26.94,26.84,26.74,27.79,29.04,28.5,28.09,27.77,27.27,26.62,26.3,26.07,26.08,25.53,24.92,24.2,22.14,20.06,22.08,25.23
SOM,Somalia,Climate Watch,Total including LUCF,All GHG,MtCO₂e,46.55,46.56,46.64,46.38,46.2,45.91,45.86,45.72,45.58,45.35,45.17,44.8,44.57,44.29,44.19,44.09,45.15,46.39,45.85,45.45,45.12,44.63,43.97,43.66,43.42,43.43,42.89,42.28,41.55,39.5,37.41,39.43,42.58
SOM,Somalia,Climate Watch,Energy,All GHG,MtCO₂e,0.68,0.63,0.61,0.65,0.66,0.65,0.65,0.65,0.65,0.65,0.62,0.63,0.63,0.62,0.62,0.62,0.58,0.58,0.58,0.58,0.57,0.51,0.49,0.5,0.52,0.55,0.58,0.59,0.62,0.63,0.68,0.71,0.76
SOM,Somalia,Climate Watch,Industrial Processes,All GHG,MtCO₂e,0.65,0.62,0.58,0.53,0.49,0.44,0.39,0.34,0.33,0.31,0.3,0.29,0.28,0.25,0.22,0.19,0.15,0.12,0.1,0.08,0.05,0.03,0.0,0.01,0.02,0.02,0.03,0.04,0.04,0.03,0.02,0.01,0.02
SOM,Somalia,Climate Watch,Agriculture,All GHG,MtCO₂e,23.31,23.56,23.85,23.75,23.77,23.67,23.82,23.88,23.87,23.77,23.75,23.49,23.39,23.27,23.31,23.35,24.6,26.0,25.6,25.34,25.17,24.88,24.39,24.17,24.03,24.13,23.66,23.14,22.51,20.57,18.56,20.65,23.72
SOM,Somalia,Climate Watch,Waste,All GHG,MtCO₂e,4.56,4.4,4.24,4.09,3.94,3.79,3.65,3.51,3.38,3.26,3.14,3.03,2.92,2.81,2.69,2.58,2.46,2.34,2.22,2.1,1.98,1.86,1.74,1.62,1.5,1.38,1.27,1.15,1.03,0.91,0.79,0.7,0.73
SOM,Somalia,Climate Watch,Land-Use Change and Forestry,All GHG,MtCO₂e,17.35,17.35,17.35,17.35,17.35,17.35,17.35,17.35,17.35,17.35,17.35,17.35,17.35,17.35,17.35,17.35,17.35,17.35,17.35,17.35,17.35,17.35,17.35,17.35,17.35,17.35,17.35,17.35,17.35,17.35,17.35,17.35,17.35
SOM,Somalia,Climate Watch,Bunker Fuels,All GHG,MtCO₂e,0.22,0.21,0.18,0.22,0.23,0.22,0.22,0.22,0.22,0.22,0.21,0.21,0.21,0.21,0.2,0.2,0.21,0.21,0.21,0.21,0.21,0.22,0.24,0.22,0.22,0.22,0.22,0.22,0.21,0.21,0.2,0.21,0.22
SOM,Somalia,Climate Watch,Electricity/Heat,All GHG,MtCO₂e,0.32,0.3,0.3,0.31,0.31,0.31,0.31,0.31,0.31,0.31,0.27,0.27,0.26,0.26,0.26,0.25,0.25,0.25,0.24,0.24,0.23,0.22,0.2,0.2,0.21,0.22,0.23,0.23,0.24,0.24,0.26,0.27,0.27
SOM,Somalia,Climate Watch,Building,All GHG,MtCO₂e,0.14,0.12,0.11,0.12,0.12,0.12,0.12,0.13,0.13,0.13,0.14,0.14,0.14,0.11,0.13,0.13,0.07,0.07,0.08,0.08,0.08,0.03,0.03,0.03,0.04,0.05,0.05,0.05,0.05,0.04,0.06,0.06,0.06
SOM,Somalia,Climate Watch,Manufacturing/Construction,All GHG,MtCO₂e,0.08,0.08,0.08,0.08,0.08,0.08,0.08,0.08,0.08,0.08,0.08,0.08,0.08,0.08,0.07,0.09,0.06,0.06,0.06,0.06,0.06,0.06,0.06,0.06,0.05,0.06,0.06,0.05,0.06,0.06,0.06,0.06,0.06
SOM,Somalia,Climate Watch,Transportation,All GHG,MtCO₂e,0.14,0.13,0.12,0.14,0.14,0.14,0.14,0.13,0.13,0.13,0.13,0.14,0.14,0.16,0.16,0.15,0.14,0.14,0.14,0.14,0.14,0.14,0.14,0.16,0.18,0.2,0.21,0.22,0.24,0.26,0.27,0.29,0.31
SOM,Somalia,Climate Watch,Other Fuel Combustion,All GHG,MtCO₂e,N/A,N/A,N/A,N/A,N/A,N/A,N/A,N/A,N/A,N/A,N/A,N/A,N/A,N/A,N/A,N/A,0.06,0.06,0.06,0.06,0.06,0.06,0.05,0.05,0.03,0.03,0.03,0.03,0.03,0.03,0.03,0.03,0.07
SOM,Somalia,Climate Watch,Fugitive Emissions,All GHG,MtCO₂e,0.0,0.0,0.0,0.0,0.0,0.0,0.0,0.0,0.0,0.0,0.0,0.0,0.0,0.0,0.0,0.0,0.0,0.0,0.0,0.0,0.0,0.0,0.0,0.0,0.0,0.0,0.0,0.0,0.0,0.0,0.0,0.0,0.0
SRB,Serbia,Climate Watch,Total excluding LUCF,All GHG,MtCO₂e,68.89,67.59,69.3,68.02,67.78,69.3,68.52,66.77,59.93,68.21,67.72,72.37,67.69,67.3,70.06,71.66,72.64,70.1,77.48,71.95,68.59,64.89,60.7,58.77,77.22,77.46,72.5,64.89,58.39,62.05,67.85,73.15,83.63
SRB,Serbia,Climate Watch,Total including LUCF,All GHG,MtCO₂e,68.81,67.51,69.23,67.95,67.69,69.22,68.43,63.93,57.09,65.36,64.9,69.54,32.1,31.71,34.47,36.1,37.05,34.51,41.89,36.36,33.0,29.3,57.85,55.88,74.33,74.56,69.6,61.98,55.48,59.13,64.94,70.24,80.72
SRB,Serbia,Climate Watch,Energy,All GHG,MtCO₂e,50.04,49.41,50.41,50.15,50.31,51.69,50.93,49.68,42.7,50.62,50.09,55.17,50.64,49.69,52.78,54.13,55.86,53.66,60.54,56.32,52.74,49.19,45.58,43.08,60.74,60.86,56.18,49.0,43.46,47.37,52.69,57.02,66.95
SRB,Serbia,Climate Watch,Industrial Processes,All GHG,MtCO₂e,3.5,3.45,3.3,3.05,2.87,2.63,2.44,2.22,2.23,2.26,2.36,2.47,2.48,2.39,2.57,2.42,2.22,2.04,1.97,1.75,1.87,1.75,1.52,1.23,1.64,1.53,1.52,1.27,1.23,0.91,1.4,0.41,0.43
SRB,Serbia,Climate Watch,Agriculture,All GHG,MtCO₂e,6.25,5.69,6.64,5.96,5.83,6.32,6.6,6.44,6.7,7.23,7.3,6.88,6.87,7.69,7.33,7.89,7.54,7.59,8.39,7.55,7.89,8.13,8.06,9.21,9.9,10.26,10.11,10.07,9.27,9.47,9.6,11.68,12.33
SRB,Serbia,Climate Watch,Waste,All GHG,MtCO₂e,9.1,9.03,8.96,8.87,8.77,8.66,8.55,8.43,8.31,8.1,7.98,7.85,7.7,7.54,7.38,7.22,7.01,6.8,6.58,6.36,6.11,5.85,5.59,5.3,4.98,4.86,4.74,4.61,4.49,4.36,4.23,4.12,4.0
SRB,Serbia,Climate Watch,Land-Use Change and Forestry,All GHG,MtCO₂e,-0.08,-0.08,-0.08,-0.07,-0.09,-0.09,-0.09,-2.84,-2.84,-2.84,-2.83,-2.83,-35.59,-35.59,-35.59,-35.56,-35.59,-35.59,-35.59,-35.59,-35.59,-35.59,-2.86,-2.89,-2.89,-2.9,-2.9,-2.91,-2.91,-2.91,-2.91,-2.91,-2.91
SRB,Serbia,Climate Watch,Bunker Fuels,All GHG,MtCO₂e,0.48,0.38,0.29,0.48,0.48,0.45,0.42,0.27,0.26,0.16,0.13,0.15,0.13,0.13,0.15,0.15,0.16,0.15,0.14,0.19,0.18,0.15,0.09,0.1,0.2,0.2,0.18,0.11,0.04,0.05,0.19,0.31,0.43
SRB,Serbia,Climate Watch,Electricity/Heat,All GHG,MtCO₂e,31.34,31.53,33.36,32.47,32.43,33.96,33.37,33.2,26.54,33.21,31.63,34.77,31.62,32.42,30.95,31.39,34.99,33.14,35.9,34.82,33.26,31.74,32.2,28.58,38.21,38.57,35.58,36.55,28.91,31.61,34.35,36.01,40.58
SRB,Serbia,Climate Watch,Building,All GHG,MtCO₂e,3.06,2.93,3.16,2.68,2.64,2.78,2.79,2.41,2.26,2.65,3.25,4.21,3.35,3.01,3.63,3.94,2.15,3.29,3.25,3.11,2.94,2.69,2.8,2.83,3.22,2.87,2.96,1.9,2.91,3.28,3.3,1.86,2.72
SRB,Serbia,Climate Watch,Manufacturing/Construction,All GHG,MtCO₂e,3.06,2.74,2.77,3.47,4.06,3.65,3.84,3.46,3.67,4.18,4.97,5.66,4.9,4.2,7.61,8.36,7.72,6.89,9.68,7.88,6.56,6.13,5.28,5.31,9.28,7.74,7.7,3.18,3.95,4.48,7.32,7.25,9.83
SRB,Serbia,Climate Watch,Transportation,All GHG,MtCO₂e,8.17,7.65,6.69,7.02,6.5,6.41,6.13,5.99,6.15,5.89,5.34,6.06,6.72,6.67,7.08,5.66,7.26,6.72,6.43,5.02,4.58,3.77,2.38,2.65,5.01,6.47,4.69,2.8,2.68,2.76,2.31,3.27,4.57
SRB,Serbia,Climate Watch,Other Fuel Combustion,All GHG,MtCO₂e,0.3,0.27,0.32,0.33,0.39,0.46,0.48,0.36,0.37,0.46,0.46,0.25,0.23,0.29,0.19,1.54,0.29,0.26,1.96,2.13,2.01,1.4,1.0,1.33,1.31,1.46,1.45,0.74,1.14,1.33,1.46,4.64,5.23
SRB,Serbia,Climate Watch,Fugitive Emissions,All GHG,MtCO₂e,4.1,4.3,4.12,4.17,4.29,4.42,4.32,4.26,3.71,4.23,4.44,4.2,3.82,3.11,3.32,3.25,3.45,3.37,3.32,3.36,3.38,3.45,1.92,2.38,3.71,3.75,3.79,3.83,3.87,3.91,3.95,3.99,4.03
SSD,South Sudan,Climate Watch,Total excluding LUCF,All GHG,MtCO₂e,54.16,56.81,59.56,52.66,61.49,55.16,57.64,56.92,55.68,54.02,53.96,49.69,49.6,51.36,50.22,50.2,47.54,49.29,47.49,46.33,45.19,42.36,46.02,43.49,42.33,40.23,38.83,36.75,35.98,33.94,31.97,29.51,28.6
SSD,South Sudan,Climate Watch,Total including LUCF,All GHG,MtCO₂e,67.42,70.46,74.45,65.02,74.37,67.86,70.45,66.92,66.83,64.81,64.44,60.8,60.73,62.48,61.6,61.63,58.59,60.8,58.78,57.54,56.2,53.65,61.05,60.88,58.98,54.91,51.09,47.84,46.97,44.93,42.97,40.5,39.6
SSD,South Sudan,Climate Watch,Energy,All GHG,MtCO₂e,3.95,4.23,4.38,4.5,4.05,3.85,3.94,4.34,3.94,3.08,2.06,1.63,1.64,1.57,1.45,1.26,1.0,0.91,0.95,0.75,0.67,0.53,0.46,0.42,0.39,0.45,0.37,0.36,0.34,0.25,0.36,0.41,0.43
SSD,South Sudan,Climate Watch,Industrial Processes,All GHG,MtCO₂e,0.13,0.12,0.11,0.09,0.07,0.04,0.02,0.0,0.0,0.0,0.0,0.0,0.0,0.0,0.0,0.0,0.0,0.0,0.0,0.0,0.0,0.0,0.0,0.0,0.0,0.0,0.0,0.0,0.0,0.0,0.0,0.0,0.0
SSD,South Sudan,Climate Watch,Agriculture,All GHG,MtCO₂e,44.76,47.23,49.91,43.0,52.33,46.1,48.32,47.16,46.58,46.05,47.24,43.59,43.74,45.74,44.92,45.24,43.05,44.99,43.32,42.5,41.55,39.03,42.78,40.42,39.34,37.24,35.99,34.01,33.31,31.43,29.36,26.89,26.02
SSD,South Sudan,Climate Watch,Waste,All GHG,MtCO₂e,5.32,5.23,5.16,5.08,5.05,5.17,5.36,5.41,5.15,4.89,4.66,4.46,4.23,4.01,3.84,3.66,3.49,3.33,3.17,3.03,2.9,2.77,2.65,2.53,2.46,2.41,2.35,2.29,2.21,2.15,2.12,2.08,2.03
SSD,South Sudan,Climate Watch,Land-Use Change and Forestry,All GHG,MtCO₂e,13.26,13.65,14.9,12.36,12.88,12.7,12.81,10.0,11.15,10.79,10.48,11.11,11.14,11.12,11.38,11.43,11.05,11.51,11.29,11.21,11.01,11.3,15.03,17.39,16.65,14.68,12.25,11.09,11.0,11.0,11.0,11.0,11.0
SSD,South Sudan,Climate Watch,Bunker Fuels,All GHG,MtCO₂e,0.24,0.24,0.16,0.24,0.25,0.24,0.22,0.22,0.12,0.12,0.12,N/A,N/A,N/A,N/A,N/A,N/A,N/A,N/A,N/A,N/A,N/A,N/A,N/A,N/A,N/A,N/A,N/A,N/A,N/A,N/A,N/A,N/A
SSD,South Sudan,Climate Watch,Electricity/Heat,All GHG,MtCO₂e,0.64,0.69,0.71,0.72,0.67,0.64,0.67,0.81,0.49,0.45,0.38,N/A,N/A,N/A,N/A,N/A,N/A,N/A,N/A,N/A,N/A,N/A,N/A,N/A,N/A,N/A,N/A,N/A,N/A,N/A,N/A,N/A,N/A
SSD,South Sudan,Climate Watch,Building,All GHG,MtCO₂e,0.23,0.22,0.22,0.22,0.22,0.2,0.17,0.18,0.17,0.17,0.18,N/A,N/A,N/A,N/A,N/A,N/A,N/A,N/A,N/A,N/A,N/A,N/A,N/A,N/A,N/A,N/A,N/A,N/A,N/A,N/A,N/A,N/A
SSD,South Sudan,Climate Watch,Manufacturing/Construction,All GHG,MtCO₂e,0.03,0.03,0.03,0.03,0.03,0.05,0.03,0.03,0.01,0.01,0.02,N/A,N/A,N/A,N/A,N/A,N/A,N/A,N/A,N/A,N/A,N/A,N/A,N/A,N/A,N/A,N/A,N/A,N/A,N/A,N/A,N/A,N/A
SSD,South Sudan,Climate Watch,Transportation,All GHG,MtCO₂e,0.92,0.97,0.94,0.98,0.98,0.75,0.96,1.04,0.97,0.95,0.97,N/A,N/A,N/A,N/A,N/A,N/A,N/A,N/A,N/A,N/A,N/A,N/A,N/A,N/A,N/A,N/A,N/A,N/A,N/A,N/A,N/A,N/A
SSD,South Sudan,Climate Watch,Other Fuel Combustion,All GHG,MtCO₂e,0.08,0.09,0.08,0.09,0.09,0.07,0.08,0.09,0.05,0.05,0.06,N/A,N/A,N/A,N/A,N/A,N/A,N/A,N/A,N/A,N/A,N/A,N/A,N/A,N/A,N/A,N/A,N/A,N/A,N/A,N/A,N/A,N/A
SSD,South Sudan,Climate Watch,Fugitive Emissions,All GHG,MtCO₂e,2.06,2.23,2.4,2.47,2.07,2.14,2.03,2.19,2.26,1.45,0.45,0.35,0.32,0.28,0.21,0.09,0.0,0.0,0.0,0.0,0.0,0.0,0.0,0.0,0.0,0.0,0.0,0.0,0.0,0.0,0.0,0.0,0.0
STP,São Tomé and Principe,Climate Watch,Total excluding LUCF,All GHG,MtCO₂e,0.21,0.19,0.19,0.19,0.19,0.2,0.19,0.18,0.17,0.15,0.15,0.13,0.14,0.12,0.12,0.11,0.11,0.11,0.1,0.09,0.08,0.07,0.07,0.07,0.07,0.07,0.07,0.07,0.07,0.06,0.06,0.06,0.06
STP,São Tomé and Principe,Climate Watch,Total including LUCF,All GHG,MtCO₂e,0.42,0.41,0.4,0.4,0.41,0.41,0.41,0.39,0.38,0.36,0.36,0.35,0.15,0.13,0.13,0.12,0.12,0.11,0.11,0.1,0.09,0.08,0.08,0.08,0.08,0.08,0.08,0.08,0.07,0.07,0.07,0.07,0.07
STP,São Tomé and Principe,Climate Watch,Energy,All GHG,MtCO₂e,0.16,0.15,0.14,0.14,0.15,0.16,0.15,0.14,0.13,0.11,0.12,0.1,0.11,0.09,0.09,0.08,0.08,0.08,0.07,0.07,0.06,0.05,0.05,0.05,0.05,0.05,0.05,0.05,0.05,0.04,0.04,0.05,0.05
STP,São Tomé and Principe,Climate Watch,Industrial Processes,All GHG,MtCO₂e,0.01,0.01,0.01,0.01,0.01,0.01,0.01,0.01,0.01,0.01,0.01,0.01,0.01,0.01,0.0,0.0,0.0,0.0,0.0,0.0,0.0,0.0,0.0,0.0,0.0,0.0,0.0,0.0,0.0,0.0,0.0,0.0,0.0
STP,São Tomé and Principe,Climate Watch,Agriculture,All GHG,MtCO₂e,0.02,0.02,0.02,0.02,0.02,0.02,0.02,0.02,0.02,0.01,0.01,0.01,0.01,0.01,0.01,0.01,0.01,0.01,0.01,0.01,0.01,0.01,0.01,0.01,0.01,0.01,0.01,0.01,0.01,0.01,0.01,0.01,0.01
STP,São Tomé and Principe,Climate Watch,Waste,All GHG,MtCO₂e,0.02,0.02,0.01,0.01,0.01,0.01,0.01,0.01,0.01,0.01,0.01,0.01,0.01,0.01,0.01,0.01,0.01,0.01,0.01,0.01,0.01,0.01,0.01,0.01,0.01,0.01,0.01,0.01,0.01,0.01,0.0,0.0,0.0
STP,São Tomé and Principe,Climate Watch,Land-Use Change and Forestry,All GHG,MtCO₂e,0.22,0.22,0.22,0.22,0.22,0.22,0.22,0.22,0.22,0.22,0.22,0.22,0.01,0.01,0.01,0.01,0.01,0.01,0.01,0.01,0.01,0.01,0.01,0.01,0.01,0.01,0.01,0.01,0.01,0.01,0.01,0.01,0.01
STP,São Tomé and Principe,Climate Watch,Bunker Fuels,All GHG,MtCO₂e,0.01,0.01,0.01,0.01,0.01,0.01,0.02,0.01,0.01,0.01,0.01,0.02,0.03,0.03,0.03,0.02,0.02,0.02,0.02,0.01,0.01,0.01,0.01,0.01,0.01,0.01,0.01,0.0,0.0,0.0,0.0,0.0,0.0
STP,São Tomé and Principe,Climate Watch,Electricity/Heat,All GHG,MtCO₂e,0.08,0.08,0.08,0.08,0.08,0.08,0.07,0.06,0.06,0.05,0.05,0.04,0.04,0.03,0.03,0.03,0.03,0.03,0.02,0.02,0.02,0.02,0.02,0.02,0.01,0.01,0.01,0.01,0.01,0.01,0.01,0.01,0.01
STP,São Tomé and Principe,Climate Watch,Building,All GHG,MtCO₂e,0.02,0.02,0.02,0.02,0.01,0.01,0.01,0.01,0.01,0.01,0.01,0.01,0.01,0.01,0.01,0.01,0.01,0.01,0.01,0.01,0.01,0.0,0.0,0.0,0.0,0.0,0.0,0.0,0.0,0.0,0.0,0.0,0.0
STP,São Tomé and Principe,Climate Watch,Manufacturing/Construction,All GHG,MtCO₂e,0.0,0.0,0.0,0.0,0.0,0.01,0.01,0.0,0.01,0.0,0.01,0.01,0.01,0.01,0.01,0.01,0.01,0.01,0.01,0.01,0.01,0.01,0.01,0.01,0.01,0.0,0.01,0.01,0.01,0.01,0.01,0.01,0.01
STP,São Tomé and Principe,Climate Watch,Transportation,All GHG,MtCO₂e,0.05,0.04,0.04,0.04,0.05,0.05,0.05,0.05,0.05,0.04,0.04,0.04,0.05,0.04,0.04,0.04,0.04,0.03,0.03,0.03,0.03,0.02,0.03,0.03,0.03,0.03,0.03,0.03,0.03,0.03,0.03,0.03,0.03
STP,São Tomé and Principe,Climate Watch,Other Fuel Combustion,All GHG,MtCO₂e,0.01,0.01,0.01,0.0,0.0,0.01,0.0,0.0,0.0,0.0,0.0,0.0,0.0,N/A,N/A,N/A,N/A,N/A,N/A,N/A,N/A,N/A,N/A,N/A,N/A,N/A,N/A,N/A,N/A,N/A,N/A,N/A,N/A
STP,São Tomé and Principe,Climate Watch,Fugitive Emissions,All GHG,MtCO₂e,0.0,0.0,0.0,0.0,0.0,0.0,0.0,0.0,0.0,0.0,0.0,0.0,0.0,0.0,0.0,0.0,0.0,0.0,0.0,0.0,0.0,0.0,0.0,0.0,0.0,0.0,0.0,0.0,0.0,0.0,0.0,0.0,0.0
SUR,Suriname,Climate Watch,Total excluding LUCF,All GHG,MtCO₂e,4.09,3.96,3.88,3.93,3.35,3.7,4.22,3.93,3.84,3.45,3.6,3.15,2.91,2.6,2.52,2.36,2.48,2.59,2.36,2.17,1.93,2.52,2.43,3.16,3.29,3.31,3.39,3.31,3.24,3.23,3.29,3.18,2.84
SUR,Suriname,Climate Watch,Total including LUCF,All GHG,MtCO₂e,13.35,13.19,13.1,13.15,12.56,12.92,13.44,12.03,11.94,11.55,11.71,11.25,6.73,6.42,6.33,6.18,6.31,6.41,6.19,5.84,5.59,6.17,5.76,6.49,6.62,6.59,6.65,6.51,6.4,6.38,6.38,6.27,5.93
SUR,Suriname,Climate Watch,Energy,All GHG,MtCO₂e,3.11,2.98,2.88,2.95,2.44,2.74,3.26,3.0,2.89,2.53,2.7,2.22,2.03,1.72,1.72,1.65,1.75,1.89,1.59,1.42,1.28,1.71,1.67,2.28,2.25,2.23,2.22,2.17,2.13,2.12,2.09,2.09,1.8
SUR,Suriname,Climate Watch,Industrial Processes,All GHG,MtCO₂e,0.22,0.21,0.2,0.18,0.16,0.15,0.13,0.14,0.13,0.15,0.15,0.13,0.11,0.1,0.1,0.09,0.09,0.08,0.07,0.07,0.06,0.05,0.05,0.09,0.25,0.29,0.31,0.3,0.29,0.3,0.31,0.3,0.31
SUR,Suriname,Climate Watch,Agriculture,All GHG,MtCO₂e,0.65,0.66,0.7,0.69,0.64,0.71,0.72,0.68,0.72,0.67,0.66,0.7,0.68,0.68,0.6,0.53,0.56,0.53,0.61,0.6,0.51,0.68,0.64,0.71,0.71,0.72,0.79,0.78,0.76,0.75,0.83,0.75,0.69
SUR,Suriname,Climate Watch,Waste,All GHG,MtCO₂e,0.11,0.11,0.11,0.11,0.11,0.1,0.1,0.1,0.1,0.1,0.1,0.1,0.09,0.09,0.09,0.09,0.09,0.08,0.08,0.08,0.08,0.08,0.07,0.07,0.07,0.07,0.07,0.06,0.06,0.06,0.05,0.05,0.05
SUR,Suriname,Climate Watch,Land-Use Change and Forestry,All GHG,MtCO₂e,9.26,9.23,9.23,9.22,9.22,9.22,9.22,8.11,8.1,8.1,8.11,8.11,3.82,3.82,3.82,3.82,3.82,3.82,3.83,3.68,3.66,3.66,3.33,3.33,3.33,3.27,3.26,3.2,3.15,3.15,3.08,3.08,3.08
SUR,Suriname,Climate Watch,Bunker Fuels,All GHG,MtCO₂e,0.14,0.13,0.12,0.14,0.14,0.14,0.14,0.16,0.15,0.15,0.14,0.14,0.13,0.13,0.12,0.12,0.11,0.11,0.1,0.1,0.09,0.07,0.07,N/A,N/A,N/A,N/A,N/A,N/A,N/A,N/A,N/A,N/A
SUR,Suriname,Climate Watch,Electricity/Heat,All GHG,MtCO₂e,1.2,1.11,1.09,1.09,0.91,0.99,1.23,1.53,1.43,1.18,1.15,0.93,0.56,0.44,0.42,0.42,0.51,0.71,0.48,0.37,0.29,0.33,0.28,N/A,N/A,N/A,N/A,N/A,N/A,N/A,N/A,N/A,N/A
SUR,Suriname,Climate Watch,Building,All GHG,MtCO₂e,0.12,0.12,0.11,0.12,0.12,0.12,0.14,0.11,0.1,0.1,0.1,0.09,0.09,0.09,0.08,0.08,0.08,0.08,0.08,0.08,0.08,0.12,0.12,N/A,N/A,N/A,N/A,N/A,N/A,N/A,N/A,N/A,N/A
SUR,Suriname,Climate Watch,Manufacturing/Construction,All GHG,MtCO₂e,0.11,0.11,0.1,0.1,0.08,0.09,0.11,0.07,0.07,0.06,0.08,0.06,0.07,0.06,0.07,0.07,0.07,0.07,0.06,0.06,0.06,0.69,0.68,N/A,N/A,N/A,N/A,N/A,N/A,N/A,N/A,N/A,N/A
SUR,Suriname,Climate Watch,Transportation,All GHG,MtCO₂e,0.97,0.94,0.83,0.91,0.7,0.85,1.03,0.69,0.69,0.64,0.71,0.59,0.69,0.6,0.59,0.55,0.55,0.52,0.49,0.47,0.44,0.3,0.3,N/A,N/A,N/A,N/A,N/A,N/A,N/A,N/A,N/A,N/A
SUR,Suriname,Climate Watch,Other Fuel Combustion,All GHG,MtCO₂e,0.49,0.48,0.49,0.47,0.38,0.44,0.5,0.34,0.35,0.3,0.41,0.3,0.37,0.28,0.32,0.31,0.34,0.33,0.3,0.27,0.26,0.11,0.14,N/A,N/A,N/A,N/A,N/A,N/A,N/A,N/A,N/A,N/A
SUR,Suriname,Climate Watch,Fugitive Emissions,All GHG,MtCO₂e,0.23,0.24,0.25,0.26,0.26,0.26,0.26,0.25,0.24,0.24,0.25,0.25,0.25,0.25,0.25,0.22,0.2,0.19,0.19,0.17,0.16,0.16,0.16,0.16,0.15,0.13,0.14,0.11,0.09,0.08,0.06,0.06,0.06
SVK,Slovakia,Climate Watch,Total excluding LUCF,All GHG,MtCO₂e,35.3,37.99,34.93,37.06,39.05,39.74,37.77,36.99,36.7,39.36,38.85,40.88,42.56,40.85,44.38,44.45,45.4,45.92,45.19,45.88,45.72,46.4,45.85,48.51,50.0,51.21,51.38,51.44,50.95,53.84,56.55,59.16,67.2
SVK,Slovakia,Climate Watch,Total including LUCF,All GHG,MtCO₂e,34.26,36.95,33.89,36.02,38.02,38.71,36.74,29.42,29.13,31.79,31.28,33.31,34.19,32.48,36.0,36.08,37.03,37.55,36.82,37.51,37.35,38.03,36.45,39.11,40.6,41.81,41.98,42.04,41.55,44.44,47.15,49.76,57.8
SVK,Slovakia,Climate Watch,Energy,All GHG,MtCO₂e,29.08,31.72,28.6,30.7,32.69,33.38,31.35,30.61,30.36,33.18,32.66,34.48,36.26,34.1,37.05,37.19,38.06,39.02,38.1,39.32,38.98,39.54,39.18,41.38,42.2,43.64,43.75,43.94,43.36,46.11,47.72,50.95,57.96
SVK,Slovakia,Climate Watch,Industrial Processes,All GHG,MtCO₂e,2.33,2.27,2.25,2.25,2.2,2.26,2.18,2.23,2.12,2.02,2.08,2.31,2.32,2.75,3.3,3.2,3.23,2.79,2.76,2.26,2.35,2.44,2.25,2.66,2.87,2.43,2.37,2.32,2.16,1.71,2.22,1.01,1.31
SVK,Slovakia,Climate Watch,Agriculture,All GHG,MtCO₂e,2.27,2.4,2.47,2.47,2.51,2.47,2.61,2.52,2.58,2.52,2.46,2.47,2.39,2.43,2.5,2.55,2.62,2.64,2.87,2.87,2.97,3.02,3.03,3.1,3.57,3.81,3.95,3.87,4.12,4.61,5.16,5.74,6.51
SVK,Slovakia,Climate Watch,Waste,All GHG,MtCO₂e,1.61,1.6,1.61,1.63,1.64,1.64,1.63,1.64,1.63,1.65,1.64,1.63,1.6,1.56,1.52,1.51,1.5,1.48,1.46,1.44,1.42,1.41,1.39,1.37,1.35,1.33,1.31,1.31,1.31,1.42,1.42,1.43,1.42
SVK,Slovakia,Climate Watch,Land-Use Change and Forestry,All GHG,MtCO₂e,-1.03,-1.03,-1.03,-1.03,-1.03,-1.03,-1.03,-7.57,-7.57,-7.57,-7.57,-7.57,-8.37,-8.37,-8.37,-8.37,-8.37,-8.37,-8.37,-8.37,-8.37,-8.37,-9.4,-9.4,-9.4,-9.4,-9.4,-9.4,-9.4,-9.4,-9.4,-9.4,-9.4
SVK,Slovakia,Climate Watch,Bunker Fuels,All GHG,MtCO₂e,0.1,0.07,0.09,0.14,0.14,0.12,0.15,0.13,0.11,0.12,0.11,0.13,0.12,0.14,0.19,0.15,0.12,0.12,0.08,0.1,0.14,0.09,0.08,0.06,0.09,0.11,0.12,0.12,0.1,N/A,N/A,N/A,N/A
SVK,Slovakia,Climate Watch,Electricity/Heat,All GHG,MtCO₂e,8.06,10.44,9.18,9.89,11.1,11.92,11.74,11.84,11.39,12.71,12.99,13.64,13.85,13.24,13.77,14.92,15.72,16.12,16.26,17.17,14.99,16.47,14.45,16.53,16.64,17.32,17.33,18.04,16.39,18.17,16.61,17.23,17.79
SVK,Slovakia,Climate Watch,Building,All GHG,MtCO₂e,4.56,5.11,4.3,4.53,4.52,4.86,4.47,4.6,4.44,5.66,5.05,5.46,6.91,6.57,6.23,5.68,6.09,5.99,5.52,5.61,6.5,6.76,8.23,8.54,8.67,8.4,8.61,8.46,8.69,10.17,10.45,11.98,15.6
SVK,Slovakia,Climate Watch,Manufacturing/Construction,All GHG,MtCO₂e,8.19,8.04,7.26,7.52,8.44,7.81,7.35,7.16,7.27,7.06,6.91,6.76,6.82,6.45,8.02,8.28,8.41,8.43,8.32,8.83,9.15,8.58,9.87,9.22,9.76,10.84,11.23,10.5,11.71,11.22,13.49,14.37,15.89
SVK,Slovakia,Climate Watch,Transportation,All GHG,MtCO₂e,7.65,7.42,7.16,8.01,7.91,7.98,6.9,6.12,6.21,6.62,6.61,7.27,7.3,6.46,7.47,6.83,6.24,6.63,6.03,5.74,6.26,5.45,4.16,4.34,4.27,4.2,3.6,3.88,3.43,3.0,3.63,3.46,4.17
SVK,Slovakia,Climate Watch,Other Fuel Combustion,All GHG,MtCO₂e,0.24,0.24,0.25,0.24,0.24,0.25,0.28,0.27,0.32,0.3,0.29,0.31,0.29,0.27,0.3,0.29,0.3,0.36,0.34,0.31,0.28,0.37,0.42,0.46,0.51,0.58,0.59,0.62,0.66,1.03,0.95,1.28,1.83
SVK,Slovakia,Climate Watch,Fugitive Emissions,All GHG,MtCO₂e,0.39,0.47,0.46,0.51,0.49,0.57,0.61,0.61,0.74,0.81,0.8,1.04,1.09,1.1,1.25,1.2,1.31,1.49,1.62,1.65,1.8,1.91,2.06,2.29,2.35,2.3,2.4,2.44,2.48,2.51,2.61,2.64,2.68
SVN,Slovenia,Climate Watch,Total excluding LUCF,All GHG,MtCO₂e,15.16,15.55,15.29,16.52,16.94,17.09,16.93,16.1,16.01,17.52,18.15,18.76,18.82,18.54,20.52,19.53,19.58,19.28,19.05,18.85,18.89,18.83,17.86,18.04,18.73,18.98,18.51,17.7,16.87,16.84,16.13,16.47,17.47
SVN,Slovenia,Climate Watch,Total including LUCF,All GHG,MtCO₂e,15.53,15.91,15.65,16.88,17.29,17.45,17.28,13.48,13.4,14.9,15.53,16.15,7.31,7.02,9.01,8.02,8.07,7.76,7.53,7.34,7.37,7.32,8.51,8.69,9.34,9.59,9.11,8.31,7.48,7.45,6.74,7.08,8.08
SVN,Slovenia,Climate Watch,Energy,All GHG,MtCO₂e,12.29,12.63,12.33,13.54,14.0,14.1,13.95,13.16,13.06,14.57,15.22,15.82,15.84,15.5,17.21,16.17,16.17,15.85,15.6,15.34,15.45,15.28,14.42,14.71,15.31,15.57,15.14,14.34,13.49,13.53,12.7,13.01,13.8
SVN,Slovenia,Climate Watch,Industrial Processes,All GHG,MtCO₂e,0.87,0.83,0.86,0.87,0.83,0.8,0.76,0.76,0.79,0.76,0.68,0.64,0.65,0.7,0.87,0.88,0.86,0.82,0.78,0.73,0.7,0.74,0.72,0.67,0.66,0.63,0.62,0.59,0.56,0.47,0.56,0.18,0.24
SVN,Slovenia,Climate Watch,Agriculture,All GHG,MtCO₂e,1.61,1.69,1.69,1.68,1.67,1.71,1.71,1.68,1.66,1.66,1.67,1.71,1.74,1.73,1.78,1.74,1.75,1.77,1.79,1.9,1.88,1.93,1.86,1.83,1.96,2.01,2.02,2.05,2.11,2.13,2.14,2.51,2.65
SVN,Slovenia,Climate Watch,Waste,All GHG,MtCO₂e,0.38,0.39,0.41,0.43,0.44,0.48,0.5,0.5,0.5,0.54,0.57,0.59,0.59,0.6,0.66,0.74,0.8,0.84,0.88,0.88,0.86,0.88,0.86,0.83,0.81,0.77,0.73,0.72,0.72,0.71,0.73,0.76,0.77
SVN,Slovenia,Climate Watch,Land-Use Change and Forestry,All GHG,MtCO₂e,0.38,0.36,0.36,0.36,0.35,0.35,0.35,-2.62,-2.62,-2.62,-2.62,-2.61,-11.51,-11.51,-11.52,-11.52,-11.52,-11.52,-11.52,-11.51,-11.51,-11.51,-9.35,-9.35,-9.39,-9.39,-9.39,-9.39,-9.39,-9.39,-9.39,-9.39,-9.39
SVN,Slovenia,Climate Watch,Bunker Fuels,All GHG,MtCO₂e,0.07,0.31,0.4,0.69,0.82,0.57,0.45,0.28,0.26,0.27,0.23,0.17,0.14,0.19,0.31,0.25,0.17,0.14,0.06,0.08,0.09,0.08,0.07,0.06,0.06,0.06,0.05,0.06,0.05,0.05,0.03,0.02,0.08
SVN,Slovenia,Climate Watch,Electricity/Heat,All GHG,MtCO₂e,3.46,4.28,4.55,4.63,4.85,4.96,4.93,4.61,4.56,5.83,6.04,6.32,6.24,6.12,6.4,6.57,6.47,6.32,6.27,6.2,6.5,6.18,5.69,5.55,6.37,5.98,5.67,5.96,5.66,6.06,5.99,5.48,6.35
SVN,Slovenia,Climate Watch,Building,All GHG,MtCO₂e,0.99,1.0,1.08,1.05,1.1,1.2,1.33,1.26,1.15,1.42,1.53,1.82,2.09,1.99,2.07,1.69,2.17,2.4,2.63,2.69,2.84,2.82,2.34,3.22,2.97,2.93,3.08,2.54,2.28,2.51,2.2,2.63,2.07
SVN,Slovenia,Climate Watch,Manufacturing/Construction,All GHG,MtCO₂e,1.7,1.83,1.79,1.87,1.86,1.75,1.63,1.6,1.64,1.63,1.63,1.7,1.86,1.88,2.21,2.29,2.56,2.38,2.23,2.16,1.86,2.12,2.38,2.0,1.82,1.94,1.87,1.85,1.98,1.76,1.85,2.31,2.63
SVN,Slovenia,Climate Watch,Transportation,All GHG,MtCO₂e,5.84,5.24,4.61,5.66,5.87,5.89,5.76,5.39,5.42,5.41,5.71,5.69,5.34,5.2,6.19,5.27,4.66,4.42,4.14,3.96,3.9,3.79,3.63,3.69,3.9,4.69,4.48,3.95,3.55,3.18,2.63,2.55,2.7
SVN,Slovenia,Climate Watch,Other Fuel Combustion,All GHG,MtCO₂e,0.27,0.26,0.28,0.3,0.29,0.27,0.26,0.27,0.27,0.26,0.27,0.25,0.29,0.27,0.3,0.32,0.29,0.29,0.29,0.31,0.31,0.35,0.35,0.23,0.23,0.01,0.01,0.01,0.0,0.01,0.01,0.02,0.02
SVN,Slovenia,Climate Watch,Fugitive Emissions,All GHG,MtCO₂e,0.02,0.03,0.03,0.03,0.03,0.03,0.03,0.02,0.02,0.03,0.03,0.03,0.03,0.03,0.03,0.03,0.03,0.03,0.03,0.03,0.03,0.03,0.03,0.03,0.03,0.03,0.03,0.03,0.02,0.02,0.02,0.02,0.03
SWE,Sweden,Climate Watch,Total excluding LUCF,All GHG,MtCO₂e,45.45,48.13,45.84,47.15,47.98,50.48,50.78,51.4,51.42,52.74,54.56,57.38,61.16,55.7,59.61,60.9,62.93,64.5,68.32,69.79,68.8,67.45,68.57,72.66,74.0,73.22,79.42,73.85,74.27,72.44,72.5,69.91,69.28
SWE,Sweden,Climate Watch,Total including LUCF,All GHG,MtCO₂e,34.15,36.81,34.51,35.8,36.35,38.36,38.51,33.54,33.59,34.78,36.58,39.35,54.32,48.59,52.34,53.52,55.48,56.98,60.6,61.91,60.85,59.49,74.17,78.08,79.34,78.51,84.7,79.13,79.52,77.69,77.76,75.16,74.54
SWE,Sweden,Climate Watch,Energy,All GHG,MtCO₂e,34.46,37.18,34.63,35.86,36.33,38.64,38.92,39.45,39.41,40.82,42.43,44.95,48.42,43.14,46.27,47.36,48.9,50.35,53.96,55.63,54.33,52.73,53.63,57.68,58.85,57.91,64.08,58.52,58.91,56.92,57.15,54.56,53.52
SWE,Sweden,Climate Watch,Industrial Processes,All GHG,MtCO₂e,2.46,2.38,2.35,2.5,2.83,2.78,2.87,2.83,2.72,2.65,2.8,2.81,3.03,2.84,3.22,3.23,3.47,3.35,3.24,3.08,3.12,3.1,3.11,2.95,2.85,2.71,2.69,2.78,2.52,2.46,2.42,2.64,2.73
SWE,Sweden,Climate Watch,Agriculture,All GHG,MtCO₂e,7.81,7.81,7.99,7.86,7.79,7.97,7.83,7.86,7.92,7.75,7.7,7.85,7.8,7.68,7.97,7.85,7.87,8.0,8.14,8.07,8.17,8.23,8.38,8.47,8.59,8.83,8.85,8.71,8.99,9.06,8.8,8.58,8.96
SWE,Sweden,Climate Watch,Waste,All GHG,MtCO₂e,0.73,0.76,0.86,0.92,1.03,1.1,1.16,1.27,1.38,1.52,1.62,1.77,1.91,2.03,2.15,2.46,2.69,2.79,2.98,3.01,3.18,3.39,3.45,3.55,3.7,3.77,3.8,3.84,3.85,4.0,4.13,4.13,4.07
SWE,Sweden,Climate Watch,Land-Use Change and Forestry,All GHG,MtCO₂e,-11.3,-11.32,-11.32,-11.35,-11.63,-12.13,-12.27,-17.86,-17.83,-17.96,-17.98,-18.03,-6.84,-7.1,-7.27,-7.38,-7.45,-7.51,-7.72,-7.87,-7.94,-7.96,5.61,5.42,5.34,5.29,5.28,5.28,5.25,5.25,5.25,5.25,5.25
SWE,Sweden,Climate Watch,Bunker Fuels,All GHG,MtCO₂e,8.58,9.12,9.13,9.16,8.51,10.16,8.87,8.04,7.7,7.54,7.56,7.77,8.39,8.98,8.92,8.64,8.7,8.15,8.0,6.74,5.46,6.61,6.47,6.93,6.94,6.07,5.36,5.15,5.17,4.6,4.05,3.63,3.23
SWE,Sweden,Climate Watch,Electricity/Heat,All GHG,MtCO₂e,10.05,10.74,8.69,8.21,8.99,10.35,10.41,9.54,9.63,9.87,10.25,10.84,13.52,10.89,10.64,10.31,11.9,11.65,12.71,13.25,11.91,10.76,9.99,11.9,13.09,12.17,16.42,11.9,12.61,12.05,11.8,12.06,9.86
SWE,Sweden,Climate Watch,Building,All GHG,MtCO₂e,1.55,1.85,1.9,1.85,1.86,1.95,2.01,2.1,2.14,2.27,2.55,2.7,2.76,2.63,2.92,3.28,3.53,4.23,4.64,6.09,6.08,6.5,6.56,8.19,8.32,8.91,9.94,9.13,9.25,8.82,9.34,9.13,9.51
SWE,Sweden,Climate Watch,Manufacturing/Construction,All GHG,MtCO₂e,7.45,7.52,7.22,7.38,7.26,7.26,7.2,7.54,7.32,7.78,8.25,8.97,9.31,7.23,9.71,10.21,10.17,11.08,12.6,12.54,12.9,12.52,14.02,14.63,14.55,14.5,15.64,15.18,14.99,14.7,13.61,11.69,12.21
SWE,Sweden,Climate Watch,Transportation,All GHG,MtCO₂e,14.48,16.09,15.84,17.34,17.21,17.96,18.11,19.01,18.93,19.4,19.89,20.93,21.22,20.85,21.38,21.83,21.67,21.55,22.62,22.21,21.91,21.68,21.76,21.61,21.16,20.87,20.64,20.89,20.69,19.96,20.89,20.09,20.39
SWE,Sweden,Climate Watch,Other Fuel Combustion,All GHG,MtCO₂e,0.9,0.93,0.93,1.05,0.97,1.08,1.16,1.22,1.34,1.46,1.46,1.46,1.56,1.49,1.57,1.7,1.59,1.8,1.36,1.5,1.5,1.23,1.27,1.32,1.7,1.43,1.42,1.4,1.35,1.36,1.49,1.56,1.52
SWE,Sweden,Climate Watch,Fugitive Emissions,All GHG,MtCO₂e,0.04,0.04,0.04,0.04,0.04,0.04,0.04,0.03,0.04,0.04,0.04,0.05,0.05,0.04,0.04,0.04,0.04,0.04,0.04,0.04,0.04,0.03,0.03,0.03,0.03,0.03,0.03,0.03,0.03,0.03,0.03,0.03,0.03
SWZ,Eswatini,Climate Watch,Total excluding LUCF,All GHG,MtCO₂e,3.2,3.05,2.99,3.19,3.06,3.09,3.13,3.05,3.06,3.04,2.87,2.85,2.92,3.21,3.29,3.33,3.22,3.29,3.3,3.3,3.3,3.2,3.34,3.52,3.48,3.4,3.35,3.66,3.71,2.96,3.28,3.42,3.42
SWZ,Eswatini,Climate Watch,Total including LUCF,All GHG,MtCO₂e,3.07,2.94,2.87,3.1,2.94,2.97,3.01,2.93,2.96,2.93,2.76,2.76,2.83,3.09,3.26,3.36,3.1,3.18,3.2,3.19,3.17,3.09,3.27,3.48,3.48,3.34,3.32,3.57,3.62,2.87,3.18,3.33,3.33
SWZ,Eswatini,Climate Watch,Energy,All GHG,MtCO₂e,1.55,1.39,1.36,1.53,1.47,1.49,1.55,1.46,1.43,1.41,1.24,1.24,1.3,1.67,1.73,1.76,1.72,1.72,1.76,1.75,1.83,1.8,1.83,2.01,1.92,1.83,1.76,2.09,2.14,1.43,1.56,1.77,1.82
SWZ,Eswatini,Climate Watch,Industrial Processes,All GHG,MtCO₂e,0.05,0.05,0.04,0.04,0.04,0.04,0.04,0.04,0.04,0.03,0.03,0.03,0.03,0.03,0.02,0.02,0.02,0.02,0.02,0.02,0.02,0.02,0.02,0.02,0.03,0.03,0.04,0.05,0.04,0.03,0.02,0.02,0.01
SWZ,Eswatini,Climate Watch,Agriculture,All GHG,MtCO₂e,1.05,1.06,1.04,1.08,1.02,1.03,1.01,1.04,1.08,1.09,1.1,1.08,1.09,1.01,1.04,1.06,0.99,1.06,1.04,1.04,0.97,0.91,1.02,1.03,1.08,1.09,1.11,1.1,1.07,1.07,1.28,1.23,1.21
SWZ,Eswatini,Climate Watch,Waste,All GHG,MtCO₂e,0.55,0.54,0.54,0.53,0.53,0.52,0.52,0.52,0.51,0.51,0.51,0.5,0.5,0.5,0.49,0.49,0.49,0.49,0.48,0.48,0.48,0.47,0.47,0.46,0.46,0.45,0.44,0.43,0.46,0.43,0.42,0.4,0.38
SWZ,Eswatini,Climate Watch,Land-Use Change and Forestry,All GHG,MtCO₂e,-0.13,-0.11,-0.12,-0.09,-0.12,-0.12,-0.11,-0.12,-0.1,-0.1,-0.11,-0.1,-0.09,-0.12,-0.02,0.02,-0.12,-0.11,-0.1,-0.11,-0.12,-0.11,-0.07,-0.04,0.0,-0.06,-0.04,-0.09,-0.09,-0.09,-0.09,-0.09,-0.09
SWZ,Eswatini,Climate Watch,Bunker Fuels,All GHG,MtCO₂e,0.0,0.0,0.0,0.01,0.01,0.01,0.0,0.0,0.0,0.0,0.0,0.0,0.0,0.0,0.0,0.0,0.0,0.0,0.0,0.0,0.0,0.0,0.0,0.0,0.0,0.0,0.0,0.0,0.0,0.0,0.0,0.0,0.0
SWZ,Eswatini,Climate Watch,Electricity/Heat,All GHG,MtCO₂e,0.05,0.04,0.04,0.09,0.05,0.05,0.06,0.05,0.06,0.05,0.06,0.05,0.09,0.23,0.22,0.22,0.21,0.2,0.21,0.21,0.22,0.17,0.16,0.05,0.06,0.06,0.05,0.05,0.1,0.1,0.21,0.25,0.27
SWZ,Eswatini,Climate Watch,Building,All GHG,MtCO₂e,0.32,0.32,0.31,0.34,0.41,0.41,0.54,0.47,0.43,0.42,0.37,0.37,0.36,0.46,0.46,0.47,0.47,0.48,0.5,0.51,0.53,0.56,0.54,0.66,0.67,0.68,0.68,0.7,0.71,0.64,0.65,0.7,0.71
SWZ,Eswatini,Climate Watch,Manufacturing/Construction,All GHG,MtCO₂e,0.17,0.15,0.13,0.28,0.3,0.3,0.33,0.24,0.15,0.14,0.15,0.12,0.13,0.19,0.24,0.23,0.22,0.22,0.24,0.25,0.33,0.39,0.33,0.53,0.5,0.49,0.61,0.73,0.72,0.16,0.15,0.26,0.26
SWZ,Eswatini,Climate Watch,Transportation,All GHG,MtCO₂e,0.88,0.75,0.77,0.7,0.6,0.6,0.49,0.59,0.69,0.69,0.53,0.53,0.6,0.58,0.5,0.53,0.51,0.51,0.48,0.48,0.46,0.45,0.52,0.5,0.44,0.42,0.31,0.46,0.46,0.45,0.45,0.47,0.46
SWZ,Eswatini,Climate Watch,Other Fuel Combustion,All GHG,MtCO₂e,0.0,0.06,0.04,0.06,0.02,0.02,0.03,0.03,0.03,0.03,0.03,0.08,0.04,0.03,0.03,0.03,0.03,0.03,0.03,0.03,0.03,0.03,0.04,0.04,0.04,0.04,0.04,0.04,0.04,0.04,0.03,0.03,0.03
SWZ,Eswatini,Climate Watch,Fugitive Emissions,All GHG,MtCO₂e,0.14,0.07,0.07,0.07,0.08,0.11,0.1,0.08,0.08,0.08,0.09,0.09,0.09,0.18,0.28,0.29,0.28,0.28,0.3,0.28,0.26,0.2,0.24,0.22,0.21,0.13,0.08,0.11,0.11,0.03,0.06,0.08,0.1
SYC,Seychelles,Climate Watch,Total excluding LUCF,All GHG,MtCO₂e,0.92,0.88,0.86,0.85,0.84,0.8,0.78,0.7,0.66,0.6,0.61,0.59,0.62,0.62,0.58,0.56,0.53,0.51,0.51,0.46,0.46,0.42,0.38,0.4,0.38,0.36,0.32,0.28,0.28,0.25,0.22,0.21,0.19
SYC,Seychelles,Climate Watch,Total including LUCF,All GHG,MtCO₂e,0.92,0.88,0.86,0.85,0.84,0.8,0.78,0.7,0.66,0.6,0.61,0.59,0.62,0.62,0.58,0.56,0.53,0.51,0.51,0.46,0.46,0.42,0.38,0.4,0.38,0.36,0.32,0.28,0.28,0.25,0.22,0.21,0.19
SYC,Seychelles,Climate Watch,Energy,All GHG,MtCO₂e,0.64,0.6,0.6,0.6,0.6,0.57,0.57,0.5,0.46,0.41,0.42,0.41,0.44,0.45,0.42,0.41,0.39,0.38,0.38,0.34,0.35,0.32,0.29,0.31,0.29,0.28,0.24,0.2,0.21,0.19,0.18,0.18,0.15
SYC,Seychelles,Climate Watch,Industrial Processes,All GHG,MtCO₂e,0.11,0.1,0.1,0.09,0.08,0.07,0.07,0.06,0.06,0.05,0.05,0.05,0.05,0.04,0.04,0.03,0.03,0.02,0.02,0.01,0.01,0.01,0.0,0.0,0.0,0.0,0.0,0.0,0.0,0.0,0.0,0.0,0.0
SYC,Seychelles,Climate Watch,Agriculture,All GHG,MtCO₂e,0.01,0.01,0.0,0.0,0.0,0.0,0.0,0.0,0.0,0.0,0.0,0.0,0.0,0.0,0.01,0.01,0.01,0.01,0.01,0.01,0.01,0.01,0.01,0.01,0.01,0.01,0.01,0.01,0.01,0.01,0.01,0.01,0.01
SYC,Seychelles,Climate Watch,Waste,All GHG,MtCO₂e,0.17,0.16,0.16,0.16,0.15,0.15,0.15,0.14,0.14,0.13,0.13,0.13,0.12,0.12,0.12,0.11,0.11,0.1,0.1,0.09,0.09,0.08,0.08,0.08,0.07,0.07,0.07,0.06,0.05,0.04,0.03,0.02,0.02
SYC,Seychelles,Climate Watch,Land-Use Change and Forestry,All GHG,MtCO₂e,0.0,0.0,0.0,0.0,0.0,0.0,0.0,0.0,0.0,0.0,0.0,0.0,0.0,0.0,0.0,0.0,0.0,0.0,0.0,0.0,0.0,0.0,0.0,0.0,0.0,0.0,0.0,0.0,0.0,0.0,0.0,0.0,0.0
SYC,Seychelles,Climate Watch,Bunker Fuels,All GHG,MtCO₂e,0.37,0.34,0.37,0.49,0.53,0.68,0.61,0.6,0.57,0.58,0.59,0.56,0.58,0.6,0.62,0.55,0.78,0.71,0.82,0.52,0.51,0.64,0.61,0.56,0.44,0.41,0.35,0.34,0.34,0.34,0.34,0.33,0.34
SYC,Seychelles,Climate Watch,Electricity/Heat,All GHG,MtCO₂e,0.37,0.35,0.36,0.36,0.35,0.34,0.33,0.31,0.28,0.26,0.26,0.25,0.24,0.28,0.27,0.28,0.25,0.23,0.18,0.18,0.18,0.16,0.16,0.15,0.14,0.14,0.12,0.11,0.11,0.1,0.1,0.09,0.09
SYC,Seychelles,Climate Watch,Building,All GHG,MtCO₂e,0.02,0.02,0.02,0.02,0.02,0.02,0.02,0.02,0.01,0.02,0.02,0.02,0.02,0.02,0.02,0.02,0.02,0.02,0.02,0.02,0.02,0.02,0.02,0.02,0.02,0.02,0.02,0.01,0.01,0.01,0.01,0.01,0.01
SYC,Seychelles,Climate Watch,Manufacturing/Construction,All GHG,MtCO₂e,0.0,0.0,0.0,0.0,0.0,0.0,0.0,0.0,0.01,0.01,0.01,0.01,0.01,0.01,N/A,N/A,N/A,N/A,N/A,N/A,N/A,N/A,N/A,N/A,N/A,N/A,N/A,N/A,N/A,N/A,N/A,N/A,N/A
SYC,Seychelles,Climate Watch,Transportation,All GHG,MtCO₂e,0.2,0.19,0.18,0.17,0.19,0.16,0.13,0.11,0.11,0.09,0.09,0.09,0.1,0.11,0.13,0.11,0.08,0.1,0.16,0.08,0.09,0.09,0.07,0.11,0.09,0.08,0.06,0.06,0.07,0.06,0.07,0.05,0.05
SYC,Seychelles,Climate Watch,Other Fuel Combustion,All GHG,MtCO₂e,0.06,0.05,0.04,0.04,0.04,0.05,0.09,0.06,0.05,0.02,0.05,0.04,0.08,0.03,N/A,N/A,0.04,0.03,0.02,0.07,0.06,0.06,0.04,0.03,0.05,0.05,0.04,0.01,0.02,0.01,N/A,0.02,N/A
SYC,Seychelles,Climate Watch,Fugitive Emissions,All GHG,MtCO₂e,0.0,0.0,0.0,0.0,0.0,0.0,0.0,0.0,0.0,0.0,0.0,0.0,0.0,0.0,0.0,0.0,0.0,0.0,0.0,0.0,0.0,0.0,0.0,0.0,0.0,0.0,0.0,0.0,0.0,0.0,0.0,0.0,0.0
SYR,Syria,Climate Watch,Total excluding LUCF,All GHG,MtCO₂e,78.28,78.74,77.14,75.05,71.69,68.24,61.63,63.68,67.85,73.65,112.67,164.4,174.08,174.57,179.29,177.82,176.84,177.68,171.82,201.84,205.29,193.85,186.49,189.86,189.57,185.35,186.46,187.94,179.52,174.93,164.01,147.83,126.67
SYR,Syria,Climate Watch,Total including LUCF,All GHG,MtCO₂e,78.29,78.75,77.14,75.05,71.7,68.24,61.64,63.01,67.17,72.98,112.01,163.73,173.41,173.9,178.62,177.16,176.17,177.01,171.15,201.17,204.62,193.18,185.82,189.19,188.9,184.68,185.79,187.26,178.85,174.26,163.34,147.16,126.0
SYR,Syria,Climate Watch,Energy,All GHG,MtCO₂e,41.6,43.29,43.04,42.89,41.68,39.4,33.08,36.41,40.58,45.78,83.83,136.37,147.27,148.14,153.53,152.39,153.0,155.72,151.63,183.15,188.32,178.23,171.47,174.83,175.0,171.62,173.52,175.71,168.13,164.46,153.59,138.05,116.71
SYR,Syria,Climate Watch,Industrial Processes,All GHG,MtCO₂e,18.14,17.36,16.06,14.69,13.36,12.28,11.19,9.74,9.45,10.0,10.61,9.99,10.1,8.99,8.28,7.39,6.54,5.67,5.08,4.51,3.83,3.36,2.51,2.75,2.51,2.55,2.37,2.31,2.38,2.33,1.95,1.78,1.97
SYR,Syria,Climate Watch,Agriculture,All GHG,MtCO₂e,6.29,6.11,6.27,5.91,5.29,5.36,6.28,6.57,6.92,7.08,7.63,7.77,6.84,7.97,8.42,9.42,9.15,8.55,7.75,7.19,6.54,6.04,6.7,6.86,7.05,6.59,6.4,6.19,5.74,5.33,6.15,6.18,6.21
SYR,Syria,Climate Watch,Waste,All GHG,MtCO₂e,12.25,11.99,11.77,11.56,11.35,11.2,11.07,10.97,10.88,10.79,10.6,10.27,9.88,9.47,9.07,8.62,8.15,7.74,7.36,6.98,6.6,6.21,5.82,5.42,5.01,4.59,4.17,3.72,3.27,2.8,2.32,1.82,1.78
SYR,Syria,Climate Watch,Land-Use Change and Forestry,All GHG,MtCO₂e,0.0,0.0,0.01,0.0,0.0,0.0,0.0,-0.67,-0.68,-0.67,-0.66,-0.68,-0.67,-0.67,-0.67,-0.66,-0.67,-0.67,-0.67,-0.67,-0.67,-0.67,-0.67,-0.67,-0.67,-0.67,-0.67,-0.67,-0.67,-0.67,-0.67,-0.67,-0.67
SYR,Syria,Climate Watch,Bunker Fuels,All GHG,MtCO₂e,0.89,0.87,0.87,0.87,0.87,0.85,0.85,0.92,0.96,1.09,1.52,3.13,3.6,3.6,3.4,3.46,3.84,3.57,3.96,3.72,3.97,3.89,4.17,4.14,4.15,4.03,3.97,4.13,4.13,4.02,4.09,3.94,3.76
SYR,Syria,Climate Watch,Electricity/Heat,All GHG,MtCO₂e,17.28,18.16,17.77,18.55,18.13,17.12,13.38,14.5,16.65,14.95,19.96,26.94,29.33,29.62,28.14,26.55,24.86,23.32,20.33,20.38,18.85,17.13,16.33,15.78,14.74,13.57,12.69,11.53,10.49,8.71,8.45,8.05,7.98
SYR,Syria,Climate Watch,Building,All GHG,MtCO₂e,2.17,2.15,2.28,2.49,2.85,2.19,2.25,2.55,2.69,2.89,4.7,5.72,5.53,6.04,7.62,7.55,7.73,7.38,5.31,3.37,4.48,4.46,4.57,4.38,4.34,4.36,4.13,3.49,3.38,3.25,3.14,3.14,2.94
SYR,Syria,Climate Watch,Manufacturing/Construction,All GHG,MtCO₂e,2.4,2.41,2.52,2.78,3.15,2.54,2.42,2.67,3.01,3.24,5.03,6.58,7.37,6.04,7.61,7.55,6.9,6.33,4.51,5.75,5.36,5.57,5.38,5.84,6.09,4.85,5.33,4.99,4.65,4.24,3.92,3.68,2.98
SYR,Syria,Climate Watch,Transportation,All GHG,MtCO₂e,5.09,4.98,5.32,5.83,6.7,5.15,5.27,5.85,6.18,6.66,10.82,13.22,13.25,13.42,16.01,15.8,14.77,13.9,10.55,8.03,8.91,8.21,8.63,8.17,9.51,9.2,9.0,7.68,7.7,7.68,7.32,7.79,7.42
SYR,Syria,Climate Watch,Other Fuel Combustion,All GHG,MtCO₂e,0.76,0.78,0.82,0.9,1.02,0.77,0.76,0.87,0.97,1.05,1.7,2.26,2.2,2.31,2.97,2.99,2.86,2.94,2.09,2.76,2.49,3.81,2.38,2.65,3.15,2.83,3.38,3.69,3.43,4.65,5.71,7.41,6.19
SYR,Syria,Climate Watch,Fugitive Emissions,All GHG,MtCO₂e,13.89,14.81,14.33,12.33,9.83,11.63,8.99,9.96,11.08,16.99,41.62,81.64,89.59,90.7,91.18,91.94,95.87,101.85,108.83,142.86,148.23,139.05,134.18,138.01,137.17,136.81,139.0,144.32,138.47,135.94,125.04,107.99,89.21
TCD,Chad,Climate Watch,Total excluding LUCF,All GHG,MtCO₂e,98.43,93.53,89.78,84.37,81.27,76.47,74.23,70.0,64.41,61.68,59.02,55.47,53.02,49.5,48.1,46.63,44.45,43.25,40.94,36.86,36.07,33.39,36.46,33.52,30.76,29.43,28.91,25.19,24.21,23.24,22.3,21.28,14.62
TCD,Chad,Climate Watch,Total including LUCF,All GHG,MtCO₂e,122.33,117.87,114.31,108.85,106.02,101.29,99.69,97.12,91.52,88.92,87.15,82.91,71.23,66.81,66.3,65.73,62.9,60.92,58.89,54.79,53.87,51.13,48.53,48.29,45.72,40.43,38.75,34.79,33.81,32.84,31.9,30.88,24.22
TCD,Chad,Climate Watch,Energy,All GHG,MtCO₂e,5.23,5.15,4.99,5.07,5.23,5.03,5.52,5.84,5.0,4.92,4.61,3.96,4.13,3.66,3.59,3.7,3.91,4.06,4.08,1.69,2.8,2.66,2.45,2.33,1.58,1.05,1.06,1.03,1.0,0.99,0.94,0.91,0.92
TCD,Chad,Climate Watch,Industrial Processes,All GHG,MtCO₂e,2.3,2.15,1.99,1.85,1.68,1.51,1.32,1.15,1.11,1.06,1.01,0.92,0.88,0.78,0.68,0.58,0.48,0.38,0.31,0.23,0.15,0.08,0.0,0.0,0.0,0.0,0.0,0.0,0.0,0.0,0.0,0.0,0.0
TCD,Chad,Climate Watch,Agriculture,All GHG,MtCO₂e,90.29,85.64,82.22,76.9,73.83,69.4,66.89,62.52,57.83,55.24,52.96,50.18,47.61,44.65,43.44,41.96,39.66,38.41,36.17,34.55,32.74,30.3,33.66,30.87,28.87,28.03,27.45,23.72,22.72,21.71,20.92,20.06,13.4
TCD,Chad,Climate Watch,Waste,All GHG,MtCO₂e,0.61,0.59,0.57,0.55,0.54,0.53,0.51,0.49,0.47,0.46,0.44,0.42,0.41,0.4,0.4,0.4,0.4,0.39,0.39,0.39,0.37,0.36,0.34,0.33,0.31,0.35,0.4,0.44,0.49,0.54,0.44,0.3,0.3
TCD,Chad,Climate Watch,Land-Use Change and Forestry,All GHG,MtCO₂e,23.89,24.34,24.53,24.47,24.75,24.82,25.45,27.12,27.11,27.24,28.13,27.44,18.21,17.32,18.2,19.09,18.45,17.68,17.95,17.93,17.8,17.74,12.07,14.76,14.96,11.0,9.84,9.6,9.6,9.6,9.6,9.6,9.6
TCD,Chad,Climate Watch,Bunker Fuels,All GHG,MtCO₂e,0.07,0.07,0.07,0.07,0.08,0.07,0.07,0.06,0.05,0.04,0.04,0.04,0.04,0.04,0.04,0.04,0.04,0.04,0.04,0.04,0.04,0.04,0.04,0.04,0.04,0.04,0.04,0.04,0.04,0.04,0.03,0.03,0.03
TCD,Chad,Climate Watch,Electricity/Heat,All GHG,MtCO₂e,0.6,0.67,0.54,0.54,0.52,0.49,0.43,0.54,0.53,0.56,0.52,0.21,0.27,0.26,0.14,0.15,0.15,0.17,0.15,0.16,0.14,0.11,0.08,0.09,0.09,0.09,0.09,0.09,0.09,0.09,0.09,0.09,0.1
TCD,Chad,Climate Watch,Building,All GHG,MtCO₂e,1.31,1.23,1.18,1.04,0.97,0.94,0.98,0.94,0.93,0.92,0.9,0.85,0.84,0.83,0.79,0.76,0.75,0.74,0.7,0.71,0.69,0.68,0.66,0.6,0.6,0.59,0.62,0.6,0.59,0.59,0.54,0.53,0.53
TCD,Chad,Climate Watch,Manufacturing/Construction,All GHG,MtCO₂e,0.25,0.24,0.23,0.25,0.23,0.24,0.19,0.22,0.23,0.22,0.19,0.07,0.05,0.05,0.03,0.03,0.03,0.04,0.03,0.03,0.03,0.02,0.02,N/A,N/A,N/A,N/A,N/A,N/A,N/A,N/A,N/A,N/A
TCD,Chad,Climate Watch,Transportation,All GHG,MtCO₂e,0.93,0.86,0.81,0.78,0.75,0.79,0.91,1.01,1.05,1.01,0.99,0.75,0.85,0.42,0.32,0.27,0.27,0.21,0.2,0.2,0.18,0.15,0.13,0.35,0.34,0.33,0.32,0.31,0.3,0.29,0.29,0.27,0.26
TCD,Chad,Climate Watch,Fugitive Emissions,All GHG,MtCO₂e,2.14,2.15,2.23,2.47,2.75,2.58,3.0,3.08,2.22,2.17,1.97,2.05,2.08,2.06,2.27,2.45,2.67,2.87,2.96,0.56,1.73,1.67,1.53,1.25,0.51,0.0,0.0,0.0,0.0,0.0,0.0,0.0,0.0
TGO,Togo,Climate Watch,Total excluding LUCF,All GHG,MtCO₂e,9.27,8.65,8.5,7.75,7.4,7.01,7.4,6.86,6.13,6.66,6.78,7.21,6.76,6.96,5.45,5.11,5.42,5.94,5.07,5.28,4.63,4.17,4.56,4.82,4.5,3.68,3.98,3.43,3.47,3.2,3.34,3.65,3.82
TGO,Togo,Climate Watch,Total including LUCF,All GHG,MtCO₂e,10.1,9.47,9.34,8.59,8.22,7.83,8.22,7.8,7.07,7.61,7.73,8.16,7.72,7.91,6.4,6.08,6.4,6.93,6.04,6.25,5.59,5.15,7.29,7.83,7.4,6.47,6.74,6.14,6.18,5.91,6.05,6.36,6.53
TGO,Togo,Climate Watch,Energy,All GHG,MtCO₂e,3.19,3.12,3.02,2.62,2.63,2.23,2.64,2.1,2.22,2.35,2.69,2.9,3.06,3.24,1.98,1.75,1.72,1.78,1.82,1.87,1.61,1.51,1.67,1.8,1.44,1.26,1.55,1.16,1.16,0.81,0.93,1.07,1.11
TGO,Togo,Climate Watch,Industrial Processes,All GHG,MtCO₂e,1.4,1.35,1.27,1.29,0.96,1.07,1.09,1.05,0.67,0.69,0.82,0.83,0.75,0.72,0.62,0.73,0.79,0.87,0.82,0.8,0.53,0.42,0.33,0.62,0.38,0.11,0.42,0.41,0.33,0.39,0.38,0.41,0.41
TGO,Togo,Climate Watch,Agriculture,All GHG,MtCO₂e,3.85,3.38,3.42,3.07,3.06,2.98,2.96,3.01,2.57,2.96,2.63,2.86,2.35,2.41,2.28,2.08,2.38,2.77,1.93,2.13,2.02,1.78,2.11,1.96,2.26,1.9,1.62,1.48,1.62,1.64,1.67,1.83,1.97
TGO,Togo,Climate Watch,Waste,All GHG,MtCO₂e,0.82,0.8,0.78,0.76,0.74,0.73,0.71,0.69,0.67,0.65,0.64,0.62,0.6,0.58,0.57,0.55,0.53,0.52,0.5,0.49,0.47,0.46,0.45,0.43,0.42,0.41,0.39,0.38,0.36,0.36,0.36,0.35,0.34
TGO,Togo,Climate Watch,Land-Use Change and Forestry,All GHG,MtCO₂e,0.83,0.83,0.84,0.84,0.82,0.82,0.82,0.95,0.94,0.94,0.94,0.95,0.95,0.95,0.95,0.97,0.98,0.99,0.97,0.97,0.96,0.98,2.73,3.01,2.91,2.8,2.77,2.71,2.71,2.71,2.71,2.71,2.71
TGO,Togo,Climate Watch,Bunker Fuels,All GHG,MtCO₂e,0.32,0.3,0.18,0.18,0.21,0.2,0.17,0.1,0.26,0.27,0.27,0.25,0.27,0.25,0.2,0.1,0.12,0.16,0.14,0.11,0.05,0.05,0.05,0.04,0.18,0.14,0.15,0.13,0.08,0.04,0.08,0.09,0.11
TGO,Togo,Climate Watch,Electricity/Heat,All GHG,MtCO₂e,0.35,0.3,0.26,0.24,0.24,0.31,0.54,0.19,0.25,0.09,0.06,0.02,0.07,0.04,0.03,0.09,0.11,0.07,0.08,0.04,0.05,0.19,0.1,0.09,0.14,0.05,0.05,0.06,0.11,0.06,0.04,0.1,0.07
TGO,Togo,Climate Watch,Building,All GHG,MtCO₂e,1.4,1.36,1.32,1.28,1.22,1.18,1.35,1.15,1.27,1.24,1.2,1.16,1.12,1.08,0.99,0.97,0.95,0.99,0.91,0.96,0.87,0.82,0.86,0.82,0.69,0.66,0.66,0.64,0.61,0.58,0.6,0.58,0.58
TGO,Togo,Climate Watch,Manufacturing/Construction,All GHG,MtCO₂e,0.18,0.16,0.15,0.16,0.15,0.08,0.12,0.03,0.29,0.27,0.15,0.2,0.23,0.15,0.07,0.04,0.08,0.09,0.17,0.15,0.2,0.21,0.27,0.3,0.12,0.1,0.16,0.07,0.11,N/A,0.01,0.06,0.03
TGO,Togo,Climate Watch,Transportation,All GHG,MtCO₂e,1.26,1.3,1.28,0.94,1.03,0.66,0.63,0.72,0.41,0.76,1.29,1.52,1.64,1.97,0.89,0.66,0.59,0.63,0.66,0.72,0.49,0.3,0.44,0.59,0.5,0.44,0.67,0.4,0.33,0.17,0.28,0.33,0.44
TGO,Togo,Climate Watch,Fugitive Emissions,All GHG,MtCO₂e,0.0,0.0,0.0,0.0,0.0,0.0,0.0,0.0,0.0,0.0,0.0,0.0,0.0,0.0,0.0,0.0,0.0,0.0,0.0,0.0,0.0,0.0,0.0,0.0,0.0,0.0,0.0,0.0,0.0,0.0,0.0,0.0,0.0
THA,Thailand,Climate Watch,Total excluding LUCF,All GHG,MtCO₂e,405.47,389.61,396.58,403.04,397.24,403.2,400.04,395.0,393.31,400.49,391.33,369.8,370.95,347.24,351.17,346.48,331.66,326.52,314.38,294.91,283.14,270.04,257.0,257.04,245.2,268.6,259.92,239.78,222.41,207.15,189.52,176.93,165.29
THA,Thailand,Climate Watch,Total including LUCF,All GHG,MtCO₂e,418.66,405.55,414.29,420.36,411.58,419.24,415.85,397.98,397.81,401.98,394.27,370.96,340.01,316.56,319.45,317.63,299.45,295.56,286.76,262.68,250.98,236.67,269.81,270.83,260.96,281.73,273.11,253.98,236.69,221.42,203.79,191.2,179.57
THA,Thailand,Climate Watch,Energy,All GHG,MtCO₂e,268.56,254.01,262.45,275.61,265.35,270.0,268.24,273.26,267.17,270.59,261.6,242.51,244.46,226.35,234.93,229.01,221.4,219.35,211.62,193.81,185.39,174.99,166.92,165.26,158.53,173.29,168.46,150.29,133.56,119.85,107.0,98.47,88.98
THA,Thailand,Climate Watch,Industrial Processes,All GHG,MtCO₂e,45.82,44.29,43.38,43.11,42.64,41.92,41.95,38.28,36.37,33.95,32.19,30.03,28.7,27.87,27.63,29.2,27.4,25.39,22.7,21.17,22.67,19.62,16.69,17.38,14.51,20.46,18.32,16.23,14.18,12.81,8.9,6.59,6.99
THA,Thailand,Climate Watch,Agriculture,All GHG,MtCO₂e,74.99,75.29,74.81,68.46,73.49,75.63,74.33,68.05,74.48,80.82,83.11,83.54,84.79,80.76,77.08,77.47,72.75,72.35,71.35,71.93,67.8,68.85,67.51,69.23,67.7,71.08,70.09,70.92,73.03,72.96,72.2,70.62,68.09
THA,Thailand,Climate Watch,Waste,All GHG,MtCO₂e,16.09,16.02,15.95,15.86,15.76,15.65,15.53,15.41,15.28,15.14,14.43,13.71,13.01,12.27,11.53,10.81,10.11,9.42,8.71,8.0,7.29,6.58,5.88,5.17,4.47,3.76,3.05,2.34,1.64,1.54,1.41,1.25,1.23
THA,Thailand,Climate Watch,Land-Use Change and Forestry,All GHG,MtCO₂e,13.19,15.94,17.71,17.32,14.34,16.05,15.81,2.98,4.5,1.48,2.94,1.16,-30.94,-30.68,-31.73,-28.85,-32.21,-30.96,-27.62,-32.23,-32.16,-33.37,12.81,13.79,15.76,13.13,13.19,14.2,14.28,14.28,14.28,14.28,14.28
THA,Thailand,Climate Watch,Bunker Fuels,All GHG,MtCO₂e,11.06,7.32,8.05,18.31,18.75,17.18,16.86,15.85,14.53,14.25,13.39,14.25,14.58,14.32,15.21,15.8,14.84,14.41,13.68,11.84,10.97,10.53,9.85,9.7,8.96,10.24,9.58,9.95,9.83,8.7,8.49,7.0,6.77
THA,Thailand,Climate Watch,Electricity/Heat,All GHG,MtCO₂e,104.83,103.56,102.19,109.43,106.37,107.24,111.66,110.9,114.16,115.48,106.58,98.12,98.41,88.95,99.59,96.43,86.61,84.89,79.93,72.65,69.85,67.71,64.44,62.41,62.6,65.28,60.76,53.03,48.47,43.94,40.59,37.21,30.83
THA,Thailand,Climate Watch,Building,All GHG,MtCO₂e,8.39,8.28,8.59,9.62,9.83,9.49,9.27,10.82,11.41,11.74,13.66,12.61,11.97,10.83,10.57,9.75,9.03,8.78,8.81,8.41,8.25,8.12,7.83,7.39,6.92,7.17,7.11,6.85,6.79,6.71,6.64,6.53,6.44
THA,Thailand,Climate Watch,Manufacturing/Construction,All GHG,MtCO₂e,55.99,51.49,54.45,54.61,49.13,54.02,52.79,58.21,51.25,51.41,49.59,44.9,50.78,45.49,46.3,41.88,49.1,46.31,43.85,38.71,38.3,34.1,31.29,31.86,28.57,33.38,36.44,32.31,28.18,23.87,19.5,16.74,15.04
THA,Thailand,Climate Watch,Transportation,All GHG,MtCO₂e,80.03,69.31,75.01,76.17,74.49,74.09,67.64,63.55,59.94,61.62,62.14,60.04,57.11,56.32,53.24,56.85,53.76,57.32,57.32,53.39,50.16,47.42,46.26,47.34,45.83,52.9,53.09,48.58,40.79,36.68,31.19,29.37,28.59
THA,Thailand,Climate Watch,Other Fuel Combustion,All GHG,MtCO₂e,6.69,6.93,7.19,9.14,8.96,8.28,9.32,12.16,12.24,12.2,11.82,11.52,10.73,10.58,10.77,10.77,10.35,10.03,11.01,10.34,9.48,8.91,8.74,8.94,7.91,8.25,5.58,4.92,4.93,5.04,5.93,5.73,5.64
THA,Thailand,Climate Watch,Fugitive Emissions,All GHG,MtCO₂e,12.64,14.43,15.01,16.64,16.57,16.89,17.55,17.62,18.17,18.14,17.81,15.32,15.45,14.19,14.47,13.33,12.55,12.02,10.71,10.31,9.36,8.73,8.37,7.32,6.7,6.31,5.48,4.6,4.41,3.61,3.14,2.9,2.43
TJK,Tajikistan,Climate Watch,Total excluding LUCF,All GHG,MtCO₂e,18.43,17.99,17.72,17.2,15.84,14.44,13.31,12.14,11.54,9.98,9.57,8.74,9.58,9.53,9.92,10.06,9.1,8.53,8.59,7.66,8.09,7.62,7.83,8.04,8.39,8.53,8.24,9.14,10.08,13.0,17.3,17.46,18.52
TJK,Tajikistan,Climate Watch,Total including LUCF,All GHG,MtCO₂e,18.3,17.86,17.59,17.07,15.71,14.31,13.18,11.74,11.14,9.58,9.17,8.34,9.23,9.18,9.57,9.71,8.75,8.18,8.24,7.31,7.74,7.27,7.86,8.07,8.42,8.56,8.28,9.17,10.11,13.03,17.34,17.5,18.56
TJK,Tajikistan,Climate Watch,Energy,All GHG,MtCO₂e,8.08,7.88,7.72,7.34,6.63,5.62,5.16,4.44,4.24,3.15,3.02,2.5,2.39,2.39,3.07,3.23,2.68,2.48,2.64,2.31,2.27,2.36,2.39,2.71,2.89,2.74,2.46,2.9,3.55,6.13,8.67,11.43,12.32
TJK,Tajikistan,Climate Watch,Industrial Processes,All GHG,MtCO₂e,2.61,2.55,2.51,2.49,2.3,1.94,1.39,1.1,0.99,0.63,0.59,0.61,1.01,1.05,1.15,1.79,1.57,1.5,1.65,1.28,1.88,1.45,1.7,1.57,1.46,1.56,1.54,1.82,1.96,2.21,3.53,0.33,0.35
TJK,Tajikistan,Climate Watch,Agriculture,All GHG,MtCO₂e,7.57,7.39,7.33,7.21,6.75,6.73,6.62,6.46,6.19,6.08,5.85,5.52,5.38,5.29,4.93,4.27,4.12,3.82,3.58,3.37,3.27,3.15,3.1,3.12,3.18,3.37,3.39,3.58,3.73,3.8,4.21,4.73,4.9
TJK,Tajikistan,Climate Watch,Waste,All GHG,MtCO₂e,0.17,0.17,0.16,0.16,0.16,0.15,0.14,0.13,0.13,0.12,0.11,0.11,0.8,0.8,0.76,0.76,0.73,0.73,0.73,0.7,0.67,0.67,0.64,0.64,0.86,0.86,0.86,0.83,0.83,0.86,0.89,0.97,0.97
TJK,Tajikistan,Climate Watch,Land-Use Change and Forestry,All GHG,MtCO₂e,-0.13,-0.13,-0.13,-0.13,-0.13,-0.13,-0.13,-0.4,-0.4,-0.4,-0.4,-0.4,-0.35,-0.35,-0.35,-0.35,-0.35,-0.35,-0.35,-0.35,-0.35,-0.35,0.03,0.03,0.03,0.03,0.04,0.03,0.03,0.03,0.03,0.03,0.03
TJK,Tajikistan,Climate Watch,Bunker Fuels,All GHG,MtCO₂e,0.19,0.05,0.08,0.13,0.09,0.06,0.1,0.14,0.19,0.11,0.1,0.1,0.09,0.08,0.08,0.07,0.06,0.03,0.02,0.01,0.02,0.01,0.01,0.02,0.02,0.02,0.02,0.02,0.02,0.05,0.05,0.05,0.05
TJK,Tajikistan,Climate Watch,Electricity/Heat,All GHG,MtCO₂e,1.8,1.81,2.08,1.86,1.5,0.98,0.53,0.29,0.22,0.07,0.05,0.04,0.04,0.08,0.2,0.31,0.59,0.59,0.59,0.51,0.47,0.55,0.57,0.7,0.7,0.7,0.59,0.57,0.72,1.29,1.69,1.54,1.54
TJK,Tajikistan,Climate Watch,Building,All GHG,MtCO₂e,1.12,1.14,1.02,0.85,0.88,0.91,0.94,N/A,N/A,N/A,N/A,N/A,N/A,N/A,N/A,N/A,N/A,N/A,N/A,N/A,N/A,N/A,N/A,N/A,N/A,N/A,N/A,N/A,N/A,N/A,N/A,N/A,N/A
TJK,Tajikistan,Climate Watch,Manufacturing/Construction,All GHG,MtCO₂e,1.36,1.41,1.32,1.62,1.59,1.18,0.75,0.06,0.05,0.07,0.1,N/A,N/A,N/A,N/A,N/A,N/A,N/A,N/A,N/A,N/A,N/A,N/A,N/A,N/A,N/A,N/A,N/A,N/A,N/A,N/A,N/A,N/A
TJK,Tajikistan,Climate Watch,Transportation,All GHG,MtCO₂e,2.27,1.9,1.73,1.39,1.25,1.21,1.32,1.36,1.57,0.93,0.9,0.3,0.28,0.25,0.26,0.26,0.17,0.13,0.14,0.1,0.13,0.09,0.04,0.06,0.12,0.14,0.14,0.19,0.2,0.3,0.38,0.76,0.76
TJK,Tajikistan,Climate Watch,Other Fuel Combustion,All GHG,MtCO₂e,1.21,1.3,1.25,1.31,1.11,1.08,1.42,2.58,2.25,1.99,1.89,2.12,2.02,2.01,2.52,2.57,1.81,1.65,1.8,1.5,1.51,1.48,1.58,1.78,1.96,1.68,1.51,1.73,2.04,3.48,5.49,7.99,8.86
TJK,Tajikistan,Climate Watch,Fugitive Emissions,All GHG,MtCO₂e,0.32,0.32,0.31,0.31,0.29,0.26,0.2,0.15,0.15,0.09,0.08,0.06,0.06,0.06,0.08,0.08,0.11,0.11,0.11,0.2,0.17,0.22,0.2,0.17,0.11,0.22,0.22,0.42,0.59,1.06,1.11,1.15,1.18
TKM,Turkmenistan,Climate Watch,Total excluding LUCF,All GHG,MtCO₂e,227.05,218.44,204.84,244.53,212.12,208.21,204.84,211.63,202.81,205.84,196.94,188.13,156.03,140.37,185.13,178.05,164.12,164.35,159.65,151.9,135.07,125.49,122.28,96.06,76.42,73.94,89.94,92.19,91.6,114.13,103.97,149.53,157.79
TKM,Turkmenistan,Climate Watch,Total including LUCF,All GHG,MtCO₂e,227.05,218.44,204.84,244.53,212.12,208.21,204.84,211.63,202.81,205.84,196.94,188.13,155.86,140.2,184.96,177.88,163.95,164.19,159.49,151.73,134.9,125.33,122.28,96.07,76.42,73.94,89.94,92.19,91.6,114.13,103.97,149.53,157.79
TKM,Turkmenistan,Climate Watch,Energy,All GHG,MtCO₂e,211.31,203.32,189.27,229.79,197.26,193.18,189.84,196.54,188.57,192.09,183.89,175.8,143.29,127.82,172.2,166.11,151.64,152.86,148.88,141.86,126.28,117.84,115.18,89.72,70.73,67.95,83.48,85.83,85.27,108.2,98.87,142.79,150.87
TKM,Turkmenistan,Climate Watch,Industrial Processes,All GHG,MtCO₂e,1.95,1.9,1.85,2.01,2.09,2.4,2.33,2.22,1.95,1.71,1.66,1.49,1.19,1.14,1.05,0.92,0.87,0.67,0.5,0.45,0.43,0.38,0.36,0.35,0.35,0.41,0.41,0.4,0.52,0.69,0.65,0.2,0.18
TKM,Turkmenistan,Climate Watch,Agriculture,All GHG,MtCO₂e,13.09,12.52,13.04,12.06,12.11,11.98,12.03,12.24,11.67,11.43,10.8,10.26,10.47,10.32,10.77,9.9,10.45,9.66,9.08,8.55,7.46,6.54,6.15,5.36,4.66,4.85,5.28,5.15,4.95,4.82,4.03,6.13,6.34
TKM,Turkmenistan,Climate Watch,Waste,All GHG,MtCO₂e,0.7,0.69,0.68,0.67,0.66,0.65,0.64,0.62,0.61,0.6,0.59,0.57,1.07,1.09,1.11,1.13,1.15,1.17,1.19,1.04,0.89,0.74,0.59,0.64,0.68,0.73,0.77,0.82,0.86,0.42,0.41,0.4,0.39
TKM,Turkmenistan,Climate Watch,Land-Use Change and Forestry,All GHG,MtCO₂e,0.0,0.0,0.0,0.0,0.0,0.0,0.0,0.0,0.0,0.0,0.0,0.0,-0.17,-0.17,-0.17,-0.17,-0.17,-0.17,-0.17,-0.17,-0.17,-0.17,0.0,0.0,0.0,0.0,0.0,0.0,0.0,0.0,0.0,0.0,0.0
TKM,Turkmenistan,Climate Watch,Bunker Fuels,All GHG,MtCO₂e,0.22,0.08,0.2,0.89,1.03,0.9,0.94,1.35,1.46,1.41,1.29,1.49,1.64,1.49,1.43,1.36,1.27,1.36,1.3,1.3,1.14,1.0,0.99,1.01,0.93,0.79,0.7,0.62,0.67,0.68,0.93,1.03,0.77
TKM,Turkmenistan,Climate Watch,Electricity/Heat,All GHG,MtCO₂e,31.14,27.07,23.28,25.28,26.94,25.85,21.59,21.05,19.34,20.42,22.04,22.32,21.6,18.74,22.29,21.11,19.37,18.62,17.35,16.0,15.32,14.98,14.14,11.42,9.36,9.83,9.6,11.83,11.23,8.31,5.91,11.69,13.08
TKM,Turkmenistan,Climate Watch,Building,All GHG,MtCO₂e,24.48,23.97,22.36,18.2,18.6,16.3,16.5,16.71,13.26,14.21,15.69,15.99,15.39,13.38,13.5,14.38,10.79,10.21,10.06,9.01,7.27,7.37,7.67,11.58,9.85,10.19,8.61,11.22,10.5,4.78,2.77,7.35,8.69
TKM,Turkmenistan,Climate Watch,Manufacturing/Construction,All GHG,MtCO₂e,15.82,15.51,1.25,1.01,1.03,0.9,0.91,0.92,0.73,1.14,1.78,1.89,1.53,1.48,1.05,0.8,0.82,0.78,0.81,0.59,0.38,0.53,0.65,0.64,0.52,0.55,0.54,0.67,0.64,0.47,0.33,0.66,0.73
TKM,Turkmenistan,Climate Watch,Transportation,All GHG,MtCO₂e,11.29,11.09,10.93,11.14,11.23,11.56,11.2,11.51,12.36,11.3,10.56,10.14,8.43,7.37,9.68,9.72,8.85,8.9,8.4,8.32,7.67,6.71,6.6,4.24,3.34,2.74,4.56,4.05,4.32,7.16,6.97,8.89,9.93
TKM,Turkmenistan,Climate Watch,Other Fuel Combustion,All GHG,MtCO₂e,12.64,12.09,11.83,11.5,10.79,11.1,10.54,11.15,11.3,11.44,11.52,11.05,10.28,9.25,10.22,10.26,9.67,9.88,10.22,9.85,8.77,7.89,7.79,7.89,7.5,6.58,6.34,5.63,6.05,5.6,11.86,9.4,12.45
TKM,Turkmenistan,Climate Watch,Fugitive Emissions,All GHG,MtCO₂e,115.94,113.59,119.62,162.66,128.67,127.46,129.1,135.2,131.59,133.59,122.29,114.41,86.06,77.59,115.46,109.84,102.14,104.46,102.04,98.09,86.87,80.35,78.33,53.95,40.15,38.05,53.82,52.43,52.54,81.89,71.04,104.8,105.98
TLS,East Timor,Climate Watch,Total excluding LUCF,All GHG,MtCO₂e,3.23,4.71,5.09,4.79,4.76,4.71,5.04,5.88,5.14,5.5,5.63,5.42,5.41,5.86,5.9,5.28,4.8,2.48,0.99,1.99,2.46,2.02,1.4,0.79,0.8,0.71,0.71,0.68,0.66,0.58,0.54,0.54,0.47
TLS,East Timor,Climate Watch,Total including LUCF,All GHG,MtCO₂e,3.7,5.18,5.57,5.27,5.23,5.18,5.51,6.35,5.62,5.96,6.1,5.88,5.88,6.33,6.37,5.75,5.28,2.96,1.47,2.46,2.95,2.49,1.86,1.26,1.26,1.18,1.17,1.15,1.13,1.05,1.01,1.02,0.94
TLS,East Timor,Climate Watch,Energy,All GHG,MtCO₂e,2.12,3.67,4.02,3.61,3.73,3.65,4.0,4.82,4.16,4.54,4.62,4.48,4.48,4.91,4.92,4.36,3.85,1.58,0.21,1.08,1.55,1.12,0.7,0.18,0.06,0.0,0.0,0.0,0.0,0.0,0.0,0.0,0.0
TLS,East Timor,Climate Watch,Industrial Processes,All GHG,MtCO₂e,0.01,0.01,0.01,0.01,0.01,0.01,0.01,0.01,0.01,0.01,0.01,0.01,0.0,0.0,0.0,0.0,0.0,0.0,0.0,0.0,0.0,0.0,0.0,0.0,0.0,0.0,0.0,0.0,0.0,0.0,0.0,0.0,0.0
TLS,East Timor,Climate Watch,Agriculture,All GHG,MtCO₂e,1.06,0.99,1.01,1.12,0.98,1.01,0.99,1.01,0.93,0.91,0.97,0.9,0.89,0.92,0.94,0.89,0.91,0.87,0.75,0.88,0.88,0.87,0.66,0.59,0.71,0.68,0.68,0.66,0.63,0.55,0.52,0.52,0.45
TLS,East Timor,Climate Watch,Waste,All GHG,MtCO₂e,0.05,0.05,0.04,0.04,0.04,0.04,0.04,0.04,0.04,0.04,0.04,0.04,0.04,0.04,0.03,0.03,0.03,0.03,0.03,0.03,0.03,0.03,0.03,0.03,0.03,0.03,0.03,0.02,0.02,0.02,0.02,0.02,0.02
TLS,East Timor,Climate Watch,Land-Use Change and Forestry,All GHG,MtCO₂e,0.46,0.46,0.48,0.48,0.47,0.47,0.46,0.47,0.48,0.46,0.47,0.47,0.46,0.47,0.47,0.47,0.48,0.47,0.48,0.46,0.49,0.47,0.46,0.47,0.46,0.48,0.46,0.47,0.47,0.47,0.47,0.47,0.47
TLS,East Timor,Climate Watch,Bunker Fuels,All GHG,MtCO₂e,0.01,0.01,0.01,0.01,0.01,0.01,0.01,0.01,0.01,0.01,0.01,0.01,0.01,0.01,0.01,0.01,0.01,0.01,0.01,0.01,0.01,N/A,N/A,N/A,N/A,N/A,N/A,N/A,N/A,N/A,N/A,N/A,N/A
TLS,East Timor,Climate Watch,Electricity/Heat,All GHG,MtCO₂e,0.31,0.32,0.29,0.31,0.21,0.26,0.17,0.21,0.21,0.18,0.11,0.12,0.12,0.12,0.1,0.08,0.07,0.07,0.06,0.06,0.06,N/A,N/A,N/A,N/A,N/A,N/A,N/A,N/A,N/A,N/A,N/A,N/A
TLS,East Timor,Climate Watch,Transportation,All GHG,MtCO₂e,0.25,0.26,0.3,0.31,0.3,0.3,0.35,0.23,0.24,0.18,0.19,0.13,0.12,0.12,0.11,0.11,0.12,0.12,0.12,0.1,0.11,N/A,N/A,N/A,N/A,N/A,N/A,N/A,N/A,N/A,N/A,N/A,N/A
TLS,East Timor,Climate Watch,Other Fuel Combustion,All GHG,MtCO₂e,0.0,0.0,0.0,0.0,0.01,0.01,0.0,0.0,0.0,0.0,N/A,N/A,N/A,N/A,N/A,N/A,N/A,N/A,N/A,N/A,N/A,N/A,N/A,N/A,N/A,N/A,N/A,N/A,N/A,N/A,N/A,N/A,N/A
TLS,East Timor,Climate Watch,Fugitive Emissions,All GHG,MtCO₂e,1.55,3.08,3.42,2.99,3.22,3.09,3.48,4.38,3.71,4.18,4.32,4.22,4.24,4.67,4.71,4.17,3.67,1.4,0.02,0.91,1.38,1.01,0.48,0.02,0.0,0.0,0.0,0.0,0.0,0.0,0.0,0.0,0.0
TON,Tonga,Climate Watch,Total excluding LUCF,All GHG,MtCO₂e,0.3,0.3,0.3,0.27,0.24,0.24,0.23,0.22,0.22,0.22,0.22,0.21,0.22,0.24,0.23,0.23,0.26,0.25,0.25,0.26,0.24,0.23,0.24,0.26,0.24,0.25,0.24,0.27,0.27,0.19,0.19,0.2,0.19
TON,Tonga,Climate Watch,Total including LUCF,All GHG,MtCO₂e,0.3,0.3,0.3,0.27,0.24,0.24,0.23,0.22,0.22,0.22,0.22,0.21,0.22,0.24,0.23,0.23,0.26,0.25,0.25,0.26,0.24,0.23,0.24,0.26,0.24,0.25,0.24,0.27,0.27,0.19,0.19,0.2,0.19
TON,Tonga,Climate Watch,Energy,All GHG,MtCO₂e,0.18,0.19,0.19,0.16,0.13,0.13,0.12,0.11,0.11,0.11,0.11,0.11,0.12,0.14,0.13,0.12,0.13,0.12,0.12,0.12,0.1,0.09,0.1,0.11,0.09,0.09,0.08,0.1,0.09,0.09,0.08,0.09,0.08
TON,Tonga,Climate Watch,Industrial Processes,All GHG,MtCO₂e,0.0,0.0,0.0,0.0,0.0,0.0,0.0,0.0,0.0,0.0,0.0,0.0,0.0,0.0,0.0,0.0,0.0,0.0,0.0,0.0,0.0,0.0,0.0,0.0,0.0,0.0,0.0,0.0,0.0,0.0,0.0,0.0,0.0
TON,Tonga,Climate Watch,Agriculture,All GHG,MtCO₂e,0.08,0.08,0.08,0.08,0.08,0.08,0.08,0.08,0.08,0.08,0.08,0.08,0.08,0.08,0.08,0.08,0.08,0.08,0.08,0.08,0.08,0.08,0.08,0.08,0.07,0.07,0.07,0.07,0.08,0.08,0.08,0.08,0.08
TON,Tonga,Climate Watch,Waste,All GHG,MtCO₂e,0.02,0.02,0.02,0.02,0.02,0.02,0.03,0.03,0.03,0.03,0.03,0.03,0.03,0.03,0.03,0.03,0.05,0.05,0.05,0.05,0.05,0.06,0.06,0.07,0.07,0.08,0.09,0.09,0.1,0.03,0.03,0.03,0.03
TON,Tonga,Climate Watch,Land-Use Change and Forestry,All GHG,MtCO₂e,0.0,0.0,0.0,0.0,0.0,0.0,0.0,0.0,0.0,0.0,0.0,0.0,0.0,0.0,0.0,0.0,0.0,0.0,0.0,0.0,0.0,0.0,0.0,0.0,0.0,0.0,0.0,0.0,0.0,0.0,0.0,0.0,0.0
TON,Tonga,Climate Watch,Bunker Fuels,All GHG,MtCO₂e,0.0,0.0,0.0,0.0,0.01,0.02,0.01,0.02,0.01,0.0,0.01,0.01,0.01,0.0,0.0,0.0,0.01,0.01,0.0,0.0,0.0,0.0,0.0,0.01,0.01,0.01,0.01,0.01,0.0,0.0,0.01,0.01,0.02
TON,Tonga,Climate Watch,Electricity/Heat,All GHG,MtCO₂e,0.04,0.04,0.04,0.04,0.04,0.04,0.04,0.04,0.04,0.04,0.04,0.03,0.03,0.04,0.03,0.03,0.03,0.03,0.03,0.03,0.03,0.03,0.03,0.02,0.02,0.02,0.02,0.02,0.02,0.02,0.02,0.02,0.02
TON,Tonga,Climate Watch,Building,All GHG,MtCO₂e,0.01,0.01,0.01,0.01,0.01,0.01,0.01,0.01,0.01,0.01,0.01,0.01,0.01,0.02,0.01,0.01,0.01,0.01,0.01,0.01,0.01,0.01,0.02,0.02,0.02,0.01,0.01,0.01,0.01,0.01,0.01,0.01,0.01
TON,Tonga,Climate Watch,Transportation,All GHG,MtCO₂e,0.13,0.14,0.14,0.11,0.08,0.09,0.08,0.07,0.07,0.07,0.07,0.07,0.07,0.09,0.08,0.08,0.09,0.08,0.07,0.08,0.07,0.06,0.06,0.07,0.06,0.07,0.05,0.07,0.07,0.06,0.05,0.07,0.06
TON,Tonga,Climate Watch,Other Fuel Combustion,All GHG,MtCO₂e,N/A,N/A,N/A,N/A,N/A,N/A,N/A,N/A,N/A,N/A,N/A,N/A,0.0,0.0,N/A,N/A,N/A,N/A,N/A,N/A,N/A,N/A,N/A,N/A,N/A,N/A,N/A,N/A,N/A,N/A,N/A,N/A,N/A
TON,Tonga,Climate Watch,Fugitive Emissions,All GHG,MtCO₂e,0.0,0.0,0.0,0.0,0.0,0.0,0.0,0.0,0.0,0.0,0.0,0.0,0.0,0.0,0.0,0.0,0.0,0.0,0.0,0.0,0.0,0.0,0.0,0.0,0.0,0.0,0.0,0.0,0.0,0.0,0.0,0.0,0.0
TTO,Trinidad and Tobago,Climate Watch,Total excluding LUCF,All GHG,MtCO₂e,24.03,23.05,25.16,27.46,27.91,28.17,28.07,31.75,32.72,32.82,31.89,32.63,31.79,28.73,29.7,29.89,29.29,25.83,23.57,22.47,18.6,16.75,15.02,14.25,13.87,13.7,13.4,12.38,12.86,16.92,21.81,22.09,22.66
TTO,Trinidad and Tobago,Climate Watch,Total including LUCF,All GHG,MtCO₂e,24.15,23.18,25.29,27.59,28.04,28.3,28.2,31.86,32.83,32.93,32.0,32.74,31.94,28.87,29.84,30.02,29.42,25.96,23.71,22.61,18.73,16.88,15.11,14.34,13.96,13.78,13.49,12.46,12.94,17.0,21.9,22.17,22.75
TTO,Trinidad and Tobago,Climate Watch,Energy,All GHG,MtCO₂e,18.48,17.69,20.03,22.47,23.06,23.48,23.51,27.3,28.49,28.8,28.2,28.85,28.1,25.63,26.8,27.2,26.83,23.61,21.55,20.61,16.87,15.3,13.7,12.99,12.65,12.44,12.16,11.2,11.69,15.75,20.7,20.89,21.06
TTO,Trinidad and Tobago,Climate Watch,Industrial Processes,All GHG,MtCO₂e,4.86,4.67,4.44,4.3,4.14,3.99,3.85,3.74,3.53,3.31,3.0,3.1,3.03,2.45,2.26,2.06,1.84,1.6,1.41,1.27,1.12,0.88,0.74,0.71,0.67,0.69,0.66,0.63,0.62,0.62,0.56,0.63,0.6
TTO,Trinidad and Tobago,Climate Watch,Agriculture,All GHG,MtCO₂e,0.26,0.26,0.27,0.26,0.28,0.28,0.28,0.29,0.28,0.28,0.27,0.27,0.26,0.26,0.25,0.25,0.25,0.25,0.25,0.23,0.26,0.21,0.23,0.21,0.21,0.22,0.23,0.2,0.2,0.21,0.22,0.23,0.23
TTO,Trinidad and Tobago,Climate Watch,Waste,All GHG,MtCO₂e,0.43,0.43,0.43,0.43,0.43,0.42,0.42,0.42,0.42,0.42,0.42,0.41,0.4,0.39,0.38,0.37,0.36,0.36,0.36,0.36,0.35,0.35,0.35,0.35,0.34,0.34,0.34,0.34,0.34,0.34,0.34,0.33,0.77
TTO,Trinidad and Tobago,Climate Watch,Land-Use Change and Forestry,All GHG,MtCO₂e,0.13,0.13,0.13,0.13,0.13,0.13,0.13,0.11,0.11,0.11,0.11,0.11,0.14,0.14,0.14,0.14,0.14,0.14,0.14,0.14,0.14,0.14,0.09,0.09,0.09,0.09,0.09,0.08,0.08,0.08,0.08,0.08,0.08
TTO,Trinidad and Tobago,Climate Watch,Bunker Fuels,All GHG,MtCO₂e,0.49,0.56,0.52,0.75,1.92,2.37,3.0,2.36,2.09,2.54,1.93,2.16,1.94,2.6,2.66,2.71,2.68,2.72,3.22,2.21,2.15,1.58,1.55,1.34,0.23,0.22,0.2,0.34,0.32,0.34,0.37,0.29,0.31
TTO,Trinidad and Tobago,Climate Watch,Electricity/Heat,All GHG,MtCO₂e,8.92,8.54,10.44,11.47,12.37,12.12,12.24,13.9,14.09,14.55,13.86,14.72,14.0,12.38,12.91,13.0,13.6,11.38,10.6,10.13,7.58,6.48,5.62,5.87,5.97,5.66,5.32,5.15,5.23,5.23,5.32,5.02,4.72
TTO,Trinidad and Tobago,Climate Watch,Building,All GHG,MtCO₂e,0.41,0.44,0.44,0.38,0.39,0.39,0.39,0.43,0.41,0.42,0.34,0.39,0.43,0.5,0.47,0.46,0.46,0.43,0.46,0.47,0.53,0.49,0.5,0.19,0.2,0.19,0.16,0.17,0.2,0.21,0.21,0.16,0.16
TTO,Trinidad and Tobago,Climate Watch,Manufacturing/Construction,All GHG,MtCO₂e,1.85,1.91,1.72,2.04,1.96,2.11,2.06,2.93,3.42,3.41,3.37,3.28,3.37,2.58,3.04,3.59,2.73,3.1,2.64,2.74,2.48,2.56,2.01,1.87,1.78,1.78,1.65,1.53,1.38,1.2,1.27,1.24,1.71
TTO,Trinidad and Tobago,Climate Watch,Transportation,All GHG,MtCO₂e,2.61,2.28,2.36,2.84,2.56,3.12,3.1,3.45,3.43,3.05,3.19,3.26,3.28,3.12,3.07,2.84,2.69,2.2,2.1,1.73,1.73,1.68,1.68,1.61,1.6,1.55,1.42,1.37,1.32,1.25,1.4,1.46,1.39
TTO,Trinidad and Tobago,Climate Watch,Other Fuel Combustion,All GHG,MtCO₂e,N/A,N/A,N/A,N/A,N/A,N/A,N/A,N/A,N/A,N/A,N/A,N/A,N/A,N/A,N/A,N/A,N/A,N/A,N/A,N/A,N/A,N/A,N/A,N/A,N/A,N/A,N/A,N/A,N/A,0.04,0.04,N/A,N/A
TTO,Trinidad and Tobago,Climate Watch,Fugitive Emissions,All GHG,MtCO₂e,4.68,4.53,5.07,5.74,5.78,5.74,5.71,6.59,7.13,7.37,7.43,7.2,7.01,7.05,7.31,7.32,7.34,6.5,5.74,5.54,4.54,4.09,3.88,3.44,3.11,3.26,3.6,2.98,3.57,7.82,12.46,13.01,13.1
TUN,Tunisia,Climate Watch,Total excluding LUCF,All GHG,MtCO₂e,44.03,44.9,42.98,43.4,43.88,43.54,43.02,44.01,44.19,42.65,41.97,39.5,41.01,38.78,38.32,37.93,36.07,34.87,34.13,32.52,32.43,32.19,31.22,30.08,29.02,27.67,27.24,25.69,25.46,25.95,25.55,24.05,23.38
TUN,Tunisia,Climate Watch,Total including LUCF,All GHG,MtCO₂e,40.26,41.12,39.2,39.61,40.09,39.78,39.24,47.89,48.07,46.54,45.85,43.39,39.7,37.47,37.01,36.62,34.76,33.56,32.82,31.22,31.12,30.88,30.31,29.16,28.1,26.75,26.33,24.78,24.55,25.04,24.64,23.14,22.47
TUN,Tunisia,Climate Watch,Energy,All GHG,MtCO₂e,29.56,30.1,28.18,29.42,29.57,29.54,28.96,29.87,29.85,28.57,28.69,26.96,27.71,25.73,25.62,25.27,23.92,23.03,22.49,21.61,21.9,21.81,21.0,20.41,19.42,18.54,17.94,17.17,16.98,17.37,17.59,16.18,15.9
TUN,Tunisia,Climate Watch,Industrial Processes,All GHG,MtCO₂e,5.54,5.76,6.06,5.26,5.68,5.43,5.47,5.66,5.9,5.86,4.95,4.25,5.11,4.85,4.78,4.61,4.34,4.18,4.23,3.73,3.45,3.36,3.32,3.04,3.3,3.24,3.34,3.27,3.33,3.31,3.11,3.2,3.14
TUN,Tunisia,Climate Watch,Agriculture,All GHG,MtCO₂e,4.53,4.7,4.48,4.51,4.5,4.52,4.61,4.56,4.61,4.48,4.66,4.71,4.69,4.8,4.62,4.84,4.71,4.66,4.52,4.41,4.42,4.49,4.51,4.4,4.26,4.02,4.27,3.74,3.81,4.14,3.95,4.0,3.68
TUN,Tunisia,Climate Watch,Waste,All GHG,MtCO₂e,4.4,4.34,4.27,4.2,4.13,4.06,3.98,3.91,3.83,3.75,3.67,3.58,3.49,3.4,3.31,3.21,3.1,3.0,2.89,2.77,2.65,2.53,2.39,2.22,2.04,1.87,1.69,1.52,1.34,1.13,0.9,0.67,0.66
TUN,Tunisia,Climate Watch,Land-Use Change and Forestry,All GHG,MtCO₂e,-3.78,-3.78,-3.78,-3.78,-3.79,-3.76,-3.79,3.88,3.89,3.89,3.88,3.88,-1.31,-1.31,-1.31,-1.31,-1.31,-1.31,-1.31,-1.31,-1.31,-1.31,-0.91,-0.92,-0.92,-0.92,-0.92,-0.92,-0.92,-0.92,-0.92,-0.92,-0.92
TUN,Tunisia,Climate Watch,Bunker Fuels,All GHG,MtCO₂e,0.69,0.43,0.34,0.97,0.92,0.81,0.68,0.64,0.87,0.92,0.92,0.77,0.8,0.64,0.83,0.75,0.72,0.72,0.77,0.68,0.73,0.88,0.93,1.05,1.0,0.94,0.84,0.82,0.87,0.76,0.68,0.52,0.65
TUN,Tunisia,Climate Watch,Electricity/Heat,All GHG,MtCO₂e,9.18,9.88,9.67,9.85,9.48,9.29,9.14,9.73,9.71,9.26,9.1,8.33,8.45,7.63,7.27,7.2,6.67,6.17,5.91,5.75,6.92,6.9,6.33,6.22,5.77,5.4,5.01,4.75,4.77,4.71,4.65,4.41,4.01
TUN,Tunisia,Climate Watch,Building,All GHG,MtCO₂e,3.86,3.77,3.65,3.76,3.7,3.61,3.44,3.48,3.38,3.36,3.2,3.14,3.15,3.39,3.93,3.86,3.79,3.95,3.88,3.63,3.54,3.45,3.35,3.28,3.17,3.13,2.99,2.85,2.71,2.68,2.37,2.29,2.15
TUN,Tunisia,Climate Watch,Manufacturing/Construction,All GHG,MtCO₂e,4.83,4.85,4.44,4.93,4.9,5.19,5.2,5.36,5.36,4.8,4.67,4.24,4.63,4.43,5.04,5.03,5.02,4.58,4.64,4.41,3.67,3.73,3.63,3.32,3.31,3.16,3.15,2.93,2.91,3.09,3.42,3.09,3.4
TUN,Tunisia,Climate Watch,Transportation,All GHG,MtCO₂e,8.28,8.13,7.24,7.47,7.78,7.76,7.22,6.86,6.46,6.18,6.48,6.52,6.99,5.83,4.75,4.9,4.65,4.68,4.51,4.47,4.33,4.22,4.11,3.92,3.69,3.58,3.39,3.26,3.16,3.02,2.69,2.62,2.55
TUN,Tunisia,Climate Watch,Other Fuel Combustion,All GHG,MtCO₂e,1.23,1.26,1.19,1.26,1.31,1.29,1.19,1.16,1.11,1.04,1.01,0.99,1.06,1.07,1.14,1.04,1.04,1.08,1.06,1.02,0.97,1.08,1.05,0.97,0.95,0.9,0.96,0.94,0.91,0.83,0.77,0.73,0.69
TUN,Tunisia,Climate Watch,Fugitive Emissions,All GHG,MtCO₂e,2.18,2.22,1.99,2.15,2.4,2.39,2.76,3.27,3.83,3.95,4.23,3.73,3.42,3.38,3.49,3.24,2.74,2.57,2.49,2.34,2.47,2.43,2.52,2.71,2.54,2.36,2.45,2.44,2.53,3.03,3.68,3.04,3.11
TUR,Turkey,Climate Watch,Total excluding LUCF,All GHG,MtCO₂e,523.53,541.39,503.6,491.94,502.54,500.95,462.06,434.03,426.52,401.24,410.14,394.44,371.41,361.34,358.74,361.13,330.88,302.4,289.5,283.62,272.41,262.15,284.03,259.94,260.01,259.13,250.17,232.49,217.88,222.81,216.32,208.75,206.52
TUR,Turkey,Climate Watch,Total including LUCF,All GHG,MtCO₂e,494.89,512.9,474.98,463.31,473.89,472.31,433.41,374.36,366.85,341.57,350.48,334.78,328.45,318.38,315.8,318.18,287.93,259.44,246.54,240.66,229.45,219.18,267.09,243.01,243.08,242.19,233.24,215.56,200.95,205.88,199.39,191.83,189.59
TUR,Turkey,Climate Watch,Energy,All GHG,MtCO₂e,404.2,415.79,379.21,380.79,386.95,390.14,352.47,328.98,322.37,298.59,313.15,301.44,281.57,274.95,276.15,279.51,251.32,226.53,217.32,213.14,202.81,193.15,212.62,188.99,188.42,188.21,180.07,163.29,149.43,152.06,146.19,141.35,138.61
TUR,Turkey,Climate Watch,Industrial Processes,All GHG,MtCO₂e,49.34,53.38,49.31,40.03,46.26,45.94,43.88,40.76,41.33,40.27,37.58,36.89,34.98,30.61,28.52,26.33,24.14,21.91,19.22,17.77,17.11,16.42,16.49,15.95,16.7,16.54,16.06,15.5,14.59,14.46,14.69,13.36,11.88
TUR,Turkey,Climate Watch,Agriculture,All GHG,MtCO₂e,54.05,56.35,57.37,53.61,51.24,47.17,47.5,45.63,44.83,44.21,40.2,36.7,35.83,37.01,35.33,36.68,37.05,36.07,35.42,35.73,35.91,36.5,39.34,39.9,40.3,40.19,40.36,40.35,40.89,43.61,43.03,41.85,44.09
TUR,Turkey,Climate Watch,Waste,All GHG,MtCO₂e,15.94,15.88,17.71,17.51,18.09,17.69,18.2,18.66,17.99,18.16,19.21,19.41,19.04,18.76,18.74,18.61,18.36,17.89,17.54,16.98,16.58,16.08,15.57,15.1,14.59,14.19,13.67,13.34,12.97,12.68,12.42,12.19,11.94
TUR,Turkey,Climate Watch,Land-Use Change and Forestry,All GHG,MtCO₂e,-28.65,-28.49,-28.62,-28.62,-28.65,-28.64,-28.65,-59.67,-59.67,-59.67,-59.66,-59.66,-42.96,-42.96,-42.93,-42.95,-42.95,-42.96,-42.96,-42.96,-42.96,-42.96,-16.94,-16.93,-16.93,-16.93,-16.93,-16.93,-16.93,-16.93,-16.93,-16.93,-16.93
TUR,Turkey,Climate Watch,Bunker Fuels,All GHG,MtCO₂e,14.0,9.93,7.36,16.15,14.38,13.41,13.12,13.47,11.1,6.95,3.7,3.99,4.84,5.16,6.03,6.16,6.08,6.65,6.09,4.68,4.29,2.31,2.85,2.38,2.0,1.85,1.38,1.38,1.13,1.27,1.14,1.13,0.92
TUR,Turkey,Climate Watch,Electricity/Heat,All GHG,MtCO₂e,154.99,158.81,143.09,149.83,159.56,158.99,146.97,134.21,138.99,121.32,127.26,123.46,113.05,112.51,114.5,106.95,90.44,81.37,73.92,72.5,71.75,76.82,75.19,72.12,67.86,63.39,57.83,52.01,50.72,45.23,44.85,41.61,39.56
TUR,Turkey,Climate Watch,Building,All GHG,MtCO₂e,62.72,62.84,62.45,57.96,51.51,60.92,56.05,55.19,50.4,52.06,57.76,55.38,52.31,53.01,54.9,41.32,38.37,36.67,33.26,30.69,26.91,25.13,28.53,26.64,27.6,31.0,29.52,29.21,24.55,28.78,29.72,27.34,26.81
TUR,Turkey,Climate Watch,Manufacturing/Construction,All GHG,MtCO₂e,74.21,81.73,73.61,67.39,73.01,69.04,51.27,50.8,48.17,46.66,54.32,52.3,48.91,41.81,37.71,63.26,63.41,55.22,58.9,60.24,53.34,42.61,58.31,41.55,47.23,45.73,42.27,33.84,30.47,33.31,33.31,34.74,32.91
TUR,Turkey,Climate Watch,Transportation,All GHG,MtCO₂e,91.83,91.14,80.34,85.09,84.92,84.38,80.62,73.88,62.12,58.38,52.08,44.9,44.28,45.17,45.58,48.39,42.53,37.73,36.49,35.88,35.85,34.06,35.55,34.11,32.5,35.17,37.86,36.02,32.07,33.02,27.76,27.18,28.5
TUR,Turkey,Climate Watch,Other Fuel Combustion,All GHG,MtCO₂e,10.08,10.09,10.32,9.89,9.56,9.5,8.11,8.91,11.41,10.78,11.37,15.4,13.95,13.46,14.14,10.79,9.85,9.22,9.14,8.13,9.01,8.25,8.28,8.28,8.05,8.13,8.19,7.86,7.29,7.26,6.0,5.87,5.94
TUR,Turkey,Climate Watch,Fugitive Emissions,All GHG,MtCO₂e,10.37,11.18,9.4,10.64,8.39,7.33,9.45,5.98,11.28,9.4,10.37,10.01,9.07,8.99,9.32,8.81,6.72,6.32,5.62,5.7,5.95,6.29,6.77,6.28,5.18,4.79,4.4,4.36,4.33,4.46,4.56,4.61,4.89
TUV,Tuvalu,Climate Watch,Total excluding LUCF,All GHG,MtCO₂e,0.02,0.02,0.02,0.02,0.02,0.02,0.02,0.02,0.02,0.02,0.02,0.02,0.02,0.02,0.02,0.02,0.02,0.02,0.02,0.02,0.02,0.02,0.01,0.01,0.02,0.01,0.01,0.01,0.01,0.01,0.01,0.01,0.01
TUV,Tuvalu,Climate Watch,Total including LUCF,All GHG,MtCO₂e,0.02,0.02,0.02,0.02,0.02,0.02,0.02,0.02,0.02,0.02,0.02,0.02,0.02,0.02,0.02,0.02,0.02,0.02,0.02,0.02,0.02,0.02,0.01,0.01,0.02,0.01,0.01,0.01,0.01,0.01,0.01,0.01,0.01
TUV,Tuvalu,Climate Watch,Energy,All GHG,MtCO₂e,0.01,0.01,0.01,0.01,0.01,0.01,0.01,0.01,0.01,0.01,0.01,0.01,0.01,0.01,0.01,0.01,0.01,0.01,0.01,0.01,0.01,0.01,0.01,0.01,0.01,0.01,0.01,0.01,0.01,0.01,0.01,0.0,0.0
TUV,Tuvalu,Climate Watch,Industrial Processes,All GHG,MtCO₂e,0.0,0.0,0.0,0.0,0.0,0.0,0.0,0.0,0.0,0.0,0.0,0.0,0.0,0.0,0.0,0.0,0.0,0.0,0.0,0.0,0.0,0.0,0.0,0.0,0.0,0.0,0.0,0.0,0.0,0.0,0.0,0.0,0.0
TUV,Tuvalu,Climate Watch,Agriculture,All GHG,MtCO₂e,0.01,0.01,0.01,0.01,0.01,0.01,0.01,0.01,0.01,0.01,0.01,0.01,0.01,0.01,0.01,0.01,0.01,0.01,0.01,0.01,0.01,0.01,0.01,0.01,0.01,0.01,0.01,0.01,0.01,0.01,0.01,0.01,0.01
TUV,Tuvalu,Climate Watch,Waste,All GHG,MtCO₂e,0.0,0.0,0.0,0.0,0.0,0.0,0.0,0.0,0.0,0.0,0.0,0.0,0.0,0.0,0.0,0.0,0.0,0.0,0.0,0.0,0.0,0.0,0.0,0.0,0.0,0.0,0.0,0.0,0.0,0.0,0.0,0.0,0.0
TUV,Tuvalu,Climate Watch,Land-Use Change and Forestry,All GHG,MtCO₂e,0.0,0.0,0.0,0.0,0.0,0.0,0.0,0.0,0.0,0.0,0.0,0.0,0.0,0.0,0.0,0.0,0.0,0.0,0.0,0.0,0.0,0.0,0.0,0.0,0.0,0.0,0.0,0.0,0.0,0.0,0.0,0.0,0.0
TUV,Tuvalu,Climate Watch,Bunker Fuels,All GHG,MtCO₂e,0.0,0.0,0.0,0.0,0.0,0.0,0.0,0.0,0.0,0.0,0.0,0.0,0.0,0.0,0.0,0.0,0.0,0.0,0.0,0.0,0.0,0.0,0.0,0.0,0.0,0.0,0.0,0.0,0.0,0.0,0.0,0.0,0.0
TUV,Tuvalu,Climate Watch,Electricity/Heat,All GHG,MtCO₂e,0.0,0.01,0.01,0.01,0.01,0.0,0.0,0.0,0.0,0.0,0.0,0.0,0.0,0.0,0.0,0.0,0.0,0.0,0.0,0.0,0.0,0.0,0.0,0.0,0.0,0.0,0.0,0.0,0.0,0.0,0.0,0.0,0.0
TUV,Tuvalu,Climate Watch,Building,All GHG,MtCO₂e,0.0,0.0,0.0,0.0,0.0,0.0,0.0,0.0,0.0,0.0,0.0,0.0,0.0,0.0,0.0,0.0,0.0,0.0,0.0,0.0,0.0,0.0,0.0,0.0,0.0,0.0,0.0,0.0,0.0,0.0,0.0,0.0,0.0
TUV,Tuvalu,Climate Watch,Transportation,All GHG,MtCO₂e,0.0,0.0,0.0,0.0,0.0,0.0,0.0,0.0,0.0,0.0,0.0,0.01,0.0,0.01,0.0,0.01,0.01,0.01,0.01,0.0,0.01,0.0,0.0,0.0,0.0,0.0,0.0,0.0,0.0,0.0,0.0,0.0,0.0
TUV,Tuvalu,Climate Watch,Other Fuel Combustion,All GHG,MtCO₂e,0.0,0.0,0.0,0.0,0.0,0.0,0.0,0.0,0.0,0.0,0.0,0.0,0.0,0.0,0.0,0.0,0.0,0.0,0.0,0.0,0.0,0.0,0.0,0.0,0.0,0.0,0.0,0.0,0.0,0.0,0.0,0.0,0.0
TUV,Tuvalu,Climate Watch,Fugitive Emissions,All GHG,MtCO₂e,0.0,0.0,0.0,0.0,0.0,0.0,0.0,0.0,0.0,0.0,0.0,0.0,0.0,0.0,0.0,0.0,0.0,0.0,0.0,0.0,0.0,0.0,0.0,0.0,0.0,0.0,0.0,0.0,0.0,0.0,0.0,0.0,0.0
TZA,Tanzania,Climate Watch,Total excluding LUCF,All GHG,MtCO₂e,110.52,108.69,105.35,101.92,96.06,94.55,95.86,93.83,88.77,87.97,83.7,80.59,76.32,72.15,71.09,68.95,66.74,68.61,64.68,64.3,59.2,54.05,52.74,54.33,52.89,48.88,49.13,50.36,45.85,43.84,42.88,42.69,42.33
TZA,Tanzania,Climate Watch,Total including LUCF,All GHG,MtCO₂e,179.23,179.41,174.96,172.86,167.17,168.41,169.32,155.7,147.88,147.37,146.16,141.75,139.26,135.17,133.13,129.78,127.67,133.38,125.84,126.71,117.56,110.68,105.05,107.25,106.77,102.04,102.24,109.39,104.87,102.85,101.9,101.71,101.35
TZA,Tanzania,Climate Watch,Energy,All GHG,MtCO₂e,34.21,32.58,30.18,30.51,28.17,27.35,27.22,26.57,24.37,25.06,23.44,22.2,20.1,18.73,18.51,18.31,18.7,17.77,16.45,14.95,14.3,13.4,12.93,11.94,11.65,11.43,11.43,10.95,10.05,8.06,7.54,7.35,7.22
TZA,Tanzania,Climate Watch,Industrial Processes,All GHG,MtCO₂e,3.21,2.78,2.75,2.74,1.93,1.81,1.74,1.36,1.23,1.05,1.12,1.04,1.01,0.85,0.77,0.71,0.61,0.6,0.57,0.52,0.45,0.4,0.37,0.36,0.34,0.28,0.32,0.26,0.15,0.24,0.24,0.24,0.25
TZA,Tanzania,Climate Watch,Agriculture,All GHG,MtCO₂e,65.58,66.05,65.37,61.87,59.39,59.02,60.72,59.94,57.41,56.31,53.79,52.2,50.28,47.81,47.24,45.49,43.16,46.12,43.72,45.06,40.82,36.79,36.13,38.86,37.89,34.3,34.66,36.58,33.25,33.18,32.79,32.81,32.62
TZA,Tanzania,Climate Watch,Waste,All GHG,MtCO₂e,7.52,7.29,7.05,6.8,6.58,6.37,6.17,5.95,5.75,5.55,5.35,5.14,4.94,4.76,4.58,4.43,4.27,4.12,3.94,3.76,3.62,3.46,3.32,3.16,3.01,2.86,2.72,2.58,2.41,2.36,2.32,2.28,2.25
TZA,Tanzania,Climate Watch,Land-Use Change and Forestry,All GHG,MtCO₂e,68.71,70.72,69.61,70.94,71.11,73.86,73.46,61.87,59.12,59.4,62.45,61.16,62.94,63.03,62.04,60.83,60.92,64.77,61.16,62.41,58.36,56.63,52.3,52.92,53.88,53.16,53.11,59.03,59.02,59.02,59.02,59.02,59.02
TZA,Tanzania,Climate Watch,Bunker Fuels,All GHG,MtCO₂e,0.43,0.33,0.26,0.55,0.52,0.48,0.41,0.4,0.41,0.37,0.4,0.37,0.32,0.27,0.22,0.3,0.33,0.31,0.36,0.33,0.31,0.29,0.26,0.26,0.25,0.26,0.26,0.26,0.23,0.22,0.28,0.29,0.31
TZA,Tanzania,Climate Watch,Electricity/Heat,All GHG,MtCO₂e,3.39,2.78,2.34,2.64,2.59,2.46,2.33,3.04,2.43,2.85,2.5,1.92,1.48,1.21,1.24,1.39,1.59,1.36,1.26,0.12,0.12,0.16,0.33,0.19,0.12,0.48,0.43,0.59,0.44,0.35,0.29,0.29,0.29
TZA,Tanzania,Climate Watch,Building,All GHG,MtCO₂e,15.3,15.17,15.07,14.86,14.04,13.77,13.65,13.3,12.97,13.19,12.69,13.1,12.82,12.57,12.28,12.08,12.01,11.66,11.13,11.02,10.57,10.13,9.76,9.24,8.92,8.65,8.6,8.3,7.87,6.32,6.0,5.85,5.69
TZA,Tanzania,Climate Watch,Manufacturing/Construction,All GHG,MtCO₂e,3.39,3.02,2.68,2.99,2.23,2.18,1.85,2.05,1.62,0.99,0.94,1.14,0.79,0.52,0.57,0.73,0.97,0.78,0.63,0.5,0.51,0.52,0.6,0.57,0.52,0.45,0.5,0.46,0.46,0.47,0.41,0.41,0.4
TZA,Tanzania,Climate Watch,Transportation,All GHG,MtCO₂e,10.19,9.73,8.23,8.16,7.64,7.33,7.8,6.67,5.91,6.48,5.88,4.52,3.61,3.08,3.15,2.9,2.91,2.82,2.45,2.36,2.24,1.78,1.49,1.18,1.42,1.2,1.23,0.92,0.73,0.73,0.7,0.67,0.72
TZA,Tanzania,Climate Watch,Other Fuel Combustion,All GHG,MtCO₂e,1.59,1.58,1.61,1.59,1.42,1.39,1.37,1.34,1.28,1.34,1.24,1.34,1.26,1.21,1.15,1.11,1.12,1.08,0.97,0.96,0.87,0.81,0.74,0.76,0.67,0.66,0.67,0.68,N/A,N/A,N/A,N/A,N/A
TZA,Tanzania,Climate Watch,Fugitive Emissions,All GHG,MtCO₂e,0.34,0.28,0.25,0.27,0.25,0.22,0.21,0.18,0.17,0.2,0.2,0.17,0.16,0.14,0.11,0.1,0.09,0.08,0.02,0.0,0.0,0.0,0.0,0.0,0.0,0.0,0.0,0.0,0.0,0.0,0.0,0.0,0.0
UGA,Uganda,Climate Watch,Total excluding LUCF,All GHG,MtCO₂e,49.5,49.65,47.67,46.26,46.84,45.39,45.08,43.47,41.57,40.26,39.91,38.04,37.49,35.75,35.14,28.42,25.56,26.76,24.66,24.5,22.65,21.69,21.43,21.06,21.51,20.21,19.21,18.4,17.7,17.95,17.52,17.14,16.57
UGA,Uganda,Climate Watch,Total including LUCF,All GHG,MtCO₂e,63.84,63.99,62.0,60.68,61.2,59.76,59.43,57.85,55.96,54.61,54.3,52.39,51.84,50.08,49.53,42.77,39.93,41.16,39.04,38.91,37.04,36.13,36.54,36.72,36.84,35.35,33.87,32.93,32.19,32.45,32.01,31.63,31.07
UGA,Uganda,Climate Watch,Energy,All GHG,MtCO₂e,16.98,16.91,15.87,15.46,15.57,14.7,14.19,13.74,12.69,12.0,11.58,11.3,10.61,10.51,9.8,9.42,8.83,8.33,7.83,7.64,7.41,7.09,6.99,6.91,6.84,6.64,6.49,6.31,6.01,5.98,5.88,5.72,5.57
UGA,Uganda,Climate Watch,Industrial Processes,All GHG,MtCO₂e,0.72,0.75,0.62,0.51,0.43,0.42,0.42,0.39,0.43,0.4,0.46,0.43,0.36,0.23,0.21,0.17,0.19,0.18,0.17,0.16,0.16,0.14,0.12,0.12,0.11,0.1,0.09,0.04,0.02,0.03,0.03,0.03,0.02
UGA,Uganda,Climate Watch,Agriculture,All GHG,MtCO₂e,28.78,29.07,28.37,27.57,28.23,27.75,28.06,27.01,26.18,25.67,25.74,24.28,24.56,23.14,23.34,17.14,14.94,16.73,15.22,15.33,13.8,13.26,13.21,13.07,13.73,12.77,12.07,11.63,11.38,11.69,11.38,11.19,10.79
UGA,Uganda,Climate Watch,Waste,All GHG,MtCO₂e,3.03,2.92,2.82,2.71,2.6,2.51,2.42,2.34,2.27,2.2,2.12,2.04,1.96,1.87,1.78,1.69,1.6,1.52,1.44,1.37,1.28,1.2,1.11,0.97,0.83,0.69,0.56,0.42,0.28,0.26,0.23,0.2,0.2
UGA,Uganda,Climate Watch,Land-Use Change and Forestry,All GHG,MtCO₂e,14.34,14.33,14.33,14.42,14.36,14.38,14.35,14.38,14.39,14.35,14.4,14.35,14.35,14.34,14.39,14.35,14.37,14.4,14.38,14.41,14.38,14.44,15.12,15.65,15.32,15.14,14.67,14.53,14.49,14.49,14.49,14.49,14.49
UGA,Uganda,Climate Watch,Bunker Fuels,All GHG,MtCO₂e,0.32,0.26,0.18,0.35,0.35,0.32,0.31,0.33,0.48,0.43,0.43,0.39,0.27,0.26,0.25,0.24,0.12,0.12,0.12,0.12,0.12,0.11,0.11,0.1,0.09,0.04,0.06,0.06,0.06,0.06,0.06,0.05,0.05
UGA,Uganda,Climate Watch,Electricity/Heat,All GHG,MtCO₂e,0.13,0.11,0.1,0.12,0.27,0.1,0.1,0.1,0.11,0.04,0.24,0.77,0.8,0.71,0.5,0.45,0.32,0.06,0.01,0.0,0.0,0.0,0.0,0.0,0.0,0.0,0.0,0.0,0.0,0.0,0.0,0.0,0.0
UGA,Uganda,Climate Watch,Building,All GHG,MtCO₂e,10.65,10.49,10.08,9.54,9.69,9.58,9.44,9.18,8.71,8.47,8.08,7.8,7.46,7.25,7.0,6.83,6.71,6.59,6.33,6.2,6.06,5.83,5.73,5.65,5.61,5.55,5.46,5.32,5.24,5.13,5.04,4.89,4.76
UGA,Uganda,Climate Watch,Manufacturing/Construction,All GHG,MtCO₂e,1.86,1.88,1.7,1.67,1.64,1.51,1.44,1.47,1.22,1.12,1.04,0.95,0.9,0.84,0.81,0.77,0.63,0.62,0.46,0.44,0.39,0.31,0.32,0.34,0.32,0.28,0.26,0.24,0.19,0.21,0.19,0.18,0.18
UGA,Uganda,Climate Watch,Transportation,All GHG,MtCO₂e,3.81,3.87,3.48,3.61,3.48,3.19,3.02,2.81,2.5,2.25,2.1,1.68,1.31,1.56,1.41,1.22,1.15,1.04,1.01,0.98,0.95,0.94,0.93,0.91,0.9,0.79,0.76,0.74,0.57,0.62,0.63,0.63,0.61
UGA,Uganda,Climate Watch,Other Fuel Combustion,All GHG,MtCO₂e,0.53,0.56,0.5,0.51,0.49,0.33,0.19,0.18,0.14,0.13,0.13,0.09,0.14,0.14,0.08,0.14,0.02,0.02,0.02,0.02,0.01,0.01,0.01,0.01,0.01,0.01,0.01,0.01,0.01,0.01,0.02,0.01,0.02
UGA,Uganda,Climate Watch,Fugitive Emissions,All GHG,MtCO₂e,0.0,0.0,0.0,0.0,0.0,0.0,0.0,0.0,0.0,0.0,0.0,0.0,0.0,0.0,0.0,0.0,0.0,0.0,0.0,0.0,0.0,0.0,0.0,0.0,0.0,0.0,0.0,0.0,0.0,0.0,0.0,0.0,0.0
UKR,Ukraine,Climate Watch,Total excluding LUCF,All GHG,MtCO₂e,168.74,242.3,249.2,256.51,267.3,250.8,283.66,269.14,335.04,381.36,388.12,397.22,370.23,350.86,412.03,425.86,411.98,403.55,415.89,440.88,414.98,407.91,406.38,417.17,422.16,450.1,473.6,544.45,572.54,672.75,763.29,854.62,908.91
UKR,Ukraine,Climate Watch,Total including LUCF,All GHG,MtCO₂e,165.61,239.08,246.31,253.51,264.24,247.68,280.55,264.19,330.04,376.25,382.94,392.03,354.77,335.45,396.54,410.48,396.68,388.35,400.63,425.85,400.07,393.04,367.02,377.9,383.05,410.97,434.48,505.47,533.47,633.7,724.24,815.29,869.58
UKR,Ukraine,Climate Watch,Energy,All GHG,MtCO₂e,123.35,180.8,188.85,196.55,209.33,196.69,231.56,218.72,281.88,326.2,331.73,338.46,317.48,300.24,350.7,361.57,349.24,340.79,350.79,374.52,349.86,346.02,343.78,352.01,353.35,373.16,391.41,453.43,472.87,567.06,647.81,738.0,787.95
UKR,Ukraine,Climate Watch,Industrial Processes,All GHG,MtCO₂e,15.48,16.79,15.83,15.34,13.41,9.45,7.87,7.02,7.78,8.76,12.15,13.86,8.79,6.85,14.86,17.95,16.1,15.44,15.54,13.52,11.0,8.4,6.56,6.39,6.44,6.65,6.03,7.04,9.43,11.83,15.26,7.41,8.58
UKR,Ukraine,Climate Watch,Agriculture,All GHG,MtCO₂e,25.63,31.4,30.96,30.8,30.74,30.77,30.29,29.66,31.57,32.33,30.42,31.01,30.06,30.02,32.61,32.34,32.9,33.77,36.16,39.64,41.0,40.48,43.15,45.94,49.51,57.42,63.22,70.93,77.19,80.53,86.8,95.81,99.09
UKR,Ukraine,Climate Watch,Waste,All GHG,MtCO₂e,4.28,13.32,13.57,13.82,13.82,13.88,13.95,13.74,13.82,14.08,13.82,13.89,13.9,13.75,13.85,14.0,13.75,13.56,13.41,13.21,13.12,13.01,12.88,12.82,12.85,12.87,12.93,13.04,13.05,13.33,13.42,13.47,13.46
UKR,Ukraine,Climate Watch,Land-Use Change and Forestry,All GHG,MtCO₂e,-3.12,-3.22,-2.89,-3.0,-3.06,-3.12,-3.11,-4.95,-5.01,-5.11,-5.18,-5.19,-15.46,-15.42,-15.48,-15.37,-15.3,-15.2,-15.26,-15.03,-14.91,-14.87,-39.36,-39.26,-39.11,-39.14,-39.11,-38.97,-39.07,-39.06,-39.05,-39.34,-39.34
UKR,Ukraine,Climate Watch,Bunker Fuels,All GHG,MtCO₂e,N/A,0.17,0.1,0.38,0.93,0.78,0.48,0.37,0.39,0.38,0.92,0.74,0.83,0.73,0.79,0.86,1.01,1.13,1.13,1.12,0.91,0.76,0.79,0.89,0.66,0.87,0.89,0.48,0.58,0.94,2.2,5.61,6.22
UKR,Ukraine,Climate Watch,Electricity/Heat,All GHG,MtCO₂e,51.35,77.44,81.05,83.4,91.29,86.59,105.7,94.89,116.32,137.2,140.75,138.21,130.03,120.71,137.26,139.97,138.7,138.96,128.88,154.81,135.67,135.88,140.53,145.32,147.58,153.6,165.42,204.71,221.02,260.89,273.75,320.41,358.22
UKR,Ukraine,Climate Watch,Building,All GHG,MtCO₂e,15.84,20.53,21.33,22.13,27.01,25.08,26.38,24.33,31.92,37.44,37.95,38.85,37.56,35.65,39.01,39.23,44.19,38.42,42.29,41.74,44.36,43.14,44.43,46.42,43.27,49.26,57.95,55.37,54.52,56.95,52.76,46.85,57.04
UKR,Ukraine,Climate Watch,Manufacturing/Construction,All GHG,MtCO₂e,11.51,33.87,35.28,35.46,35.72,31.5,37.75,41.88,55.71,57.08,60.65,65.3,61.46,56.33,75.75,84.09,82.02,75.44,96.56,98.02,88.92,88.32,80.94,81.17,79.14,83.57,87.37,98.37,97.5,133.12,189.13,197.27,195.52
UKR,Ukraine,Climate Watch,Transportation,All GHG,MtCO₂e,1.66,26.0,22.17,27.2,25.63,25.9,24.82,23.56,27.49,32.03,31.95,34.39,34.65,34.15,40.76,40.79,30.95,31.29,31.86,29.81,30.38,29.11,27.51,28.71,34.33,36.73,30.8,34.06,32.96,36.24,41.9,67.79,56.35
UKR,Ukraine,Climate Watch,Other Fuel Combustion,All GHG,MtCO₂e,22.3,3.69,3.46,4.14,3.95,3.91,4.87,4.37,4.43,4.88,4.66,4.83,4.33,4.16,4.44,4.22,4.66,8.4,5.16,4.22,4.06,3.78,3.9,3.84,4.66,5.27,5.0,6.68,8.11,9.9,12.42,24.32,27.16
UKR,Ukraine,Climate Watch,Fugitive Emissions,All GHG,MtCO₂e,20.69,19.27,25.58,24.21,25.72,23.71,32.04,29.68,46.01,57.57,55.76,56.89,49.45,49.25,53.49,53.27,48.73,48.27,46.04,45.92,46.47,45.8,46.47,46.54,44.38,44.73,44.87,54.25,58.75,69.96,77.86,81.36,93.64
URY,Uruguay,Climate Watch,Total excluding LUCF,All GHG,MtCO₂e,36.9,38.01,35.0,37.06,36.77,37.01,37.85,37.63,37.77,38.29,39.33,38.66,37.13,39.66,40.14,37.52,38.59,36.43,36.25,34.4,33.5,33.07,33.44,35.4,34.37,34.09,34.41,33.11,32.93,33.06,32.5,30.85,29.22
URY,Uruguay,Climate Watch,Total including LUCF,All GHG,MtCO₂e,35.22,36.32,33.29,35.35,35.06,35.29,36.13,30.79,30.92,31.44,32.49,31.83,27.21,29.74,30.22,27.59,28.67,26.51,26.34,24.47,23.58,23.15,20.28,22.23,21.21,20.91,21.24,19.93,19.75,19.88,19.32,17.67,16.03
URY,Uruguay,Climate Watch,Energy,All GHG,MtCO₂e,7.79,8.17,6.76,7.12,6.85,6.4,6.85,6.91,6.75,7.58,8.73,7.77,6.48,7.75,7.99,6.05,6.52,5.56,5.6,4.43,4.49,4.9,5.56,6.85,5.8,5.62,5.56,4.83,4.36,4.67,4.95,4.55,4.02
URY,Uruguay,Climate Watch,Industrial Processes,All GHG,MtCO₂e,0.93,0.9,0.84,0.79,0.8,0.78,0.73,0.77,0.73,0.73,0.74,0.79,0.72,0.79,0.56,0.53,0.5,0.46,0.45,0.62,0.59,0.58,0.42,0.45,0.48,0.44,0.39,0.34,0.39,0.3,0.3,0.3,0.3
URY,Uruguay,Climate Watch,Agriculture,All GHG,MtCO₂e,27.92,28.68,27.14,27.68,27.68,28.4,28.86,28.56,28.92,28.63,28.54,28.8,28.64,29.86,30.33,29.71,30.38,29.2,29.0,28.14,27.22,26.4,26.27,26.91,26.91,27.61,28.06,27.53,27.77,27.68,26.85,25.6,24.5
URY,Uruguay,Climate Watch,Waste,All GHG,MtCO₂e,0.26,0.26,0.26,1.47,1.45,1.43,1.41,1.39,1.37,1.35,1.33,1.31,1.29,1.27,1.25,1.22,1.2,1.2,1.2,1.21,1.21,1.2,1.19,1.18,1.17,0.42,0.41,0.41,0.41,0.41,0.4,0.4,0.4
URY,Uruguay,Climate Watch,Land-Use Change and Forestry,All GHG,MtCO₂e,-1.68,-1.69,-1.71,-1.71,-1.71,-1.72,-1.72,-6.84,-6.84,-6.84,-6.84,-6.84,-9.92,-9.92,-9.92,-9.92,-9.92,-9.92,-9.91,-9.92,-9.92,-9.92,-13.16,-13.17,-13.16,-13.17,-13.17,-13.18,-13.18,-13.18,-13.18,-13.18,-13.18
URY,Uruguay,Climate Watch,Bunker Fuels,All GHG,MtCO₂e,0.54,0.42,0.45,0.81,0.78,0.63,0.77,0.85,0.93,0.95,1.19,1.49,1.68,1.82,1.62,1.26,0.95,1.25,1.2,1.1,1.16,1.23,1.04,0.9,0.85,0.9,0.97,1.23,0.6,0.99,0.65,0.46,0.38
URY,Uruguay,Climate Watch,Electricity/Heat,All GHG,MtCO₂e,1.21,1.87,0.96,0.64,0.79,0.36,0.86,1.15,0.98,1.86,3.29,2.32,1.24,2.64,3.07,1.3,2.05,1.2,1.31,0.31,0.29,0.34,0.73,1.65,0.63,0.72,0.94,0.58,0.13,0.64,1.11,0.92,0.53
URY,Uruguay,Climate Watch,Building,All GHG,MtCO₂e,0.83,0.84,0.82,0.82,0.81,0.8,0.86,0.79,0.81,0.86,0.83,0.86,0.88,0.85,0.82,0.86,0.8,0.84,0.84,0.85,0.89,0.91,0.96,0.95,0.97,0.93,0.92,0.92,0.91,0.96,0.95,0.91,0.92
URY,Uruguay,Climate Watch,Manufacturing/Construction,All GHG,MtCO₂e,1.08,1.05,0.95,0.96,1.02,0.94,0.99,0.92,0.92,0.8,0.71,0.72,0.65,0.7,0.75,0.66,0.61,0.64,0.63,0.6,0.57,0.64,0.72,0.81,0.83,0.82,0.69,0.51,0.51,0.56,0.61,0.6,0.58
URY,Uruguay,Climate Watch,Transportation,All GHG,MtCO₂e,4.23,3.99,3.61,4.28,3.73,3.78,3.62,3.55,3.51,3.52,3.34,3.3,3.17,3.01,2.78,2.73,2.55,2.32,2.26,2.13,2.23,2.46,2.57,2.84,2.75,2.58,2.37,2.23,2.25,2.0,1.77,1.65,1.55
URY,Uruguay,Climate Watch,Other Fuel Combustion,All GHG,MtCO₂e,0.43,0.41,0.42,0.42,0.49,0.53,0.51,0.5,0.52,0.55,0.54,0.56,0.55,0.55,0.56,0.5,0.5,0.56,0.56,0.53,0.52,0.55,0.57,0.6,0.61,0.57,0.63,0.58,0.56,0.52,0.5,0.47,0.44
URY,Uruguay,Climate Watch,Fugitive Emissions,All GHG,MtCO₂e,0.0,0.0,0.0,0.0,0.0,0.0,0.0,0.0,0.0,0.0,0.0,0.0,0.0,0.0,0.01,0.01,0.01,0.01,0.01,0.0,0.0,0.0,0.0,0.0,0.0,0.0,0.0,0.0,0.0,0.0,0.0,0.0,0.0
USA,United States,Climate Watch,Total excluding LUCF,All GHG,MtCO₂e,5890.33,5809.23,5521.9,6071.54,6191.94,5974.13,6024.56,6142.04,6253.15,6202.69,6058.01,6268.77,6469.78,6198.36,6614.97,6798.49,6696.04,6786.05,6765.31,6682.03,6614.77,6769.31,6818.35,6656.97,6658.0,6614.28,6353.35,6183.74,6116.27,6022.27,5913.08,5831.34,5879.53
USA,United States,Climate Watch,Total including LUCF,All GHG,MtCO₂e,5670.87,5591.52,5305.85,5851.35,5972.88,5755.15,5804.37,5735.74,5845.56,5795.2,5650.45,5861.49,6078.96,5807.83,6225.53,6408.93,6305.71,6395.62,6375.2,6292.14,6224.85,6378.39,6413.36,6251.79,6252.24,6206.91,5947.73,5777.03,5709.34,5615.49,5506.44,5424.7,5472.89
USA,United States,Climate Watch,Energy,All GHG,MtCO₂e,5102.56,5012.34,4725.48,5278.24,5400.54,5194.25,5248.23,5373.87,5487.4,5446.16,5295.79,5501.35,5702.39,5446.89,5844.23,6011.16,5919.51,6018.56,6001.64,5922.57,5857.54,6020.3,6048.65,5880.82,5871.14,5826.43,5555.98,5397.48,5344.43,5266.67,5160.51,5088.95,5128.06
USA,United States,Climate Watch,Industrial Processes,All GHG,MtCO₂e,249.33,248.74,242.26,237.81,235.23,233.14,231.11,230.12,227.53,218.18,217.72,222.18,210.37,197.29,214.13,224.67,212.05,206.78,200.5,192.62,199.14,189.18,202.52,199.96,201.75,190.98,188.79,177.92,157.07,151.42,147.83,145.39,154.65
USA,United States,Climate Watch,Agriculture,All GHG,MtCO₂e,371.54,380.2,383.7,380.79,383.79,377.69,378.72,367.96,367.18,367.53,369.77,373.99,375.74,373.37,372.54,376.2,375.88,370.18,370.13,371.35,365.67,366.24,368.33,374.18,376.58,378.31,379.74,375.95,377.37,367.48,366.39,359.15,362.3
USA,United States,Climate Watch,Waste,All GHG,MtCO₂e,166.9,167.95,170.46,174.7,172.38,169.05,166.5,170.09,171.04,170.82,174.73,171.25,181.28,180.81,184.07,186.45,188.61,190.53,193.04,195.5,192.42,193.58,198.85,202.01,208.53,218.56,228.84,232.39,237.4,236.71,238.35,237.85,234.52
USA,United States,Climate Watch,Land-Use Change and Forestry,All GHG,MtCO₂e,-219.46,-217.7,-216.05,-220.19,-219.06,-218.99,-220.19,-406.3,-407.59,-407.49,-407.56,-407.28,-390.82,-390.53,-389.44,-389.55,-390.33,-390.43,-390.11,-389.89,-389.92,-390.91,-404.98,-405.19,-405.76,-407.37,-405.61,-406.71,-406.93,-406.79,-406.64,-406.64,-406.64
USA,United States,Climate Watch,Bunker Fuels,All GHG,MtCO₂e,121.16,116.53,97.0,150.06,140.81,149.51,138.01,125.55,119.98,119.34,120.42,146.9,150.1,142.37,155.42,169.55,159.69,152.82,142.46,124.14,140.03,115.27,148.82,141.72,127.59,127.84,135.81,139.11,131.32,133.65,145.27,138.32,131.99
USA,United States,Climate Watch,Electricity/Heat,All GHG,MtCO₂e,1868.57,1884.38,1770.87,1965.4,2104.78,2072.32,2153.53,2242.53,2385.67,2387.95,2369.38,2498.64,2619.99,2499.08,2730.59,2800.69,2733.98,2802.73,2753.52,2719.08,2691.13,2824.52,2813.11,2781.07,2813.4,2755.73,2516.47,2435.31,2372.51,2347.14,2288.38,2190.88,2170.77
USA,United States,Climate Watch,Building,All GHG,MtCO₂e,559.18,530.89,517.72,558.15,557.48,503.44,502.38,519.21,553.27,535.87,466.82,529.61,552.75,558.25,563.34,555.82,523.89,579.43,597.13,612.61,588.4,588.11,606.32,574.39,556.19,607.65,625.25,588.81,584.07,593.97,567.77,557.87,548.04
USA,United States,Climate Watch,Manufacturing/Construction,All GHG,MtCO₂e,458.67,449.12,440.74,442.52,457.61,432.63,442.24,437.12,440.55,438.17,441.84,439.02,469.81,410.78,478.44,489.89,499.91,481.04,515.36,488.88,494.1,543.69,571.21,503.26,515.09,508.98,487.98,488.9,536.89,534.47,519.94,569.23,606.84
USA,United States,Climate Watch,Transportation,All GHG,MtCO₂e,1751.92,1715.2,1554.77,1811.55,1816.75,1777.49,1764.94,1752.88,1690.81,1697.73,1646.49,1683.14,1730.12,1671.14,1758.57,1858.86,1858.19,1858.9,1839.07,1816.09,1790.19,1767.46,1765.07,1732.51,1685.62,1646.34,1620.91,1580.71,1548.81,1494.73,1470.59,1438.46,1466.35
USA,United States,Climate Watch,Other Fuel Combustion,All GHG,MtCO₂e,39.44,38.48,36.98,39.95,46.96,46.06,46.88,48.77,48.82,50.8,46.75,48.75,52.16,50.47,54.0,56.26,60.53,55.5,56.55,45.52,50.77,47.95,44.8,41.69,43.81,47.68,47.21,46.07,46.03,45.26,50.7,67.38,69.22
USA,United States,Climate Watch,Fugitive Emissions,All GHG,MtCO₂e,424.78,394.27,404.41,460.67,416.96,362.31,338.25,373.36,368.27,335.64,324.51,302.19,277.55,257.17,259.3,249.64,243.0,240.96,240.01,240.39,242.95,248.58,248.15,247.91,257.03,260.05,258.17,257.68,256.11,251.1,263.13,265.13,266.84
UZB,Uzbekistan,Climate Watch,Total excluding LUCF,All GHG,MtCO₂e,186.82,194.57,181.24,175.11,171.27,173.34,167.72,158.87,164.53,172.75,183.07,197.92,195.0,183.75,197.04,185.26,189.63,178.26,184.57,180.82,188.75,181.99,179.36,172.23,171.97,155.1,154.36,152.36,162.35,166.02,162.95,174.69,173.71
UZB,Uzbekistan,Climate Watch,Total including LUCF,All GHG,MtCO₂e,183.46,191.2,177.87,171.74,167.9,169.97,164.35,155.74,161.4,169.62,179.95,194.8,183.39,172.15,185.44,173.66,178.02,166.65,172.96,169.21,177.14,170.38,178.63,171.47,171.22,154.35,153.61,151.6,161.58,165.26,162.18,173.93,172.94
UZB,Uzbekistan,Climate Watch,Energy,All GHG,MtCO₂e,140.0,146.49,135.78,129.98,127.69,130.35,125.94,119.63,126.36,136.26,139.04,155.63,154.1,144.74,160.01,152.39,158.12,148.48,156.0,152.94,161.7,155.47,152.81,145.08,144.82,127.85,126.05,123.75,133.94,135.91,132.43,141.7,139.82
UZB,Uzbekistan,Climate Watch,Industrial Processes,All GHG,MtCO₂e,6.11,7.11,6.39,6.51,6.27,6.03,5.54,5.43,5.49,5.14,4.98,4.92,5.1,4.98,4.86,4.42,4.07,3.91,3.81,3.45,3.27,3.2,3.14,3.11,3.23,3.2,3.09,3.13,3.64,4.29,4.59,2.38,2.39
UZB,Uzbekistan,Climate Watch,Agriculture,All GHG,MtCO₂e,39.43,39.72,37.83,37.41,36.12,35.79,35.09,32.67,31.57,30.26,29.13,27.59,26.29,24.73,23.02,21.93,20.98,19.93,18.8,18.48,17.89,17.51,17.65,18.3,18.22,18.4,19.6,19.94,19.28,20.37,20.53,25.23,26.1
UZB,Uzbekistan,Climate Watch,Waste,All GHG,MtCO₂e,1.27,1.25,1.23,1.21,1.19,1.16,1.14,1.13,1.1,1.08,9.91,9.77,9.51,9.3,9.15,6.53,6.45,5.95,5.96,5.94,5.89,5.81,5.76,5.73,5.71,5.65,5.61,5.54,5.5,5.45,5.39,5.33,5.27
UZB,Uzbekistan,Climate Watch,Land-Use Change and Forestry,All GHG,MtCO₂e,-3.37,-3.37,-3.37,-3.37,-3.37,-3.37,-3.37,-3.12,-3.12,-3.12,-3.12,-3.12,-11.61,-11.61,-11.61,-11.61,-11.61,-11.61,-11.61,-11.61,-11.61,-11.61,-0.73,-0.75,-0.75,-0.75,-0.74,-0.77,-0.77,-0.77,-0.77,-0.77,-0.77
UZB,Uzbekistan,Climate Watch,Bunker Fuels,All GHG,MtCO₂e,0.48,0.28,0.34,0.4,0.51,0.41,0.51,0.52,0.46,0.66,0.76,N/A,N/A,N/A,N/A,N/A,N/A,N/A,N/A,N/A,N/A,N/A,N/A,N/A,N/A,N/A,N/A,N/A,N/A,N/A,N/A,N/A,N/A
UZB,Uzbekistan,Climate Watch,Electricity/Heat,All GHG,MtCO₂e,49.64,54.2,45.39,45.67,43.77,48.76,47.93,46.51,46.69,46.38,44.27,44.8,42.36,42.44,45.02,42.52,43.75,39.18,43.25,40.28,43.31,43.15,43.49,39.78,41.37,38.33,38.04,35.81,41.82,47.19,48.33,47.29,47.3
UZB,Uzbekistan,Climate Watch,Building,All GHG,MtCO₂e,28.72,34.14,31.63,26.76,27.25,33.02,29.85,27.75,31.1,35.36,37.37,46.53,45.77,39.56,44.71,43.11,44.56,42.93,44.98,44.97,46.83,44.66,43.87,41.88,40.25,36.32,32.27,29.46,0.0,0.0,0.0,0.0,0.0
UZB,Uzbekistan,Climate Watch,Manufacturing/Construction,All GHG,MtCO₂e,14.82,13.12,11.91,13.34,11.72,11.87,10.73,9.97,11.22,12.98,14.13,17.57,17.37,15.11,17.02,16.38,16.89,16.2,16.96,17.01,17.82,17.04,16.91,16.34,15.83,7.83,10.55,13.6,0.23,0.27,0.31,0.39,0.41
UZB,Uzbekistan,Climate Watch,Transportation,All GHG,MtCO₂e,18.58,16.95,16.24,15.56,15.02,9.05,8.38,8.32,8.82,9.44,10.42,12.75,13.19,12.4,13.22,13.36,13.2,12.46,12.42,12.42,13.67,14.17,13.76,13.76,13.19,9.7,9.56,6.99,4.41,4.93,5.6,7.16,7.93
UZB,Uzbekistan,Climate Watch,Other Fuel Combustion,All GHG,MtCO₂e,2.75,2.1,6.32,1.07,1.07,2.62,3.9,2.14,2.6,3.41,1.95,2.07,2.01,1.92,2.12,2.03,2.02,1.87,1.82,1.78,2.29,2.06,2.45,1.98,2.17,5.22,5.67,9.08,59.53,59.93,57.29,64.86,63.23
UZB,Uzbekistan,Climate Watch,Fugitive Emissions,All GHG,MtCO₂e,25.48,25.98,24.29,27.58,28.86,25.03,25.15,24.95,25.92,28.7,30.91,31.92,33.41,33.3,37.92,34.99,37.71,35.83,36.57,36.48,37.78,34.38,32.33,31.34,32.01,30.46,29.96,28.8,27.94,23.59,20.9,22.0,20.94
VCT,Saint Vincent and the Grenadines,Climate Watch,Total excluding LUCF,All GHG,MtCO₂e,0.29,0.28,0.28,0.27,0.29,0.26,0.29,0.28,0.3,0.26,0.28,0.26,0.27,0.33,0.27,0.28,0.26,0.26,0.33,0.31,0.3,0.3,0.27,0.28,0.27,0.23,0.22,0.22,0.21,0.19,0.17,0.17,0.16
VCT,Saint Vincent and the Grenadines,Climate Watch,Total including LUCF,All GHG,MtCO₂e,0.29,0.28,0.28,0.27,0.29,0.26,0.29,0.28,0.3,0.26,0.28,0.26,0.27,0.33,0.27,0.28,0.26,0.26,0.33,0.31,0.3,0.3,0.22,0.23,0.22,0.18,0.17,0.17,0.16,0.15,0.12,0.12,0.12
VCT,Saint Vincent and the Grenadines,Climate Watch,Energy,All GHG,MtCO₂e,0.26,0.25,0.25,0.23,0.25,0.23,0.25,0.25,0.27,0.23,0.24,0.22,0.23,0.29,0.23,0.25,0.23,0.23,0.23,0.21,0.2,0.19,0.16,0.17,0.17,0.14,0.14,0.13,0.12,0.11,0.09,0.09,0.08
VCT,Saint Vincent and the Grenadines,Climate Watch,Industrial Processes,All GHG,MtCO₂e,0.01,0.01,0.01,0.01,0.01,0.01,0.01,0.01,0.01,0.01,0.01,0.01,0.01,0.01,0.01,0.01,0.01,0.0,0.0,0.0,0.0,0.0,0.0,0.0,0.0,0.0,0.0,0.0,0.0,0.0,0.0,0.0,0.0
VCT,Saint Vincent and the Grenadines,Climate Watch,Agriculture,All GHG,MtCO₂e,0.01,0.01,0.01,0.01,0.01,0.01,0.01,0.02,0.02,0.02,0.02,0.02,0.02,0.02,0.02,0.02,0.02,0.02,0.02,0.02,0.02,0.03,0.03,0.03,0.03,0.03,0.03,0.03,0.03,0.03,0.02,0.02,0.02
VCT,Saint Vincent and the Grenadines,Climate Watch,Waste,All GHG,MtCO₂e,0.01,0.01,0.01,0.01,0.01,0.01,0.01,0.01,0.01,0.01,0.01,0.01,0.01,0.01,0.01,0.01,0.01,0.01,0.08,0.08,0.08,0.08,0.08,0.07,0.07,0.06,0.06,0.06,0.06,0.06,0.06,0.06,0.06
VCT,Saint Vincent and the Grenadines,Climate Watch,Land-Use Change and Forestry,All GHG,MtCO₂e,0.0,0.0,0.0,0.0,0.0,0.0,0.0,0.0,0.0,0.0,0.0,0.0,0.0,0.0,0.0,0.0,0.0,0.0,0.0,0.0,0.0,0.0,-0.05,-0.05,-0.05,-0.05,-0.05,-0.05,-0.05,-0.05,-0.05,-0.05,-0.05
VCT,Saint Vincent and the Grenadines,Climate Watch,Bunker Fuels,All GHG,MtCO₂e,0.0,0.0,0.0,0.0,0.0,0.0,0.0,0.0,0.0,0.0,0.0,0.0,0.0,0.0,0.0,0.0,0.0,0.0,0.0,0.0,0.0,0.0,0.0,0.0,N/A,N/A,N/A,N/A,N/A,N/A,N/A,N/A,N/A
VCT,Saint Vincent and the Grenadines,Climate Watch,Electricity/Heat,All GHG,MtCO₂e,0.1,0.09,0.09,0.09,0.09,0.09,0.1,0.09,0.09,0.08,0.08,0.08,0.08,0.08,0.08,0.08,0.08,0.08,0.07,0.07,0.06,0.07,0.06,0.06,0.05,0.05,0.04,0.04,0.04,0.04,0.03,0.03,0.03
VCT,Saint Vincent and the Grenadines,Climate Watch,Building,All GHG,MtCO₂e,0.01,0.01,0.03,0.03,0.03,0.03,0.03,0.04,0.03,0.02,0.02,0.01,0.01,0.02,0.01,0.02,0.01,0.01,0.01,0.01,0.02,0.01,0.01,0.01,0.01,0.01,0.01,0.01,0.01,0.01,0.01,0.01,0.01
VCT,Saint Vincent and the Grenadines,Climate Watch,Transportation,All GHG,MtCO₂e,0.15,0.14,0.13,0.11,0.14,0.11,0.13,0.12,0.15,0.12,0.14,0.14,0.14,0.19,0.14,0.15,0.14,0.13,0.14,0.13,0.12,0.11,0.09,0.1,0.11,0.08,0.08,0.08,0.07,0.06,0.05,0.05,0.05
VCT,Saint Vincent and the Grenadines,Climate Watch,Fugitive Emissions,All GHG,MtCO₂e,0.0,0.0,0.0,0.0,0.0,0.0,0.0,0.0,0.0,0.0,0.0,0.0,0.0,0.0,0.0,0.0,0.0,0.0,0.0,0.0,0.0,0.0,0.0,0.0,0.0,0.0,0.0,0.0,0.0,0.0,0.0,0.0,0.0
VEN,Venezuela,Climate Watch,Total excluding LUCF,All GHG,MtCO₂e,225.06,199.06,196.84,281.39,342.49,399.37,442.0,477.63,503.83,511.81,510.68,480.17,483.23,483.94,500.79,483.27,489.1,492.02,467.58,433.46,456.26,480.34,472.21,452.39,479.7,483.15,458.79,421.98,387.79,378.37,367.91,364.56,342.2
VEN,Venezuela,Climate Watch,Total including LUCF,All GHG,MtCO₂e,267.66,241.59,240.16,324.61,385.12,441.77,484.9,585.83,611.98,619.88,618.44,587.94,570.88,570.56,587.49,570.32,575.82,578.87,554.25,521.57,542.86,567.47,618.5,598.12,627.31,628.74,604.1,567.01,532.83,523.41,512.95,509.6,487.24
VEN,Venezuela,Climate Watch,Energy,All GHG,MtCO₂e,166.86,142.61,138.75,225.53,287.21,342.48,384.26,417.82,442.62,449.89,448.61,424.2,427.43,421.12,438.59,421.95,427.96,433.47,410.68,376.95,400.43,425.23,418.35,399.85,427.57,431.61,408.35,371.41,338.81,331.35,321.42,319.13,298.31
VEN,Venezuela,Climate Watch,Industrial Processes,All GHG,MtCO₂e,4.0,4.02,3.64,3.06,2.68,4.23,4.34,5.63,6.4,7.21,7.93,7.6,7.46,8.63,8.17,8.46,9.48,6.94,6.95,7.34,8.32,8.11,8.54,8.81,8.91,9.41,9.2,9.33,8.76,8.7,8.6,9.04,8.49
VEN,Venezuela,Climate Watch,Agriculture,All GHG,MtCO₂e,41.24,39.46,41.46,39.82,39.67,39.84,40.72,41.64,42.38,42.42,42.03,36.47,36.66,42.74,42.83,41.93,41.01,41.27,39.88,39.4,38.05,37.86,36.52,35.31,35.22,34.57,34.19,34.78,34.45,33.41,34.08,33.99,33.0
VEN,Venezuela,Climate Watch,Waste,All GHG,MtCO₂e,12.96,12.97,12.99,12.99,12.93,12.83,12.67,12.54,12.42,12.29,12.12,11.9,11.69,11.45,11.2,10.93,10.64,10.34,10.06,9.77,9.46,9.14,8.79,8.42,8.01,7.56,7.05,6.46,5.76,4.9,3.82,2.4,2.39
VEN,Venezuela,Climate Watch,Land-Use Change and Forestry,All GHG,MtCO₂e,42.6,42.52,43.32,43.22,42.64,42.4,42.9,108.2,108.15,108.07,107.76,107.77,87.65,86.62,86.7,87.05,86.73,86.85,86.67,88.11,86.6,87.12,146.29,145.73,147.61,145.59,145.31,145.03,145.04,145.04,145.04,145.04,145.04
VEN,Venezuela,Climate Watch,Bunker Fuels,All GHG,MtCO₂e,0.8,0.67,0.46,0.99,1.63,1.63,1.73,2.26,2.21,2.48,2.68,1.59,3.06,1.94,2.34,3.29,2.85,3.94,4.23,2.53,5.58,4.99,5.8,5.54,2.58,3.03,3.26,3.36,3.52,3.93,3.96,4.22,3.59
VEN,Venezuela,Climate Watch,Electricity/Heat,All GHG,MtCO₂e,31.24,29.67,29.38,48.03,55.06,63.09,66.06,69.97,65.83,64.11,63.14,58.7,64.33,66.15,66.74,61.46,60.39,59.6,59.85,59.44,60.0,58.61,56.8,51.63,50.3,49.65,43.16,39.23,37.9,37.41,36.72,32.99,36.52
VEN,Venezuela,Climate Watch,Building,All GHG,MtCO₂e,3.54,3.08,2.53,3.16,5.15,5.51,5.72,6.18,7.26,7.14,6.76,6.56,6.78,6.69,6.82,11.15,5.33,6.27,5.87,5.0,5.83,5.93,5.74,6.0,4.68,4.68,5.47,5.06,4.48,5.11,5.48,4.36,5.31
VEN,Venezuela,Climate Watch,Manufacturing/Construction,All GHG,MtCO₂e,14.46,5.32,7.31,9.61,17.57,18.07,17.0,18.75,29.61,32.83,36.31,34.3,36.46,21.19,19.85,14.64,29.53,32.25,32.65,29.86,29.16,25.75,24.72,25.39,31.77,32.29,30.88,28.2,25.96,25.85,22.81,25.13,23.58
VEN,Venezuela,Climate Watch,Transportation,All GHG,MtCO₂e,15.13,11.3,11.54,30.74,33.48,38.22,41.73,47.57,54.4,54.93,55.78,52.35,50.03,51.76,50.99,48.85,45.11,42.81,35.89,35.44,39.67,37.31,34.98,33.9,34.22,33.43,35.87,34.5,33.37,32.87,30.67,31.15,29.4
VEN,Venezuela,Climate Watch,Other Fuel Combustion,All GHG,MtCO₂e,N/A,N/A,N/A,N/A,N/A,N/A,N/A,N/A,N/A,N/A,N/A,N/A,N/A,N/A,N/A,0.46,0.15,1.35,0.28,0.21,0.59,0.57,0.51,0.55,0.19,0.2,0.18,0.55,0.47,0.33,0.17,0.01,0.02
VEN,Venezuela,Climate Watch,Fugitive Emissions,All GHG,MtCO₂e,102.49,93.24,87.99,134.0,175.95,217.58,253.75,275.35,285.53,290.87,286.62,272.28,269.83,275.33,294.18,285.39,287.46,291.2,276.15,247.0,265.17,297.07,295.6,282.37,306.4,311.36,292.78,263.88,236.62,229.77,225.57,225.5,203.48
VNM,Vietnam,Climate Watch,Total excluding LUCF,All GHG,MtCO₂e,477.03,476.83,486.15,474.45,419.63,361.7,353.82,334.34,317.2,301.78,288.82,287.05,281.61,263.13,240.18,229.37,215.73,210.07,199.64,178.41,169.57,156.52,151.14,143.19,137.62,127.09,118.61,110.2,101.9,97.46,91.28,87.81,83.54
VNM,Vietnam,Climate Watch,Total including LUCF,All GHG,MtCO₂e,463.85,463.81,473.76,461.51,406.55,348.57,341.16,311.18,295.0,281.14,265.83,263.98,299.86,280.76,257.62,247.98,233.28,228.85,218.56,196.65,190.3,173.71,78.62,70.68,66.04,53.93,45.7,37.52,29.2,24.77,18.59,15.12,10.85
VNM,Vietnam,Climate Watch,Energy,All GHG,MtCO₂e,312.39,307.2,319.78,312.23,263.35,213.05,212.03,195.16,182.87,169.07,162.52,163.3,162.48,147.73,134.58,124.17,114.86,111.66,103.87,86.56,81.77,72.94,67.26,62.83,61.18,55.79,49.61,45.5,39.97,38.5,34.09,32.74,31.23
VNM,Vietnam,Climate Watch,Industrial Processes,All GHG,MtCO₂e,66.53,72.12,69.61,65.46,57.94,50.42,43.88,40.74,38.8,36.03,33.37,32.73,27.97,22.99,18.73,17.0,14.76,14.12,12.3,10.94,9.51,7.52,6.25,5.05,4.57,3.82,3.15,2.79,2.29,2.05,1.96,1.5,1.23
VNM,Vietnam,Climate Watch,Agriculture,All GHG,MtCO₂e,73.0,72.64,72.15,72.45,74.33,74.54,74.54,75.38,72.79,74.25,71.47,70.54,71.66,73.84,69.25,71.51,70.36,69.49,69.61,67.98,66.31,65.02,67.52,66.42,64.18,60.99,60.55,57.83,56.76,54.33,53.04,51.91,49.44
VNM,Vietnam,Climate Watch,Waste,All GHG,MtCO₂e,25.11,24.87,24.61,24.31,24.0,23.69,23.38,23.05,22.74,22.44,21.46,20.48,19.5,18.56,17.62,16.68,15.74,14.8,13.86,12.92,11.98,11.05,10.11,8.9,7.7,6.49,5.29,4.08,2.88,2.58,2.19,1.67,1.65
VNM,Vietnam,Climate Watch,Land-Use Change and Forestry,All GHG,MtCO₂e,-13.18,-13.02,-12.39,-12.94,-13.08,-13.14,-12.66,-23.16,-22.19,-20.64,-22.98,-23.07,18.24,17.63,17.44,18.61,17.55,18.78,18.92,18.24,20.73,17.19,-72.52,-72.52,-71.58,-73.16,-72.9,-72.67,-72.69,-72.69,-72.69,-72.69,-72.69
VNM,Vietnam,Climate Watch,Bunker Fuels,All GHG,MtCO₂e,3.0,1.86,1.5,4.98,3.99,3.45,3.02,2.77,2.26,2.27,2.09,2.03,2.55,2.12,1.97,1.8,1.72,1.65,1.65,1.19,1.09,0.96,0.77,0.62,0.42,0.3,0.36,0.35,0.16,0.15,0.11,0.1,0.09
VNM,Vietnam,Climate Watch,Electricity/Heat,All GHG,MtCO₂e,141.11,143.06,151.56,154.6,121.08,94.09,97.84,84.33,53.19,44.6,41.59,40.4,41.62,32.45,30.27,29.0,26.75,24.35,20.59,15.84,15.63,12.41,11.53,9.67,10.52,8.15,5.65,4.5,3.73,2.79,3.06,3.65,4.9
VNM,Vietnam,Climate Watch,Building,All GHG,MtCO₂e,8.6,9.03,9.94,10.97,11.95,12.72,13.11,14.69,23.06,23.34,22.39,23.17,23.43,22.47,22.21,22.06,21.78,22.02,21.46,19.99,19.47,18.85,17.7,16.83,16.32,15.49,15.13,14.19,13.62,13.86,12.88,12.54,11.72
VNM,Vietnam,Climate Watch,Manufacturing/Construction,All GHG,MtCO₂e,88.89,93.3,93.16,72.26,59.33,37.61,36.21,33.76,51.7,46.51,43.22,43.81,42.03,39.4,35.79,27.25,24.53,24.43,23.16,19.98,18.69,16.8,14.78,14.08,14.03,13.5,11.3,10.73,7.66,7.5,7.04,6.52,5.92
VNM,Vietnam,Climate Watch,Transportation,All GHG,MtCO₂e,44.85,32.88,37.48,44.58,42.82,40.97,37.63,33.95,30.65,29.99,30.75,31.21,31.78,29.58,24.65,23.14,19.77,19.79,19.59,16.0,14.16,11.55,10.8,10.04,9.39,8.93,8.16,7.43,7.77,7.05,4.51,4.02,4.26
VNM,Vietnam,Climate Watch,Other Fuel Combustion,All GHG,MtCO₂e,7.98,7.8,7.42,7.82,7.39,7.08,6.26,5.74,1.41,1.47,1.52,1.65,1.66,1.68,1.66,1.65,1.64,1.66,1.58,1.39,1.3,1.15,1.15,1.18,1.22,1.23,1.19,1.11,1.18,1.11,0.81,0.73,0.73
VNM,Vietnam,Climate Watch,Fugitive Emissions,All GHG,MtCO₂e,20.97,21.13,20.21,22.0,20.78,20.57,20.98,22.69,22.86,23.17,23.04,23.07,21.96,22.15,20.0,21.07,20.39,19.4,17.49,13.36,12.52,12.19,11.3,11.03,9.7,8.48,8.19,7.54,6.01,6.18,5.79,5.28,3.69
VUT,Vanuatu,Climate Watch,Total excluding LUCF,All GHG,MtCO₂e,0.54,0.54,0.53,0.49,0.5,0.46,0.51,0.59,0.67,0.61,0.62,0.63,0.61,0.59,0.59,0.57,0.49,0.49,0.48,0.47,0.45,0.46,0.5,0.51,0.5,0.5,0.49,0.49,0.48,0.48,0.45,0.43,0.42
VUT,Vanuatu,Climate Watch,Total including LUCF,All GHG,MtCO₂e,0.54,0.54,0.53,0.49,0.5,0.47,0.51,0.59,0.67,0.61,0.62,0.63,0.61,0.59,0.59,0.57,0.49,0.49,0.48,0.47,0.45,0.46,0.5,0.51,0.5,0.5,0.49,0.49,0.49,0.48,0.45,0.44,0.42
VUT,Vanuatu,Climate Watch,Energy,All GHG,MtCO₂e,0.21,0.22,0.21,0.17,0.18,0.14,0.15,0.14,0.16,0.11,0.12,0.14,0.13,0.13,0.09,0.08,0.08,0.08,0.08,0.08,0.08,0.08,0.09,0.09,0.08,0.08,0.08,0.07,0.07,0.07,0.07,0.07,0.07
VUT,Vanuatu,Climate Watch,Industrial Processes,All GHG,MtCO₂e,0.01,0.01,0.01,0.01,0.01,0.01,0.01,0.0,0.0,0.0,0.0,0.0,0.0,0.0,0.0,0.0,0.0,0.0,0.0,0.0,0.0,0.0,0.0,0.0,0.0,0.0,0.0,0.0,0.0,0.0,0.0,0.0,0.0
VUT,Vanuatu,Climate Watch,Agriculture,All GHG,MtCO₂e,0.31,0.31,0.31,0.31,0.31,0.31,0.35,0.44,0.5,0.49,0.49,0.48,0.47,0.46,0.49,0.49,0.41,0.4,0.39,0.39,0.37,0.37,0.39,0.42,0.42,0.42,0.42,0.42,0.42,0.41,0.39,0.36,0.35
VUT,Vanuatu,Climate Watch,Waste,All GHG,MtCO₂e,0.0,0.0,0.0,0.0,0.0,0.0,0.0,0.0,0.0,0.0,0.0,0.0,0.0,0.0,0.0,0.0,0.0,0.0,0.0,0.0,0.0,0.0,0.01,0.0,0.0,0.0,0.0,0.0,0.0,0.0,0.0,0.0,0.0
VUT,Vanuatu,Climate Watch,Land-Use Change and Forestry,All GHG,MtCO₂e,0.0,0.0,0.0,0.0,0.0,0.01,0.0,0.0,0.0,0.0,0.0,0.0,0.0,0.0,0.0,0.0,0.0,0.0,0.0,0.0,0.0,0.0,0.0,0.0,0.0,0.0,0.0,0.0,0.0,0.0,0.0,0.0,0.0
VUT,Vanuatu,Climate Watch,Bunker Fuels,All GHG,MtCO₂e,0.05,0.05,0.05,0.05,0.05,0.05,0.04,0.04,0.04,0.04,0.04,0.04,0.04,0.04,0.04,0.03,0.03,0.03,0.03,0.03,0.03,0.03,0.03,0.03,0.03,0.03,0.02,0.02,0.02,0.02,0.02,0.02,0.02
VUT,Vanuatu,Climate Watch,Electricity/Heat,All GHG,MtCO₂e,0.04,0.04,0.04,0.04,0.04,0.04,0.04,0.03,0.04,0.03,0.04,0.04,0.04,0.04,0.04,0.03,0.04,0.04,0.04,0.04,0.04,0.04,0.04,0.04,0.03,0.03,0.03,0.03,0.03,0.03,0.03,0.03,0.02
VUT,Vanuatu,Climate Watch,Building,All GHG,MtCO₂e,0.01,0.01,0.01,0.01,0.01,0.01,0.01,0.01,0.01,0.01,0.01,0.01,0.01,0.01,0.01,0.0,0.01,0.0,0.0,0.0,0.0,0.0,0.01,0.01,0.01,0.01,0.01,0.01,0.01,0.01,0.01,0.01,0.01
VUT,Vanuatu,Climate Watch,Transportation,All GHG,MtCO₂e,0.17,0.17,0.16,0.11,0.13,0.09,0.11,0.1,0.12,0.08,0.08,0.09,0.08,0.08,0.04,0.04,0.03,0.03,0.03,0.04,0.04,0.04,0.04,0.04,0.04,0.04,0.04,0.03,0.03,0.03,0.03,0.04,0.04
VUT,Vanuatu,Climate Watch,Fugitive Emissions,All GHG,MtCO₂e,0.0,0.0,0.0,0.0,0.0,0.0,0.0,0.0,0.0,0.0,0.0,0.0,0.0,0.0,0.0,0.0,0.0,0.0,0.0,0.0,0.0,0.0,0.0,0.0,0.0,0.0,0.0,0.0,0.0,0.0,0.0,0.0,0.0
WORLD,World,Climate Watch,Total excluding LUCF,All GHG,MtCO₂e,49510.08,49011.34,46873.87,48794.24,48698.76,47755.3,46985.01,46867.74,47013.3,46720.02,46045.58,45585.36,44348.99,42202.74,42685.02,42376.46,41072.68,39969.01,38725.94,37255.09,35944.41,35492.21,35117.29,34285.39,34103.0,33912.63,33522.0,32935.6,32130.04,31867.78,31682.59,31733.27,31555.25
WORLD,World,Climate Watch,Total including LUCF,All GHG,MtCO₂e,50809.05,50356.43,48271.97,50603.57,50226.78,49115.57,48391.19,47803.99,47914.39,47264.31,46642.9,46150.17,45999.53,44176.85,44256.51,44004.27,43239.65,41765.09,40808.89,38959.72,37961.96,36979.99,36913.53,36237.04,36252.91,36750.4,35360.41,34975.22,34164.05,33902.13,33716.5,33767.18,33589.16
WORLD,World,Climate Watch,Energy,All GHG,MtCO₂e,38373.71,37855.15,35881.91,37999.62,38025.86,37194.35,36639.5,36681.62,36842.75,36742.27,36140.5,35808.72,34825.14,32894.9,33430.72,33186.19,32102.99,31201.46,30107.63,28838.75,27623.94,27293.14,26925.46,26138.44,26015.73,25859.13,25431.97,24913.04,24243.79,24147.35,24007.05,24123.1,23963.99
WORLD,World,Climate Watch,Industrial Processes,All GHG,MtCO₂e,3158.0,3193.93,3093.44,3023.47,2918.25,2814.58,2712.69,2618.6,2659.48,2567.17,2454.92,2370.31,2231.88,2090.58,2046.52,2007.03,1875.68,1750.16,1637.84,1536.85,1439.84,1380.86,1357.2,1314.17,1312.48,1326.49,1285.93,1250.57,1174.5,1122.04,1112.98,1099.86,1093.42
WORLD,World,Climate Watch,Agriculture,All GHG,MtCO₂e,6078.0,6075.04,6029.36,5921.64,5931.48,5952.04,5869.46,5829.84,5808.45,5755.78,5813.95,5791.47,5661.78,5604.13,5606.62,5597.14,5519.71,5458.91,5419.12,5310.52,5314.2,5255.67,5251.08,5254.0,5196.22,5142.02,5216.28,5188.54,5136.36,5091.79,5123.32,5141.22,5154.61
WORLD,World,Climate Watch,Waste,All GHG,MtCO₂e,1900.36,1887.22,1869.16,1849.51,1823.17,1794.33,1763.36,1737.69,1702.62,1654.8,1636.22,1614.86,1630.19,1613.14,1601.17,1586.1,1574.3,1558.48,1561.36,1568.96,1566.42,1562.53,1583.55,1578.79,1578.57,1584.99,1587.82,1583.45,1575.39,1506.61,1439.25,1369.08,1343.22
WORLD,World,Climate Watch,Land-Use Change and Forestry,All GHG,MtCO₂e,1298.98,1345.09,1398.1,1809.33,1528.03,1360.26,1406.17,936.25,901.09,544.28,597.32,564.81,1650.54,1974.11,1571.48,1627.8,2166.97,1796.08,2082.95,1704.63,2017.55,1487.78,1796.24,1951.65,2149.91,2837.77,1838.41,2039.62,2034.02,2034.35,2033.92,2033.92,2033.92
WORLD,World,Climate Watch,Bunker Fuels,All GHG,MtCO₂e,1140.63,992.43,939.68,1329.27,1337.17,1308.19,1251.22,1207.1,1153.85,1118.1,1112.13,1155.49,1141.06,1068.5,1122.96,1114.67,1063.22,1010.26,964.46,878.22,872.34,833.45,866.06,840.85,798.88,774.32,748.57,727.93,701.56,675.26,682.98,645.29,637.43
WORLD,World,Climate Watch,Electricity/Heat,All GHG,MtCO₂e,16682.7,16442.17,15317.98,15837.76,15895.99,15475.31,15129.08,15121.66,15387.94,15443.87,15149.35,14852.79,14232.24,13326.11,13540.99,13514.16,12950.94,12447.35,12072.54,11687.35,11068.73,10883.18,10624.87,10223.14,10160.63,9933.87,9659.43,9293.44,9102.47,9000.98,8950.67,8793.49,8650.67
WORLD,World,Climate Watch,Building,All GHG,MtCO₂e,3252.08,3314.36,3273.91,3325.55,3371.43,3341.96,3272.26,3247.44,3225.66,3278.65,3171.43,3239.81,3301.52,3250.84,3307.26,3249.72,3264.95,3294.84,3295.9,3255.64,3168.61,3166.91,3151.18,3171.31,3097.6,3251.54,3268.15,3203.59,3123.83,3209.29,3139.12,3247.07,3217.21
WORLD,World,Climate Watch,Manufacturing/Construction,All GHG,MtCO₂e,6303.01,6348.27,6201.76,6247.16,6206.22,6079.41,6158.13,6315.91,6432.65,6364.13,6362.01,6338.48,6109.11,5548.02,5558.58,5451.15,5170.74,4935.05,4513.74,4085.32,3892.74,3880.96,3858.96,3703.15,3860.41,3862.34,3838.25,3955.91,3731.98,3718.58,3770.15,3899.47,3978.0
WORLD,World,Climate Watch,Transportation,All GHG,MtCO₂e,8139.07,7841.35,7272.04,8485.14,8465.83,8269.61,8073.29,7917.71,7679.72,7553.88,7363.37,7303.49,7187.01,6893.12,7033.87,7027.94,6814.88,6659.44,6514.91,6226.85,6098.88,5943.14,5912.74,5730.69,5566.41,5439.97,5361.85,5151.9,5014.51,4916.26,4873.33,4765.31,4726.93
WORLD,World,Climate Watch,Other Fuel Combustion,All GHG,MtCO₂e,604.34,589.1,589.52,602.06,627.31,643.28,637.85,639.08,640.25,644.9,632.44,621.2,625.83,612.8,652.08,630.76,628.62,618.72,593.2,558.09,538.51,536.6,524.39,582.55,573.38,596.92,548.24,621.22,669.94,699.79,687.69,772.27,771.55
WORLD,World,Climate Watch,Fugitive Emissions,All GHG,MtCO₂e,3392.51,3319.92,3226.69,3501.95,3459.08,3384.77,3368.9,3439.81,3476.53,3456.84,3461.9,3452.95,3369.42,3264.01,3337.94,3312.45,3272.87,3246.07,3117.34,3025.5,2856.46,2882.35,2853.32,2727.6,2757.3,2774.5,2756.04,2686.98,2601.07,2602.46,2586.09,2645.49,2619.63
WSM,Samoa,Climate Watch,Total excluding LUCF,All GHG,MtCO₂e,0.42,0.43,0.4,0.44,0.43,0.46,0.46,0.47,0.43,0.42,0.41,0.41,0.39,0.36,0.34,0.36,0.36,0.36,0.36,0.35,0.35,0.34,0.31,0.3,0.3,0.28,0.29,0.27,0.26,0.27,0.26,0.26,0.25
WSM,Samoa,Climate Watch,Total including LUCF,All GHG,MtCO₂e,0.52,0.54,0.5,0.55,0.54,0.57,0.57,0.58,0.54,0.53,0.52,0.52,0.5,0.47,0.45,0.47,0.47,0.47,0.46,0.46,0.45,0.45,0.42,0.41,0.42,0.39,0.4,0.38,0.37,0.38,0.36,0.36,0.35
WSM,Samoa,Climate Watch,Energy,All GHG,MtCO₂e,0.24,0.25,0.25,0.28,0.25,0.26,0.25,0.23,0.21,0.2,0.2,0.2,0.19,0.18,0.17,0.19,0.18,0.18,0.18,0.17,0.17,0.16,0.15,0.15,0.15,0.13,0.13,0.12,0.1,0.11,0.1,0.1,0.09
WSM,Samoa,Climate Watch,Industrial Processes,All GHG,MtCO₂e,0.02,0.02,0.02,0.02,0.01,0.01,0.01,0.01,0.01,0.01,0.01,0.01,0.01,0.01,0.01,0.01,0.0,0.0,0.0,0.0,0.0,0.0,0.0,0.0,0.0,0.0,0.0,0.0,0.0,0.0,0.0,0.0,0.0
WSM,Samoa,Climate Watch,Agriculture,All GHG,MtCO₂e,0.16,0.16,0.13,0.14,0.17,0.19,0.2,0.23,0.21,0.21,0.21,0.2,0.19,0.17,0.17,0.17,0.18,0.18,0.18,0.18,0.17,0.17,0.16,0.16,0.16,0.15,0.15,0.15,0.16,0.15,0.15,0.16,0.16
WSM,Samoa,Climate Watch,Waste,All GHG,MtCO₂e,0.0,0.0,0.0,0.0,0.0,0.0,0.0,0.0,0.0,0.0,0.0,0.0,0.0,0.0,0.0,0.0,0.0,0.0,0.0,0.0,0.0,0.0,0.0,0.0,0.0,0.0,0.0,0.0,0.0,0.0,0.0,0.0,0.0
WSM,Samoa,Climate Watch,Land-Use Change and Forestry,All GHG,MtCO₂e,0.11,0.11,0.11,0.11,0.11,0.11,0.11,0.11,0.11,0.11,0.11,0.12,0.11,0.11,0.11,0.11,0.11,0.11,0.11,0.11,0.11,0.11,0.11,0.11,0.11,0.11,0.11,0.11,0.11,0.11,0.11,0.11,0.11
WSM,Samoa,Climate Watch,Bunker Fuels,All GHG,MtCO₂e,0.02,0.02,0.02,0.04,0.04,0.04,0.04,0.04,0.04,0.03,0.04,0.03,0.04,0.04,0.04,0.04,0.03,0.03,0.03,0.03,0.03,0.03,0.03,0.02,0.02,0.02,0.02,0.02,0.02,0.02,0.02,0.02,0.02
WSM,Samoa,Climate Watch,Electricity/Heat,All GHG,MtCO₂e,0.06,0.06,0.07,0.07,0.06,0.07,0.07,0.06,0.06,0.06,0.05,0.06,0.05,0.05,0.05,0.05,0.05,0.05,0.04,0.04,0.04,0.04,0.04,0.03,0.04,0.02,0.03,0.02,0.01,0.02,0.02,0.02,0.02
WSM,Samoa,Climate Watch,Building,All GHG,MtCO₂e,0.02,0.02,0.02,0.02,0.02,0.02,0.02,0.02,0.01,0.01,0.01,0.01,0.01,0.0,0.01,0.01,0.01,0.01,0.01,0.01,0.01,0.01,0.0,0.0,0.0,0.0,0.0,0.0,0.0,0.0,0.0,0.0,0.0
WSM,Samoa,Climate Watch,Manufacturing/Construction,All GHG,MtCO₂e,0.01,0.02,0.02,0.02,0.02,0.02,0.02,0.02,0.02,0.02,0.02,0.02,0.02,0.01,0.02,0.02,0.02,0.02,0.02,0.02,0.02,0.02,0.02,0.02,0.02,0.02,0.02,0.02,0.02,0.02,0.02,0.02,0.02
WSM,Samoa,Climate Watch,Transportation,All GHG,MtCO₂e,0.14,0.14,0.14,0.17,0.15,0.14,0.14,0.13,0.11,0.11,0.11,0.11,0.11,0.11,0.1,0.11,0.1,0.11,0.1,0.1,0.1,0.09,0.09,0.09,0.09,0.08,0.08,0.08,0.07,0.07,0.06,0.05,0.05
WSM,Samoa,Climate Watch,Other Fuel Combustion,All GHG,MtCO₂e,0.0,0.0,0.0,0.0,0.0,0.0,0.0,0.0,0.0,0.0,0.0,0.0,0.0,N/A,N/A,N/A,N/A,N/A,N/A,N/A,N/A,N/A,N/A,N/A,N/A,N/A,N/A,N/A,N/A,N/A,N/A,N/A,N/A
WSM,Samoa,Climate Watch,Fugitive Emissions,All GHG,MtCO₂e,0.0,0.0,0.0,0.0,0.0,0.0,0.0,0.0,0.0,0.0,0.0,0.0,0.0,0.0,0.0,0.0,0.0,0.0,0.0,0.0,0.0,0.0,0.0,0.0,0.0,0.0,0.0,0.0,0.0,0.0,0.0,0.0,0.0
YEM,Yemen,Climate Watch,Total excluding LUCF,All GHG,MtCO₂e,29.14,30.04,30.08,31.04,29.38,25.54,23.86,30.04,57.17,61.61,51.92,58.53,67.65,66.71,64.52,66.22,68.3,69.41,67.18,68.0,64.97,64.85,63.21,57.5,53.4,51.67,48.96,48.22,46.54,34.69,30.96,30.76,28.84
YEM,Yemen,Climate Watch,Total including LUCF,All GHG,MtCO₂e,29.14,30.04,30.08,31.04,29.38,25.54,23.86,30.04,57.17,61.61,51.92,58.53,67.65,66.71,64.52,66.22,68.3,69.41,67.18,68.0,64.97,64.85,63.21,57.5,53.4,51.67,48.96,48.22,46.54,34.69,30.96,30.76,28.84
YEM,Yemen,Climate Watch,Energy,All GHG,MtCO₂e,15.16,16.36,16.9,18.03,17.47,13.27,11.87,17.58,44.3,48.91,39.72,46.45,56.1,55.36,53.43,55.56,58.25,59.62,57.51,58.59,56.26,56.29,55.09,49.63,45.87,44.48,42.27,41.77,40.45,28.71,25.22,25.27,23.11
YEM,Yemen,Climate Watch,Industrial Processes,All GHG,MtCO₂e,1.44,1.29,1.17,1.21,1.17,1.14,0.9,1.31,1.57,1.6,1.39,1.4,1.0,1.09,1.07,0.9,0.78,0.8,0.8,0.79,0.8,0.76,0.72,0.74,0.61,0.62,0.52,0.54,0.4,0.4,0.4,0.43,0.42
YEM,Yemen,Climate Watch,Agriculture,All GHG,MtCO₂e,8.86,8.81,8.54,8.44,7.51,7.99,8.07,8.22,8.45,8.35,8.14,8.05,7.95,7.77,7.62,7.46,7.07,6.88,6.87,6.72,6.11,6.08,5.79,5.62,5.51,5.27,4.99,4.83,4.76,4.79,4.71,4.61,4.88
YEM,Yemen,Climate Watch,Waste,All GHG,MtCO₂e,3.67,3.57,3.47,3.36,3.24,3.13,3.03,2.93,2.85,2.76,2.67,2.63,2.59,2.49,2.39,2.3,2.2,2.1,2.01,1.91,1.81,1.71,1.62,1.51,1.4,1.29,1.18,1.08,0.93,0.77,0.62,0.45,0.44
YEM,Yemen,Climate Watch,Land-Use Change and Forestry,All GHG,MtCO₂e,0.0,0.0,0.0,0.0,0.0,0.0,0.0,0.0,0.0,0.0,0.0,0.0,0.0,0.0,0.0,0.0,0.0,0.0,0.0,0.0,0.0,0.0,0.0,0.0,0.0,0.0,0.0,0.0,0.0,0.0,0.0,0.0,0.0
YEM,Yemen,Climate Watch,Bunker Fuels,All GHG,MtCO₂e,0.31,0.3,0.3,0.33,0.33,0.32,0.34,0.4,0.72,0.83,0.6,0.66,0.9,0.91,0.83,0.86,0.8,0.79,0.74,0.68,0.7,0.62,0.69,0.52,0.6,0.6,0.58,0.6,0.6,0.62,1.45,1.19,1.44
YEM,Yemen,Climate Watch,Electricity/Heat,All GHG,MtCO₂e,1.93,1.83,2.07,2.5,2.67,2.64,3.6,4.6,7.52,8.39,7.36,7.31,8.12,7.81,6.79,6.55,5.72,5.43,5.12,4.72,4.51,4.67,4.38,4.06,3.34,3.08,2.8,2.68,2.37,2.18,2.3,2.12,1.6
YEM,Yemen,Climate Watch,Building,All GHG,MtCO₂e,2.33,2.3,2.32,2.52,2.52,1.77,1.78,2.35,4.0,3.62,2.53,2.59,3.32,3.54,2.26,2.18,2.11,2.09,2.06,2.08,1.97,1.74,1.63,1.51,1.68,1.65,1.52,1.43,1.36,1.22,1.11,0.9,0.69
YEM,Yemen,Climate Watch,Manufacturing/Construction,All GHG,MtCO₂e,1.09,1.09,1.11,1.29,1.28,0.84,0.9,1.23,3.4,3.43,2.28,2.63,3.04,3.1,3.22,2.9,2.63,2.7,2.53,2.39,1.49,1.27,1.14,0.98,0.84,0.72,0.62,0.53,N/A,N/A,N/A,N/A,N/A
YEM,Yemen,Climate Watch,Transportation,All GHG,MtCO₂e,2.78,2.76,2.8,3.17,3.13,2.51,2.67,3.22,8.6,8.52,5.63,6.84,7.34,8.36,5.2,4.87,5.33,5.73,5.38,5.18,4.37,4.98,4.52,4.64,4.2,3.89,3.88,4.08,4.56,4.52,5.54,5.26,4.12
YEM,Yemen,Climate Watch,Other Fuel Combustion,All GHG,MtCO₂e,0.2,0.2,0.21,0.26,0.26,0.07,0.08,0.19,0.97,0.97,0.52,0.67,0.82,0.94,4.01,3.71,3.32,3.11,2.97,2.67,2.4,2.04,1.84,1.58,1.35,1.16,1.0,0.86,N/A,N/A,N/A,N/A,N/A
YEM,Yemen,Climate Watch,Fugitive Emissions,All GHG,MtCO₂e,6.83,8.17,8.39,8.29,7.61,5.43,2.84,5.98,19.82,23.97,21.4,26.41,33.47,31.61,31.94,35.34,39.14,40.57,39.45,41.55,41.52,41.59,41.58,36.87,34.46,33.98,32.45,32.18,32.16,20.79,16.27,16.98,16.69
ZAF,South Africa,Climate Watch,Total excluding LUCF,All GHG,MtCO₂e,492.42,510.79,518.19,541.16,535.93,531.82,519.44,522.48,548.38,536.43,524.95,504.05,542.4,519.52,542.25,510.93,489.79,487.36,488.05,458.6,436.02,419.95,388.31,388.76,409.11,401.95,384.72,372.33,358.79,352.0,341.16,345.03,349.0
ZAF,South Africa,Climate Watch,Total including LUCF,All GHG,MtCO₂e,499.16,517.59,525.06,548.06,543.12,538.71,526.26,529.01,555.04,543.02,531.54,510.63,549.13,526.18,549.03,517.89,496.43,494.28,494.66,465.39,442.61,426.53,395.36,397.06,418.31,409.97,392.73,379.18,365.63,358.84,348.01,351.87,355.84
ZAF,South Africa,Climate Watch,Energy,All GHG,MtCO₂e,442.73,459.5,470.48,493.77,488.29,484.44,473.89,476.39,501.69,489.86,477.65,457.36,474.16,451.94,475.83,444.85,426.47,424.42,427.24,398.94,374.15,364.28,329.44,328.25,346.88,338.94,321.79,312.04,298.19,291.2,280.56,283.99,288.42
ZAF,South Africa,Climate Watch,Industrial Processes,All GHG,MtCO₂e,14.86,14.66,13.43,13.29,12.8,12.31,12.01,11.2,10.71,10.55,10.29,10.27,11.48,11.89,11.74,12.76,11.87,11.25,11.1,10.18,11.24,9.58,10.42,10.94,11.29,11.69,10.97,8.62,7.65,7.5,7.33,7.56,7.69
ZAF,South Africa,Climate Watch,Agriculture,All GHG,MtCO₂e,30.62,32.35,30.04,29.93,30.74,31.03,29.62,30.98,32.12,32.18,33.19,32.63,32.86,32.78,32.76,32.34,31.39,32.53,31.42,32.05,34.04,32.73,33.5,33.53,33.81,33.09,32.64,31.25,31.44,32.19,32.56,33.17,32.97
ZAF,South Africa,Climate Watch,Waste,All GHG,MtCO₂e,4.21,4.27,4.25,4.17,4.11,4.05,3.91,3.91,3.86,3.83,3.81,3.79,23.9,22.91,21.91,20.99,20.07,19.16,18.28,17.43,16.59,13.35,14.95,16.04,17.13,18.23,19.32,20.42,21.51,21.11,20.71,20.31,19.91
ZAF,South Africa,Climate Watch,Land-Use Change and Forestry,All GHG,MtCO₂e,6.74,6.8,6.87,6.9,7.19,6.89,6.82,6.53,6.66,6.59,6.59,6.58,6.73,6.66,6.78,6.97,6.64,6.92,6.62,6.79,6.59,6.58,7.05,8.3,9.2,8.02,8.01,6.85,6.85,6.85,6.85,6.85,6.85
ZAF,South Africa,Climate Watch,Bunker Fuels,All GHG,MtCO₂e,9.56,9.13,10.93,13.96,14.34,14.61,13.91,15.28,14.9,14.85,14.74,14.66,14.21,11.47,12.63,11.03,10.67,10.89,9.98,11.11,10.74,11.52,11.52,13.31,12.1,10.38,12.35,12.12,10.07,9.32,9.91,7.78,7.19
ZAF,South Africa,Climate Watch,Electricity/Heat,All GHG,MtCO₂e,278.95,294.54,304.6,313.18,292.81,285.76,292.0,289.1,308.2,296.71,297.22,288.96,303.87,257.59,294.75,266.79,253.51,252.13,262.35,246.78,231.58,228.34,192.79,185.24,195.27,188.18,178.22,170.23,162.13,158.22,148.34,146.02,146.48
ZAF,South Africa,Climate Watch,Building,All GHG,MtCO₂e,17.67,17.89,17.89,19.29,27.87,37.15,23.56,26.02,29.23,28.92,27.73,18.47,15.96,34.51,35.78,33.23,27.16,24.42,22.77,20.38,18.51,15.44,11.69,17.38,18.52,19.02,18.57,19.93,21.53,22.38,18.85,18.87,18.23
ZAF,South Africa,Climate Watch,Manufacturing/Construction,All GHG,MtCO₂e,46.08,46.92,49.45,52.05,54.67,46.47,49.51,49.64,53.79,52.04,45.96,44.89,51.88,61.61,44.28,43.13,49.57,53.45,49.53,42.52,40.23,36.9,40.96,41.18,47.96,45.42,41.69,37.51,36.67,35.71,43.24,49.19,54.52
ZAF,South Africa,Climate Watch,Transportation,All GHG,MtCO₂e,48.9,49.14,44.74,52.37,55.57,56.76,52.62,54.86,52.43,54.95,50.04,49.98,47.65,46.2,48.21,49.95,45.46,44.29,42.34,40.02,37.8,36.99,36.16,36.36,35.88,36.22,35.29,36.19,32.24,31.1,30.87,30.37,30.33
ZAF,South Africa,Climate Watch,Other Fuel Combustion,All GHG,MtCO₂e,7.22,7.29,6.57,7.28,7.95,8.91,6.86,7.5,8.08,7.94,7.54,6.88,6.03,4.81,4.89,4.51,4.17,3.61,3.92,3.97,3.95,3.87,3.71,4.07,4.49,5.26,5.67,5.72,5.17,4.84,3.1,3.14,3.06
ZAF,South Africa,Climate Watch,Fugitive Emissions,All GHG,MtCO₂e,43.9,43.71,47.23,49.6,49.43,49.38,49.34,49.27,49.96,49.3,49.16,48.18,48.77,47.23,47.92,47.24,46.6,46.52,46.33,45.27,42.08,42.74,44.13,44.02,44.76,44.85,42.35,42.46,40.44,38.94,36.17,36.39,35.81
ZMB,Zambia,Climate Watch,Total excluding LUCF,All GHG,MtCO₂e,47.91,44.24,43.52,43.48,42.0,40.58,39.94,39.6,38.5,38.12,36.88,33.11,33.56,31.09,32.0,31.2,30.5,32.49,30.94,30.95,28.77,26.15,25.6,26.22,27.79,25.94,25.0,26.51,26.59,27.17,27.48,27.17,26.77
ZMB,Zambia,Climate Watch,Total including LUCF,All GHG,MtCO₂e,99.02,96.55,99.06,102.63,101.36,102.13,100.75,101.59,95.64,95.46,95.29,92.03,76.81,67.51,71.11,67.08,64.55,71.72,70.21,68.28,59.5,56.86,48.4,51.92,53.42,52.07,51.46,63.38,63.46,64.03,64.35,64.04,63.64
ZMB,Zambia,Climate Watch,Energy,All GHG,MtCO₂e,15.08,13.81,13.6,13.05,12.87,11.88,10.11,9.71,9.14,8.29,7.91,7.15,6.78,6.52,6.24,5.64,5.76,5.82,5.56,5.46,5.26,5.09,4.91,4.81,5.1,5.13,4.55,4.89,4.83,5.11,5.39,5.34,5.11
ZMB,Zambia,Climate Watch,Industrial Processes,All GHG,MtCO₂e,1.25,1.41,1.42,1.28,1.36,1.13,1.03,0.93,0.96,0.92,0.81,0.65,0.61,0.51,0.38,0.36,0.36,0.31,0.28,0.26,0.2,0.19,0.24,0.21,0.23,0.24,0.23,0.21,0.2,0.24,0.24,0.24,0.27
ZMB,Zambia,Climate Watch,Agriculture,All GHG,MtCO₂e,24.94,22.59,22.28,23.13,21.95,21.94,23.36,23.71,23.34,24.04,23.47,20.8,21.84,19.91,21.4,21.38,20.73,22.86,21.76,22.03,20.25,17.96,17.68,18.56,19.96,18.2,18.0,19.32,19.6,20.02,20.21,20.1,19.94
ZMB,Zambia,Climate Watch,Waste,All GHG,MtCO₂e,6.64,6.43,6.22,6.02,5.82,5.63,5.44,5.24,5.06,4.87,4.69,4.51,4.33,4.15,3.98,3.81,3.65,3.5,3.35,3.2,3.05,2.91,2.77,2.64,2.5,2.37,2.23,2.09,1.95,1.8,1.65,1.49,1.46
ZMB,Zambia,Climate Watch,Land-Use Change and Forestry,All GHG,MtCO₂e,51.11,52.31,55.54,59.15,59.36,61.55,60.81,61.99,57.14,57.33,58.41,58.92,43.25,36.42,39.11,35.88,34.05,39.24,39.26,37.33,30.73,30.72,22.8,25.69,25.63,26.13,26.45,36.87,36.87,36.87,36.87,36.87,36.87
ZMB,Zambia,Climate Watch,Bunker Fuels,All GHG,MtCO₂e,0.1,0.07,0.05,0.09,0.08,0.08,0.04,0.06,0.06,0.15,0.15,0.1,0.09,0.09,0.12,0.1,0.18,0.17,0.16,0.15,0.14,0.14,0.13,0.11,0.09,0.08,0.09,0.1,0.11,0.11,0.12,0.11,0.2
ZMB,Zambia,Climate Watch,Electricity/Heat,All GHG,MtCO₂e,3.15,2.01,3.06,2.95,3.41,2.34,0.77,0.34,0.31,0.07,0.07,0.07,0.06,0.06,0.05,0.05,0.08,0.1,0.1,0.1,0.1,0.09,0.08,0.09,0.16,0.15,0.11,0.13,0.14,0.16,0.16,0.16,0.16
ZMB,Zambia,Climate Watch,Building,All GHG,MtCO₂e,5.71,5.55,5.47,5.34,5.27,5.11,4.99,4.88,4.78,4.71,4.54,4.41,4.29,4.16,4.03,3.89,3.8,3.78,3.69,3.59,3.51,3.42,3.33,3.22,3.15,3.11,2.96,2.96,2.88,2.83,2.79,2.73,2.69
ZMB,Zambia,Climate Watch,Manufacturing/Construction,All GHG,MtCO₂e,3.04,3.16,2.6,2.44,1.87,2.13,1.92,2.06,1.95,1.58,1.5,1.18,1.05,1.02,0.99,0.67,0.71,0.86,0.77,0.82,0.77,0.73,0.69,0.75,1.01,1.06,0.71,0.83,0.92,1.38,1.41,1.4,1.34
ZMB,Zambia,Climate Watch,Transportation,All GHG,MtCO₂e,2.55,2.58,1.94,1.89,1.89,1.91,2.13,2.16,1.93,1.71,1.65,1.38,1.26,1.17,1.01,0.93,1.05,1.02,0.95,0.89,0.83,0.79,0.76,0.69,0.72,0.75,0.65,0.83,0.84,0.68,0.96,1.0,0.8
ZMB,Zambia,Climate Watch,Other Fuel Combustion,All GHG,MtCO₂e,0.62,0.48,0.5,0.41,0.41,0.38,0.28,0.27,0.18,0.24,0.14,0.12,0.12,0.11,0.15,0.1,0.12,0.05,0.04,0.05,0.05,0.05,0.05,0.05,0.05,0.05,0.12,0.14,0.05,0.05,0.06,0.05,0.12
ZMB,Zambia,Climate Watch,Fugitive Emissions,All GHG,MtCO₂e,0.01,0.02,0.02,0.02,0.02,0.01,0.01,0.0,0.0,0.0,0.0,0.0,0.0,0.0,0.0,0.0,0.0,0.0,0.0,0.0,0.0,0.0,0.0,0.0,0.0,0.0,0.0,0.0,0.0,0.0,0.0,0.0,0.0
ZWE,Zimbabwe,Climate Watch,Total excluding LUCF,All GHG,MtCO₂e,27.72,25.9,24.16,26.83,27.99,26.36,26.58,28.95,27.42,29.21,29.68,33.57,27.29,24.4,23.64,25.47,24.97,26.31,25.97,26.1,28.74,32.22,31.51,37.84,35.24,33.91,34.9,32.81,32.91,33.43,36.88,35.8,35.5
ZWE,Zimbabwe,Climate Watch,Total including LUCF,All GHG,MtCO₂e,114.97,113.09,111.37,114.16,115.37,113.65,113.97,40.6,38.93,40.81,41.32,45.12,38.57,35.53,34.82,36.67,36.05,37.4,37.01,37.1,39.73,43.3,41.93,48.55,46.11,44.72,45.52,43.41,43.51,44.02,47.47,46.39,46.09
ZWE,Zimbabwe,Climate Watch,Energy,All GHG,MtCO₂e,13.65,12.5,11.46,13.4,14.31,12.97,13.55,14.84,14.8,14.82,14.68,17.96,12.18,10.24,10.49,12.6,12.45,13.13,12.42,13.01,15.17,16.43,16.5,22.29,20.28,19.85,20.81,21.28,21.58,22.62,24.0,23.73,21.93
ZWE,Zimbabwe,Climate Watch,Industrial Processes,All GHG,MtCO₂e,1.27,1.38,1.29,1.21,1.23,1.08,1.02,1.08,0.98,0.93,1.02,0.83,0.75,0.66,0.52,0.52,0.61,0.55,0.5,0.45,0.51,0.58,0.65,0.66,0.68,0.69,0.64,0.61,0.69,0.65,0.59,0.62,0.55
ZWE,Zimbabwe,Climate Watch,Agriculture,All GHG,MtCO₂e,11.33,10.59,10.01,10.86,11.13,11.02,10.76,11.81,10.45,12.29,12.84,13.66,13.28,12.45,11.61,11.39,10.97,11.52,11.76,11.18,11.42,13.39,12.37,13.11,12.69,11.98,12.26,9.94,9.87,9.54,11.84,11.18,12.73
ZWE,Zimbabwe,Climate Watch,Waste,All GHG,MtCO₂e,1.47,1.43,1.39,1.36,1.32,1.29,1.26,1.22,1.19,1.17,1.14,1.11,1.08,1.05,1.01,0.97,0.94,1.12,1.29,1.47,1.64,1.82,1.99,1.79,1.59,1.39,1.19,0.98,0.78,0.62,0.45,0.28,0.28
ZWE,Zimbabwe,Climate Watch,Land-Use Change and Forestry,All GHG,MtCO₂e,87.25,87.18,87.21,87.33,87.38,87.29,87.39,11.65,11.51,11.59,11.64,11.55,11.28,11.12,11.18,11.2,11.08,11.09,11.04,11.0,10.98,11.08,10.42,10.71,10.87,10.81,10.62,10.59,10.59,10.59,10.59,10.59,10.59
ZWE,Zimbabwe,Climate Watch,Bunker Fuels,All GHG,MtCO₂e,0.19,0.12,0.06,0.16,0.16,0.13,0.11,0.06,0.03,0.03,0.03,0.03,0.03,0.02,0.02,0.03,0.03,0.03,0.03,0.11,0.2,0.28,0.36,0.29,0.38,0.38,0.38,0.35,0.31,0.23,0.25,0.45,0.25
ZWE,Zimbabwe,Climate Watch,Electricity/Heat,All GHG,MtCO₂e,4.3,4.13,3.86,5.02,5.43,5.12,6.06,6.88,6.89,6.83,5.61,9.0,4.37,2.79,2.73,3.44,3.93,6.08,5.75,4.7,6.38,6.95,5.38,5.98,6.23,5.99,6.71,7.49,8.55,8.09,8.86,8.76,7.01
ZWE,Zimbabwe,Climate Watch,Building,All GHG,MtCO₂e,4.05,4.43,3.71,3.6,3.7,3.71,3.61,3.05,2.65,2.57,2.71,2.89,2.96,3.11,2.96,3.01,2.84,2.48,2.42,2.65,2.59,2.65,2.91,6.46,6.1,6.11,6.03,6.07,5.94,6.02,5.94,5.94,5.82
ZWE,Zimbabwe,Climate Watch,Manufacturing/Construction,All GHG,MtCO₂e,2.05,1.47,1.42,1.63,1.56,1.26,1.26,1.11,1.06,1.03,1.94,1.48,1.23,0.63,1.4,2.29,2.09,1.61,1.54,2.04,2.23,2.46,2.94,3.12,2.41,2.3,2.52,2.65,2.41,3.9,4.64,5.02,4.78
ZWE,Zimbabwe,Climate Watch,Transportation,All GHG,MtCO₂e,2.32,1.64,1.57,2.31,2.71,2.07,1.9,2.41,2.62,2.92,2.62,2.31,1.35,1.13,1.06,1.26,1.31,1.36,1.25,1.43,1.71,1.84,1.98,3.21,2.17,2.19,2.19,2.23,1.8,2.02,2.27,1.63,2.15
ZWE,Zimbabwe,Climate Watch,Other Fuel Combustion,All GHG,MtCO₂e,0.74,0.64,0.74,0.69,0.73,0.65,0.56,1.14,1.23,1.29,1.69,2.14,2.12,2.49,2.21,2.4,2.08,1.32,1.08,1.71,1.69,1.86,2.53,2.81,2.74,2.7,2.86,2.42,2.5,2.24,1.91,2.0,1.8
ZWE,Zimbabwe,Climate Watch,Fugitive Emissions,All GHG,MtCO₂e,0.2,0.19,0.16,0.15,0.19,0.17,0.16,0.25,0.34,0.18,0.09,0.15,0.14,0.1,0.15,0.2,0.2,0.29,0.39,0.48,0.57,0.66,0.76,0.69,0.63,0.56,0.5,0.43,0.37,0.36,0.38,0.38,0.37
